2026-10-03 01:14:13	cycle=1	kernel=107	run=1	lab1	| qwen3 8B Q4_K - Medium         |   4.68 GiB |     8.19 B | Vulkan     |   0 |     512 |             1 | Vulkan0      | off        |           pp512 |         62.97 ± 2.20 |
2026-10-03 01:14:13	cycle=1	kernel=107	run=1	lab2	| qwen3 8B Q4_K - Medium         |   4.68 GiB |     8.19 B | Vulkan     |   0 |     512 |             1 | Vulkan0      | off        |           pp512 |         64.96 ± 2.50 |
2026-10-03 01:14:13	cycle=1	kernel=107	run=1	lab3	| qwen3 8B Q4_K - Medium         |   4.68 GiB |     8.19 B | Vulkan     |   0 |     512 |             1 | Vulkan0      | off        |           pp512 |         62.78 ± 1.07 |
2026-10-03 01:14:13	cycle=1	kernel=107	run=1	lab5	| qwen3 8B Q4_K - Medium         |   4.68 GiB |     8.19 B | Vulkan     |   0 |       4 |     512 |             1 | Vulkan0      | off        |           pp512 |         40.68 ± 5.61 |
2026-10-03 01:16:46	cycle=1	kernel=107	run=2	lab1	| qwen3 8B Q4_K - Medium         |   4.68 GiB |     8.19 B | Vulkan     |   0 |     512 |             1 | Vulkan0      | off        |           pp512 |         62.92 ± 1.51 |
2026-10-03 01:16:46	cycle=1	kernel=107	run=2	lab2	| qwen3 8B Q4_K - Medium         |   4.68 GiB |     8.19 B | Vulkan     |   0 |     512 |             1 | Vulkan0      | off        |           pp512 |         63.38 ± 1.74 |
2026-10-03 01:16:46	cycle=1	kernel=107	run=2	lab3	| qwen3 8B Q4_K - Medium         |   4.68 GiB |     8.19 B | Vulkan     |   0 |     512 |             1 | Vulkan0      | off        |           pp512 |         62.61 ± 1.53 |
2026-10-03 01:16:46	cycle=1	kernel=107	run=2	lab5	| qwen3 8B Q4_K - Medium         |   4.68 GiB |     8.19 B | Vulkan     |   0 |       4 |     512 |             1 | Vulkan0      | off        |           pp512 |         38.04 ± 0.12 |
2026-10-03 01:23:43	cycle=1	kernel=111	run=1	lab1	| qwen3 8B Q4_K - Medium         |   4.68 GiB |     8.19 B | Vulkan     |   0 |     512 |             1 | Vulkan0      | off        |           pp512 |         16.56 ± 0.17 |
2026-10-03 01:23:43	cycle=1	kernel=111	run=1	lab2	| qwen3 8B Q4_K - Medium         |   4.68 GiB |     8.19 B | Vulkan     |   0 |     512 |             1 | Vulkan0      | off        |           pp512 |         16.42 ± 0.06 |
2026-10-03 01:23:43	cycle=1	kernel=111	run=1	lab3	| qwen3 8B Q4_K - Medium         |   4.68 GiB |     8.19 B | Vulkan     |   0 |     512 |             1 | Vulkan0      | off        |           pp512 |         16.46 ± 0.15 |
2026-10-03 01:23:43	cycle=1	kernel=111	run=1	lab5	| qwen3 8B Q4_K - Medium         |   4.68 GiB |     8.19 B | Vulkan     |   0 |       4 |     512 |             1 | Vulkan0      | off        |           pp512 |         20.05 ± 0.19 |
2026-10-03 01:29:33	cycle=1	kernel=111	run=2	lab1	| qwen3 8B Q4_K - Medium         |   4.68 GiB |     8.19 B | Vulkan     |   0 |     512 |             1 | Vulkan0      | off        |           pp512 |         16.53 ± 0.14 |
2026-10-03 01:29:33	cycle=1	kernel=111	run=2	lab2	| qwen3 8B Q4_K - Medium         |   4.68 GiB |     8.19 B | Vulkan     |   0 |     512 |             1 | Vulkan0      | off        |           pp512 |         16.44 ± 0.08 |
2026-10-03 01:29:33	cycle=1	kernel=111	run=2	lab3	| qwen3 8B Q4_K - Medium         |   4.68 GiB |     8.19 B | Vulkan     |   0 |     512 |             1 | Vulkan0      | off        |           pp512 |         16.53 ± 0.13 |
2026-10-03 01:29:33	cycle=1	kernel=111	run=2	lab5	| qwen3 8B Q4_K - Medium         |   4.68 GiB |     8.19 B | Vulkan     |   0 |       4 |     512 |             1 | Vulkan0      | off        |           pp512 |         20.14 ± 0.20 |
2026-10-03 01:33:04	cycle=2	kernel=107	run=1	lab1	| qwen3 8B Q4_K - Medium         |   4.68 GiB |     8.19 B | Vulkan     |   0 |     512 |             1 | Vulkan0      | off        |           pp512 |         62.79 ± 0.83 |
2026-10-03 01:33:04	cycle=2	kernel=107	run=1	lab2	| qwen3 8B Q4_K - Medium         |   4.68 GiB |     8.19 B | Vulkan     |   0 |     512 |             1 | Vulkan0      | off        |           pp512 |         63.98 ± 2.24 |
2026-10-03 01:33:04	cycle=2	kernel=107	run=1	lab3	| qwen3 8B Q4_K - Medium         |   4.68 GiB |     8.19 B | Vulkan     |   0 |     512 |             1 | Vulkan0      | off        |           pp512 |         62.79 ± 1.56 |
2026-10-03 01:33:04	cycle=2	kernel=107	run=1	lab5	| qwen3 8B Q4_K - Medium         |   4.68 GiB |     8.19 B | Vulkan     |   0 |       4 |     512 |             1 | Vulkan0      | off        |           pp512 |         40.89 ± 5.63 |
2026-10-03 01:35:36	cycle=2	kernel=107	run=2	lab1	| qwen3 8B Q4_K - Medium         |   4.68 GiB |     8.19 B | Vulkan     |   0 |     512 |             1 | Vulkan0      | off        |           pp512 |         62.82 ± 1.34 |
2026-10-03 01:35:36	cycle=2	kernel=107	run=2	lab2	| qwen3 8B Q4_K - Medium         |   4.68 GiB |     8.19 B | Vulkan     |   0 |     512 |             1 | Vulkan0      | off        |           pp512 |         61.96 ± 0.29 |
2026-10-03 01:35:36	cycle=2	kernel=107	run=2	lab3	| qwen3 8B Q4_K - Medium         |   4.68 GiB |     8.19 B | Vulkan     |   0 |     512 |             1 | Vulkan0      | off        |           pp512 |         61.89 ± 0.19 |
2026-10-03 01:35:36	cycle=2	kernel=107	run=2	lab5	| qwen3 8B Q4_K - Medium         |   4.68 GiB |     8.19 B | Vulkan     |   0 |       4 |     512 |             1 | Vulkan0      | off        |           pp512 |         38.04 ± 0.26 |
2026-10-03 01:42:31	cycle=2	kernel=111	run=1	lab1	| qwen3 8B Q4_K - Medium         |   4.68 GiB |     8.19 B | Vulkan     |   0 |     512 |             1 | Vulkan0      | off        |           pp512 |         16.49 ± 0.10 |
2026-10-03 01:42:31	cycle=2	kernel=111	run=1	lab2	| qwen3 8B Q4_K - Medium         |   4.68 GiB |     8.19 B | Vulkan     |   0 |     512 |             1 | Vulkan0      | off        |           pp512 |         16.63 ± 0.16 |
2026-10-03 01:42:31	cycle=2	kernel=111	run=1	lab3	| qwen3 8B Q4_K - Medium         |   4.68 GiB |     8.19 B | Vulkan     |   0 |     512 |             1 | Vulkan0      | off        |           pp512 |         16.43 ± 0.07 |
2026-10-03 01:42:31	cycle=2	kernel=111	run=1	lab5	| qwen3 8B Q4_K - Medium         |   4.68 GiB |     8.19 B | Vulkan     |   0 |       4 |     512 |             1 | Vulkan0      | off        |           pp512 |         20.13 ± 0.15 |
2026-10-03 01:48:19	cycle=2	kernel=111	run=2	lab1	| qwen3 8B Q4_K - Medium         |   4.68 GiB |     8.19 B | Vulkan     |   0 |     512 |             1 | Vulkan0      | off        |           pp512 |         16.48 ± 0.12 |
2026-10-03 01:48:19	cycle=2	kernel=111	run=2	lab2	| qwen3 8B Q4_K - Medium         |   4.68 GiB |     8.19 B | Vulkan     |   0 |     512 |             1 | Vulkan0      | off        |           pp512 |         16.40 ± 0.03 |
2026-10-03 01:48:19	cycle=2	kernel=111	run=2	lab3	| qwen3 8B Q4_K - Medium         |   4.68 GiB |     8.19 B | Vulkan     |   0 |     512 |             1 | Vulkan0      | off        |           pp512 |         16.41 ± 0.02 |
2026-10-03 01:48:19	cycle=2	kernel=111	run=2	lab5	| qwen3 8B Q4_K - Medium         |   4.68 GiB |     8.19 B | Vulkan     |   0 |       4 |     512 |             1 | Vulkan0      | off        |           pp512 |         20.04 ± 0.16 |
2026-10-03 01:51:49	cycle=3	kernel=107	run=1	lab1	| qwen3 8B Q4_K - Medium         |   4.68 GiB |     8.19 B | Vulkan     |   0 |     512 |             1 | Vulkan0      | off        |           pp512 |         62.32 ± 0.47 |
2026-10-03 01:51:49	cycle=3	kernel=107	run=1	lab2	| qwen3 8B Q4_K - Medium         |   4.68 GiB |     8.19 B | Vulkan     |   0 |     512 |             1 | Vulkan0      | off        |           pp512 |         62.67 ± 1.66 |
2026-10-03 01:51:49	cycle=3	kernel=107	run=1	lab3	| qwen3 8B Q4_K - Medium         |   4.68 GiB |     8.19 B | Vulkan     |   0 |     512 |             1 | Vulkan0      | off        |           pp512 |         62.76 ± 1.11 |
2026-10-03 01:51:49	cycle=3	kernel=107	run=1	lab5	| qwen3 8B Q4_K - Medium         |   4.68 GiB |     8.19 B | Vulkan     |   0 |       4 |     512 |             1 | Vulkan0      | off        |           pp512 |         40.82 ± 5.74 |
2026-10-03 01:54:21	cycle=3	kernel=107	run=2	lab1	| qwen3 8B Q4_K - Medium         |   4.68 GiB |     8.19 B | Vulkan     |   0 |     512 |             1 | Vulkan0      | off        |           pp512 |         63.89 ± 2.44 |
2026-10-03 01:54:21	cycle=3	kernel=107	run=2	lab2	| qwen3 8B Q4_K - Medium         |   4.68 GiB |     8.19 B | Vulkan     |   0 |     512 |             1 | Vulkan0      | off        |           pp512 |         62.13 ± 0.36 |
2026-10-03 01:54:21	cycle=3	kernel=107	run=2	lab3	| qwen3 8B Q4_K - Medium         |   4.68 GiB |     8.19 B | Vulkan     |   0 |     512 |             1 | Vulkan0      | off        |           pp512 |         62.32 ± 0.48 |
2026-10-03 01:54:21	cycle=3	kernel=107	run=2	lab5	| qwen3 8B Q4_K - Medium         |   4.68 GiB |     8.19 B | Vulkan     |   0 |       4 |     512 |             1 | Vulkan0      | off        |           pp512 |         38.04 ± 0.08 |
2026-10-03 02:01:18	cycle=3	kernel=111	run=1	lab1	| qwen3 8B Q4_K - Medium         |   4.68 GiB |     8.19 B | Vulkan     |   0 |     512 |             1 | Vulkan0      | off        |           pp512 |         16.40 ± 0.02 |
2026-10-03 02:01:18	cycle=3	kernel=111	run=1	lab2	| qwen3 8B Q4_K - Medium         |   4.68 GiB |     8.19 B | Vulkan     |   0 |     512 |             1 | Vulkan0      | off        |           pp512 |         16.40 ± 0.02 |
2026-10-03 02:01:18	cycle=3	kernel=111	run=1	lab3	| qwen3 8B Q4_K - Medium         |   4.68 GiB |     8.19 B | Vulkan     |   0 |     512 |             1 | Vulkan0      | off        |           pp512 |         16.42 ± 0.07 |
2026-10-03 02:01:18	cycle=3	kernel=111	run=1	lab5	| qwen3 8B Q4_K - Medium         |   4.68 GiB |     8.19 B | Vulkan     |   0 |       4 |     512 |             1 | Vulkan0      | off        |           pp512 |         19.91 ± 0.13 |
2026-10-03 02:07:06	cycle=3	kernel=111	run=2	lab1	| qwen3 8B Q4_K - Medium         |   4.68 GiB |     8.19 B | Vulkan     |   0 |     512 |             1 | Vulkan0      | off        |           pp512 |         16.41 ± 0.02 |
2026-10-03 02:07:07	cycle=3	kernel=111	run=2	lab2	| qwen3 8B Q4_K - Medium         |   4.68 GiB |     8.19 B | Vulkan     |   0 |     512 |             1 | Vulkan0      | off        |           pp512 |         16.41 ± 0.04 |
2026-10-03 02:07:07	cycle=3	kernel=111	run=2	lab3	| qwen3 8B Q4_K - Medium         |   4.68 GiB |     8.19 B | Vulkan     |   0 |     512 |             1 | Vulkan0      | off        |           pp512 |         16.45 ± 0.13 |
2026-10-03 02:07:07	cycle=3	kernel=111	run=2	lab5	| qwen3 8B Q4_K - Medium         |   4.68 GiB |     8.19 B | Vulkan     |   0 |       4 |     512 |             1 | Vulkan0      | off        |           pp512 |         20.01 ± 0.12 |
2026-10-03 02:10:36	cycle=4	kernel=107	run=1	lab1	| qwen3 8B Q4_K - Medium         |   4.68 GiB |     8.19 B | Vulkan     |   0 |     512 |             1 | Vulkan0      | off        |           pp512 |         62.98 ± 1.56 |
2026-10-03 02:10:36	cycle=4	kernel=107	run=1	lab2	| qwen3 8B Q4_K - Medium         |   4.68 GiB |     8.19 B | Vulkan     |   0 |     512 |             1 | Vulkan0      | off        |           pp512 |         62.10 ± 0.34 |
2026-10-03 02:10:36	cycle=4	kernel=107	run=1	lab3	| qwen3 8B Q4_K - Medium         |   4.68 GiB |     8.19 B | Vulkan     |   0 |     512 |             1 | Vulkan0      | off        |           pp512 |         63.78 ± 2.63 |
2026-10-03 02:10:36	cycle=4	kernel=107	run=1	lab5	| qwen3 8B Q4_K - Medium         |   4.68 GiB |     8.19 B | Vulkan     |   0 |       4 |     512 |             1 | Vulkan0      | off        |           pp512 |         40.90 ± 5.71 |
2026-10-03 02:13:11	cycle=4	kernel=107	run=2	lab1	| qwen3 8B Q4_K - Medium         |   4.68 GiB |     8.19 B | Vulkan     |   0 |     512 |             1 | Vulkan0      | off        |           pp512 |         62.25 ± 0.35 |
2026-10-03 02:13:11	cycle=4	kernel=107	run=2	lab2	| qwen3 8B Q4_K - Medium         |   4.68 GiB |     8.19 B | Vulkan     |   0 |     512 |             1 | Vulkan0      | off        |           pp512 |         62.86 ± 2.12 |
2026-10-03 02:13:11	cycle=4	kernel=107	run=2	lab3	| qwen3 8B Q4_K - Medium         |   4.68 GiB |     8.19 B | Vulkan     |   0 |     512 |             1 | Vulkan0      | off        |           pp512 |         62.78 ± 1.82 |
2026-10-03 02:13:11	cycle=4	kernel=107	run=2	lab5	| qwen3 8B Q4_K - Medium         |   4.68 GiB |     8.19 B | Vulkan     |   0 |       4 |     512 |             1 | Vulkan0      | off        |           pp512 |         37.98 ± 0.07 |
2026-10-03 02:20:07	cycle=4	kernel=111	run=1	lab1	| qwen3 8B Q4_K - Medium         |   4.68 GiB |     8.19 B | Vulkan     |   0 |     512 |             1 | Vulkan0      | off        |           pp512 |         16.51 ± 0.13 |
2026-10-03 02:20:07	cycle=4	kernel=111	run=1	lab2	| qwen3 8B Q4_K - Medium         |   4.68 GiB |     8.19 B | Vulkan     |   0 |     512 |             1 | Vulkan0      | off        |           pp512 |         16.44 ± 0.04 |
2026-10-03 02:20:07	cycle=4	kernel=111	run=1	lab3	| qwen3 8B Q4_K - Medium         |   4.68 GiB |     8.19 B | Vulkan     |   0 |     512 |             1 | Vulkan0      | off        |           pp512 |         16.41 ± 0.03 |
2026-10-03 02:20:07	cycle=4	kernel=111	run=1	lab5	| qwen3 8B Q4_K - Medium         |   4.68 GiB |     8.19 B | Vulkan     |   0 |       4 |     512 |             1 | Vulkan0      | off        |           pp512 |         20.09 ± 0.17 |
2026-10-03 02:25:54	cycle=4	kernel=111	run=2	lab1	| qwen3 8B Q4_K - Medium         |   4.68 GiB |     8.19 B | Vulkan     |   0 |     512 |             1 | Vulkan0      | off        |           pp512 |         16.52 ± 0.17 |
2026-10-03 02:25:54	cycle=4	kernel=111	run=2	lab2	| qwen3 8B Q4_K - Medium         |   4.68 GiB |     8.19 B | Vulkan     |   0 |     512 |             1 | Vulkan0      | off        |           pp512 |         16.40 ± 0.03 |
2026-10-03 02:25:54	cycle=4	kernel=111	run=2	lab3	| qwen3 8B Q4_K - Medium         |   4.68 GiB |     8.19 B | Vulkan     |   0 |     512 |             1 | Vulkan0      | off        |           pp512 |         16.43 ± 0.05 |
2026-10-03 02:25:54	cycle=4	kernel=111	run=2	lab5	| qwen3 8B Q4_K - Medium         |   4.68 GiB |     8.19 B | Vulkan     |   0 |       4 |     512 |             1 | Vulkan0      | off        |           pp512 |         20.10 ± 0.24 |
2026-10-03 02:29:24	cycle=5	kernel=107	run=1	lab1	| qwen3 8B Q4_K - Medium         |   4.68 GiB |     8.19 B | Vulkan     |   0 |     512 |             1 | Vulkan0      | off        |           pp512 |         62.99 ± 2.00 |
2026-10-03 02:29:24	cycle=5	kernel=107	run=1	lab2	| qwen3 8B Q4_K - Medium         |   4.68 GiB |     8.19 B | Vulkan     |   0 |     512 |             1 | Vulkan0      | off        |           pp512 |         62.78 ± 1.25 |
2026-10-03 02:29:24	cycle=5	kernel=107	run=1	lab3	| qwen3 8B Q4_K - Medium         |   4.68 GiB |     8.19 B | Vulkan     |   0 |     512 |             1 | Vulkan0      | off        |           pp512 |         63.62 ± 1.99 |
2026-10-03 02:29:24	cycle=5	kernel=107	run=1	lab5	| qwen3 8B Q4_K - Medium         |   4.68 GiB |     8.19 B | Vulkan     |   0 |       4 |     512 |             1 | Vulkan0      | off        |           pp512 |         40.92 ± 5.92 |
2026-10-03 02:31:58	cycle=5	kernel=107	run=2	lab1	| qwen3 8B Q4_K - Medium         |   4.68 GiB |     8.19 B | Vulkan     |   0 |     512 |             1 | Vulkan0      | off        |           pp512 |         64.38 ± 2.41 |
2026-10-03 02:31:58	cycle=5	kernel=107	run=2	lab2	| qwen3 8B Q4_K - Medium         |   4.68 GiB |     8.19 B | Vulkan     |   0 |     512 |             1 | Vulkan0      | off        |           pp512 |         63.76 ± 2.43 |
2026-10-03 02:31:58	cycle=5	kernel=107	run=2	lab3	| qwen3 8B Q4_K - Medium         |   4.68 GiB |     8.19 B | Vulkan     |   0 |     512 |             1 | Vulkan0      | off        |           pp512 |         63.27 ± 1.96 |
2026-10-03 02:31:58	cycle=5	kernel=107	run=2	lab5	| qwen3 8B Q4_K - Medium         |   4.68 GiB |     8.19 B | Vulkan     |   0 |       4 |     512 |             1 | Vulkan0      | off        |           pp512 |         38.08 ± 0.15 |
2026-10-03 02:38:54	cycle=5	kernel=111	run=1	lab1	| qwen3 8B Q4_K - Medium         |   4.68 GiB |     8.19 B | Vulkan     |   0 |     512 |             1 | Vulkan0      | off        |           pp512 |         16.50 ± 0.13 |
2026-10-03 02:38:54	cycle=5	kernel=111	run=1	lab2	| qwen3 8B Q4_K - Medium         |   4.68 GiB |     8.19 B | Vulkan     |   0 |     512 |             1 | Vulkan0      | off        |           pp512 |         16.51 ± 0.13 |
2026-10-03 02:38:54	cycle=5	kernel=111	run=1	lab3	| qwen3 8B Q4_K - Medium         |   4.68 GiB |     8.19 B | Vulkan     |   0 |     512 |             1 | Vulkan0      | off        |           pp512 |         16.44 ± 0.06 |
2026-10-03 02:38:54	cycle=5	kernel=111	run=1	lab5	| qwen3 8B Q4_K - Medium         |   4.68 GiB |     8.19 B | Vulkan     |   0 |       4 |     512 |             1 | Vulkan0      | off        |           pp512 |         20.00 ± 0.18 |
2026-10-03 02:44:41	cycle=5	kernel=111	run=2	lab1	| qwen3 8B Q4_K - Medium         |   4.68 GiB |     8.19 B | Vulkan     |   0 |     512 |             1 | Vulkan0      | off        |           pp512 |         16.47 ± 0.12 |
2026-10-03 02:44:41	cycle=5	kernel=111	run=2	lab2	| qwen3 8B Q4_K - Medium         |   4.68 GiB |     8.19 B | Vulkan     |   0 |     512 |             1 | Vulkan0      | off        |           pp512 |         16.42 ± 0.06 |
2026-10-03 02:44:41	cycle=5	kernel=111	run=2	lab3	| qwen3 8B Q4_K - Medium         |   4.68 GiB |     8.19 B | Vulkan     |   0 |     512 |             1 | Vulkan0      | off        |           pp512 |         16.46 ± 0.09 |
2026-10-03 02:44:41	cycle=5	kernel=111	run=2	lab5	| qwen3 8B Q4_K - Medium         |   4.68 GiB |     8.19 B | Vulkan     |   0 |       4 |     512 |             1 | Vulkan0      | off        |           pp512 |         20.04 ± 0.13 |
2026-10-03 02:48:11	cycle=6	kernel=107	run=1	lab1	| qwen3 8B Q4_K - Medium         |   4.68 GiB |     8.19 B | Vulkan     |   0 |     512 |             1 | Vulkan0      | off        |           pp512 |         63.31 ± 2.29 |
2026-10-03 02:48:11	cycle=6	kernel=107	run=1	lab2	| qwen3 8B Q4_K - Medium         |   4.68 GiB |     8.19 B | Vulkan     |   0 |     512 |             1 | Vulkan0      | off        |           pp512 |         62.21 ± 0.52 |
2026-10-03 02:48:11	cycle=6	kernel=107	run=1	lab3	| qwen3 8B Q4_K - Medium         |   4.68 GiB |     8.19 B | Vulkan     |   0 |     512 |             1 | Vulkan0      | off        |           pp512 |         62.30 ± 0.87 |
2026-10-03 02:48:11	cycle=6	kernel=107	run=1	lab5	| qwen3 8B Q4_K - Medium         |   4.68 GiB |     8.19 B | Vulkan     |   0 |       4 |     512 |             1 | Vulkan0      | off        |           pp512 |         40.92 ± 5.71 |
2026-10-03 02:50:44	cycle=6	kernel=107	run=2	lab1	| qwen3 8B Q4_K - Medium         |   4.68 GiB |     8.19 B | Vulkan     |   0 |     512 |             1 | Vulkan0      | off        |           pp512 |         63.30 ± 2.38 |
2026-10-03 02:50:44	cycle=6	kernel=107	run=2	lab2	| qwen3 8B Q4_K - Medium         |   4.68 GiB |     8.19 B | Vulkan     |   0 |     512 |             1 | Vulkan0      | off        |           pp512 |         63.22 ± 2.09 |
2026-10-03 02:50:44	cycle=6	kernel=107	run=2	lab3	| qwen3 8B Q4_K - Medium         |   4.68 GiB |     8.19 B | Vulkan     |   0 |     512 |             1 | Vulkan0      | off        |           pp512 |         63.82 ± 2.25 |
2026-10-03 02:50:44	cycle=6	kernel=107	run=2	lab5	| qwen3 8B Q4_K - Medium         |   4.68 GiB |     8.19 B | Vulkan     |   0 |       4 |     512 |             1 | Vulkan0      | off        |           pp512 |         37.97 ± 0.07 |
2026-10-03 02:57:43	cycle=6	kernel=111	run=1	lab1	| qwen3 8B Q4_K - Medium         |   4.68 GiB |     8.19 B | Vulkan     |   0 |     512 |             1 | Vulkan0      | off        |           pp512 |         16.42 ± 0.03 |
2026-10-03 02:57:43	cycle=6	kernel=111	run=1	lab2	| qwen3 8B Q4_K - Medium         |   4.68 GiB |     8.19 B | Vulkan     |   0 |     512 |             1 | Vulkan0      | off        |           pp512 |         16.38 ± 0.03 |
2026-10-03 02:57:43	cycle=6	kernel=111	run=1	lab3	| qwen3 8B Q4_K - Medium         |   4.68 GiB |     8.19 B | Vulkan     |   0 |     512 |             1 | Vulkan0      | off        |           pp512 |         16.48 ± 0.14 |
2026-10-03 02:57:43	cycle=6	kernel=111	run=1	lab5	| qwen3 8B Q4_K - Medium         |   4.68 GiB |     8.19 B | Vulkan     |   0 |       4 |     512 |             1 | Vulkan0      | off        |           pp512 |         20.02 ± 0.14 |
2026-10-03 03:03:32	cycle=6	kernel=111	run=2	lab1	| qwen3 8B Q4_K - Medium         |   4.68 GiB |     8.19 B | Vulkan     |   0 |     512 |             1 | Vulkan0      | off        |           pp512 |         16.42 ± 0.05 |
2026-10-03 03:03:32	cycle=6	kernel=111	run=2	lab2	| qwen3 8B Q4_K - Medium         |   4.68 GiB |     8.19 B | Vulkan     |   0 |     512 |             1 | Vulkan0      | off        |           pp512 |         16.52 ± 0.12 |
2026-10-03 03:03:32	cycle=6	kernel=111	run=2	lab3	| qwen3 8B Q4_K - Medium         |   4.68 GiB |     8.19 B | Vulkan     |   0 |     512 |             1 | Vulkan0      | off        |           pp512 |         16.40 ± 0.02 |
2026-10-03 03:03:32	cycle=6	kernel=111	run=2	lab5	| qwen3 8B Q4_K - Medium         |   4.68 GiB |     8.19 B | Vulkan     |   0 |       4 |     512 |             1 | Vulkan0      | off        |           pp512 |         20.06 ± 0.17 |
2026-10-03 03:07:02	cycle=7	kernel=107	run=1	lab1	| qwen3 8B Q4_K - Medium         |   4.68 GiB |     8.19 B | Vulkan     |   0 |     512 |             1 | Vulkan0      | off        |           pp512 |         62.31 ± 0.58 |
2026-10-03 03:07:02	cycle=7	kernel=107	run=1	lab2	| qwen3 8B Q4_K - Medium         |   4.68 GiB |     8.19 B | Vulkan     |   0 |     512 |             1 | Vulkan0      | off        |           pp512 |         63.95 ± 2.77 |
2026-10-03 03:07:02	cycle=7	kernel=107	run=1	lab3	| qwen3 8B Q4_K - Medium         |   4.68 GiB |     8.19 B | Vulkan     |   0 |     512 |             1 | Vulkan0      | off        |           pp512 |         61.96 ± 0.18 |
2026-10-03 03:07:02	cycle=7	kernel=107	run=1	lab5	| qwen3 8B Q4_K - Medium         |   4.68 GiB |     8.19 B | Vulkan     |   0 |       4 |     512 |             1 | Vulkan0      | off        |           pp512 |         40.78 ± 5.73 |
2026-10-03 03:09:34	cycle=7	kernel=107	run=2	lab1	| qwen3 8B Q4_K - Medium         |   4.68 GiB |     8.19 B | Vulkan     |   0 |     512 |             1 | Vulkan0      | off        |           pp512 |         63.31 ± 1.83 |
2026-10-03 03:09:34	cycle=7	kernel=107	run=2	lab2	| qwen3 8B Q4_K - Medium         |   4.68 GiB |     8.19 B | Vulkan     |   0 |     512 |             1 | Vulkan0      | off        |           pp512 |         64.45 ± 3.39 |
2026-10-03 03:09:34	cycle=7	kernel=107	run=2	lab3	| qwen3 8B Q4_K - Medium         |   4.68 GiB |     8.19 B | Vulkan     |   0 |     512 |             1 | Vulkan0      | off        |           pp512 |         63.38 ± 2.09 |
2026-10-03 03:09:34	cycle=7	kernel=107	run=2	lab5	| qwen3 8B Q4_K - Medium         |   4.68 GiB |     8.19 B | Vulkan     |   0 |       4 |     512 |             1 | Vulkan0      | off        |           pp512 |         38.02 ± 0.12 |
2026-10-03 03:16:32	cycle=7	kernel=111	run=1	lab1	| qwen3 8B Q4_K - Medium         |   4.68 GiB |     8.19 B | Vulkan     |   0 |     512 |             1 | Vulkan0      | off        |           pp512 |         16.41 ± 0.04 |
2026-10-03 03:16:32	cycle=7	kernel=111	run=1	lab2	| qwen3 8B Q4_K - Medium         |   4.68 GiB |     8.19 B | Vulkan     |   0 |     512 |             1 | Vulkan0      | off        |           pp512 |         16.44 ± 0.07 |
2026-10-03 03:16:32	cycle=7	kernel=111	run=1	lab3	| qwen3 8B Q4_K - Medium         |   4.68 GiB |     8.19 B | Vulkan     |   0 |     512 |             1 | Vulkan0      | off        |           pp512 |         16.43 ± 0.04 |
2026-10-03 03:16:32	cycle=7	kernel=111	run=1	lab5	| qwen3 8B Q4_K - Medium         |   4.68 GiB |     8.19 B | Vulkan     |   0 |       4 |     512 |             1 | Vulkan0      | off        |           pp512 |         20.05 ± 0.19 |
2026-10-03 03:22:20	cycle=7	kernel=111	run=2	lab1	| qwen3 8B Q4_K - Medium         |   4.68 GiB |     8.19 B | Vulkan     |   0 |     512 |             1 | Vulkan0      | off        |           pp512 |         16.39 ± 0.02 |
2026-10-03 03:22:20	cycle=7	kernel=111	run=2	lab2	| qwen3 8B Q4_K - Medium         |   4.68 GiB |     8.19 B | Vulkan     |   0 |     512 |             1 | Vulkan0      | off        |           pp512 |         16.44 ± 0.12 |
2026-10-03 03:22:20	cycle=7	kernel=111	run=2	lab3	| qwen3 8B Q4_K - Medium         |   4.68 GiB |     8.19 B | Vulkan     |   0 |     512 |             1 | Vulkan0      | off        |           pp512 |         16.46 ± 0.17 |
2026-10-03 03:22:20	cycle=7	kernel=111	run=2	lab5	| qwen3 8B Q4_K - Medium         |   4.68 GiB |     8.19 B | Vulkan     |   0 |       4 |     512 |             1 | Vulkan0      | off        |           pp512 |         20.03 ± 0.17 |
2026-10-03 03:25:50	cycle=8	kernel=107	run=1	lab1	| qwen3 8B Q4_K - Medium         |   4.68 GiB |     8.19 B | Vulkan     |   0 |     512 |             1 | Vulkan0      | off        |           pp512 |         62.23 ± 0.40 |
2026-10-03 03:25:50	cycle=8	kernel=107	run=1	lab2	| qwen3 8B Q4_K - Medium         |   4.68 GiB |     8.19 B | Vulkan     |   0 |     512 |             1 | Vulkan0      | off        |           pp512 |         62.91 ± 1.46 |
2026-10-03 03:25:50	cycle=8	kernel=107	run=1	lab3	| qwen3 8B Q4_K - Medium         |   4.68 GiB |     8.19 B | Vulkan     |   0 |     512 |             1 | Vulkan0      | off        |           pp512 |         62.32 ± 0.59 |
2026-10-03 03:25:50	cycle=8	kernel=107	run=1	lab5	| qwen3 8B Q4_K - Medium         |   4.68 GiB |     8.19 B | Vulkan     |   0 |       4 |     512 |             1 | Vulkan0      | off        |           pp512 |         40.86 ± 5.65 |
2026-10-03 03:28:24	cycle=8	kernel=107	run=2	lab1	| qwen3 8B Q4_K - Medium         |   4.68 GiB |     8.19 B | Vulkan     |   0 |     512 |             1 | Vulkan0      | off        |           pp512 |         62.41 ± 0.68 |
2026-10-03 03:28:24	cycle=8	kernel=107	run=2	lab2	| qwen3 8B Q4_K - Medium         |   4.68 GiB |     8.19 B | Vulkan     |   0 |     512 |             1 | Vulkan0      | off        |           pp512 |         64.78 ± 3.47 |
2026-10-03 03:28:24	cycle=8	kernel=107	run=2	lab3	| qwen3 8B Q4_K - Medium         |   4.68 GiB |     8.19 B | Vulkan     |   0 |     512 |             1 | Vulkan0      | off        |           pp512 |         62.23 ± 0.80 |
2026-10-03 03:28:24	cycle=8	kernel=107	run=2	lab5	| qwen3 8B Q4_K - Medium         |   4.68 GiB |     8.19 B | Vulkan     |   0 |       4 |     512 |             1 | Vulkan0      | off        |           pp512 |         38.02 ± 0.08 |
2026-10-03 03:35:21	cycle=8	kernel=111	run=1	lab1	| qwen3 8B Q4_K - Medium         |   4.68 GiB |     8.19 B | Vulkan     |   0 |     512 |             1 | Vulkan0      | off        |           pp512 |         16.41 ± 0.04 |
2026-10-03 03:35:21	cycle=8	kernel=111	run=1	lab2	| qwen3 8B Q4_K - Medium         |   4.68 GiB |     8.19 B | Vulkan     |   0 |     512 |             1 | Vulkan0      | off        |           pp512 |         16.41 ± 0.07 |
2026-10-03 03:35:21	cycle=8	kernel=111	run=1	lab3	| qwen3 8B Q4_K - Medium         |   4.68 GiB |     8.19 B | Vulkan     |   0 |     512 |             1 | Vulkan0      | off        |           pp512 |         16.45 ± 0.06 |
2026-10-03 03:35:21	cycle=8	kernel=111	run=1	lab5	| qwen3 8B Q4_K - Medium         |   4.68 GiB |     8.19 B | Vulkan     |   0 |       4 |     512 |             1 | Vulkan0      | off        |           pp512 |         20.07 ± 0.18 |
2026-10-03 03:41:11	cycle=8	kernel=111	run=2	lab1	| qwen3 8B Q4_K - Medium         |   4.68 GiB |     8.19 B | Vulkan     |   0 |     512 |             1 | Vulkan0      | off        |           pp512 |         16.42 ± 0.03 |
2026-10-03 03:41:11	cycle=8	kernel=111	run=2	lab2	| qwen3 8B Q4_K - Medium         |   4.68 GiB |     8.19 B | Vulkan     |   0 |     512 |             1 | Vulkan0      | off        |           pp512 |         16.46 ± 0.13 |
2026-10-03 03:41:11	cycle=8	kernel=111	run=2	lab3	| qwen3 8B Q4_K - Medium         |   4.68 GiB |     8.19 B | Vulkan     |   0 |     512 |             1 | Vulkan0      | off        |           pp512 |         16.41 ± 0.03 |
2026-10-03 03:41:11	cycle=8	kernel=111	run=2	lab5	| qwen3 8B Q4_K - Medium         |   4.68 GiB |     8.19 B | Vulkan     |   0 |       4 |     512 |             1 | Vulkan0      | off        |           pp512 |         20.07 ± 0.08 |
2026-10-03 03:44:42	cycle=9	kernel=107	run=1	lab1	| qwen3 8B Q4_K - Medium         |   4.68 GiB |     8.19 B | Vulkan     |   0 |     512 |             1 | Vulkan0      | off        |           pp512 |         62.20 ± 0.36 |
2026-10-03 03:44:42	cycle=9	kernel=107	run=1	lab2	| qwen3 8B Q4_K - Medium         |   4.68 GiB |     8.19 B | Vulkan     |   0 |     512 |             1 | Vulkan0      | off        |           pp512 |         63.29 ± 1.70 |
2026-10-03 03:44:42	cycle=9	kernel=107	run=1	lab3	| qwen3 8B Q4_K - Medium         |   4.68 GiB |     8.19 B | Vulkan     |   0 |     512 |             1 | Vulkan0      | off        |           pp512 |         63.13 ± 1.41 |
2026-10-03 03:44:42	cycle=9	kernel=107	run=1	lab5	| qwen3 8B Q4_K - Medium         |   4.68 GiB |     8.19 B | Vulkan     |   0 |       4 |     512 |             1 | Vulkan0      | off        |           pp512 |         40.70 ± 5.62 |
2026-10-03 03:47:15	cycle=9	kernel=107	run=2	lab1	| qwen3 8B Q4_K - Medium         |   4.68 GiB |     8.19 B | Vulkan     |   0 |     512 |             1 | Vulkan0      | off        |           pp512 |         63.50 ± 2.20 |
2026-10-03 03:47:15	cycle=9	kernel=107	run=2	lab2	| qwen3 8B Q4_K - Medium         |   4.68 GiB |     8.19 B | Vulkan     |   0 |     512 |             1 | Vulkan0      | off        |           pp512 |         62.44 ± 1.13 |
2026-10-03 03:47:15	cycle=9	kernel=107	run=2	lab3	| qwen3 8B Q4_K - Medium         |   4.68 GiB |     8.19 B | Vulkan     |   0 |     512 |             1 | Vulkan0      | off        |           pp512 |         62.98 ± 1.98 |
2026-10-03 03:47:15	cycle=9	kernel=107	run=2	lab5	| qwen3 8B Q4_K - Medium         |   4.68 GiB |     8.19 B | Vulkan     |   0 |       4 |     512 |             1 | Vulkan0      | off        |           pp512 |         38.00 ± 0.08 |
2026-10-03 03:54:10	cycle=9	kernel=111	run=1	lab1	| qwen3 8B Q4_K - Medium         |   4.68 GiB |     8.19 B | Vulkan     |   0 |     512 |             1 | Vulkan0      | off        |           pp512 |         16.52 ± 0.16 |
2026-10-03 03:54:10	cycle=9	kernel=111	run=1	lab2	| qwen3 8B Q4_K - Medium         |   4.68 GiB |     8.19 B | Vulkan     |   0 |     512 |             1 | Vulkan0      | off        |           pp512 |         16.44 ± 0.16 |
2026-10-03 03:54:10	cycle=9	kernel=111	run=1	lab3	| qwen3 8B Q4_K - Medium         |   4.68 GiB |     8.19 B | Vulkan     |   0 |     512 |             1 | Vulkan0      | off        |           pp512 |         16.41 ± 0.01 |
2026-10-03 03:54:10	cycle=9	kernel=111	run=1	lab5	| qwen3 8B Q4_K - Medium         |   4.68 GiB |     8.19 B | Vulkan     |   0 |       4 |     512 |             1 | Vulkan0      | off        |           pp512 |         20.15 ± 0.22 |
2026-10-03 03:59:58	cycle=9	kernel=111	run=2	lab1	| qwen3 8B Q4_K - Medium         |   4.68 GiB |     8.19 B | Vulkan     |   0 |     512 |             1 | Vulkan0      | off        |           pp512 |         16.45 ± 0.12 |
2026-10-03 03:59:58	cycle=9	kernel=111	run=2	lab2	| qwen3 8B Q4_K - Medium         |   4.68 GiB |     8.19 B | Vulkan     |   0 |     512 |             1 | Vulkan0      | off        |           pp512 |         16.54 ± 0.17 |
2026-10-03 03:59:58	cycle=9	kernel=111	run=2	lab3	| qwen3 8B Q4_K - Medium         |   4.68 GiB |     8.19 B | Vulkan     |   0 |     512 |             1 | Vulkan0      | off        |           pp512 |         16.40 ± 0.03 |
2026-10-03 03:59:58	cycle=9	kernel=111	run=2	lab5	| qwen3 8B Q4_K - Medium         |   4.68 GiB |     8.19 B | Vulkan     |   0 |       4 |     512 |             1 | Vulkan0      | off        |           pp512 |         20.05 ± 0.16 |
2026-10-03 04:03:28	cycle=10	kernel=107	run=1	lab1	| qwen3 8B Q4_K - Medium         |   4.68 GiB |     8.19 B | Vulkan     |   0 |     512 |             1 | Vulkan0      | off        |           pp512 |         62.13 ± 0.38 |
2026-10-03 04:03:28	cycle=10	kernel=107	run=1	lab2	| qwen3 8B Q4_K - Medium         |   4.68 GiB |     8.19 B | Vulkan     |   0 |     512 |             1 | Vulkan0      | off        |           pp512 |         63.22 ± 1.50 |
2026-10-03 04:03:28	cycle=10	kernel=107	run=1	lab3	| qwen3 8B Q4_K - Medium         |   4.68 GiB |     8.19 B | Vulkan     |   0 |     512 |             1 | Vulkan0      | off        |           pp512 |         62.03 ± 0.17 |
2026-10-03 04:03:28	cycle=10	kernel=107	run=1	lab5	| qwen3 8B Q4_K - Medium         |   4.68 GiB |     8.19 B | Vulkan     |   0 |       4 |     512 |             1 | Vulkan0      | off        |           pp512 |         40.67 ± 5.59 |
2026-10-03 04:06:00	cycle=10	kernel=107	run=2	lab1	| qwen3 8B Q4_K - Medium         |   4.68 GiB |     8.19 B | Vulkan     |   0 |     512 |             1 | Vulkan0      | off        |           pp512 |         62.26 ± 0.30 |
2026-10-03 04:06:00	cycle=10	kernel=107	run=2	lab2	| qwen3 8B Q4_K - Medium         |   4.68 GiB |     8.19 B | Vulkan     |   0 |     512 |             1 | Vulkan0      | off        |           pp512 |         63.00 ± 1.98 |
2026-10-03 04:06:00	cycle=10	kernel=107	run=2	lab3	| qwen3 8B Q4_K - Medium         |   4.68 GiB |     8.19 B | Vulkan     |   0 |     512 |             1 | Vulkan0      | off        |           pp512 |         63.81 ± 2.36 |
2026-10-03 04:06:00	cycle=10	kernel=107	run=2	lab5	| qwen3 8B Q4_K - Medium         |   4.68 GiB |     8.19 B | Vulkan     |   0 |       4 |     512 |             1 | Vulkan0      | off        |           pp512 |         38.11 ± 0.33 |
2026-10-03 04:12:56	cycle=10	kernel=111	run=1	lab1	| qwen3 8B Q4_K - Medium         |   4.68 GiB |     8.19 B | Vulkan     |   0 |     512 |             1 | Vulkan0      | off        |           pp512 |         16.49 ± 0.10 |
2026-10-03 04:12:56	cycle=10	kernel=111	run=1	lab2	| qwen3 8B Q4_K - Medium         |   4.68 GiB |     8.19 B | Vulkan     |   0 |     512 |             1 | Vulkan0      | off        |           pp512 |         16.40 ± 0.04 |
2026-10-03 04:12:56	cycle=10	kernel=111	run=1	lab3	| qwen3 8B Q4_K - Medium         |   4.68 GiB |     8.19 B | Vulkan     |   0 |     512 |             1 | Vulkan0      | off        |           pp512 |         16.42 ± 0.04 |
2026-10-03 04:12:56	cycle=10	kernel=111	run=1	lab5	| qwen3 8B Q4_K - Medium         |   4.68 GiB |     8.19 B | Vulkan     |   0 |       4 |     512 |             1 | Vulkan0      | off        |           pp512 |         20.00 ± 0.17 |
2026-10-03 04:18:45	cycle=10	kernel=111	run=2	lab1	| qwen3 8B Q4_K - Medium         |   4.68 GiB |     8.19 B | Vulkan     |   0 |     512 |             1 | Vulkan0      | off        |           pp512 |         16.49 ± 0.15 |
2026-10-03 04:18:45	cycle=10	kernel=111	run=2	lab2	| qwen3 8B Q4_K - Medium         |   4.68 GiB |     8.19 B | Vulkan     |   0 |     512 |             1 | Vulkan0      | off        |           pp512 |         16.42 ± 0.08 |
2026-10-03 04:18:45	cycle=10	kernel=111	run=2	lab3	| qwen3 8B Q4_K - Medium         |   4.68 GiB |     8.19 B | Vulkan     |   0 |     512 |             1 | Vulkan0      | off        |           pp512 |         16.41 ± 0.03 |
2026-10-03 04:18:45	cycle=10	kernel=111	run=2	lab5	| qwen3 8B Q4_K - Medium         |   4.68 GiB |     8.19 B | Vulkan     |   0 |       4 |     512 |             1 | Vulkan0      | off        |           pp512 |         19.99 ± 0.09 |
2026-10-03 04:22:14	cycle=11	kernel=107	run=1	lab1	| qwen3 8B Q4_K - Medium         |   4.68 GiB |     8.19 B | Vulkan     |   0 |     512 |             1 | Vulkan0      | off        |           pp512 |         63.65 ± 1.97 |
2026-10-03 04:22:14	cycle=11	kernel=107	run=1	lab2	| qwen3 8B Q4_K - Medium         |   4.68 GiB |     8.19 B | Vulkan     |   0 |     512 |             1 | Vulkan0      | off        |           pp512 |         65.11 ± 2.70 |
2026-10-03 04:22:14	cycle=11	kernel=107	run=1	lab3	| qwen3 8B Q4_K - Medium         |   4.68 GiB |     8.19 B | Vulkan     |   0 |     512 |             1 | Vulkan0      | off        |           pp512 |         64.04 ± 2.39 |
2026-10-03 04:22:14	cycle=11	kernel=107	run=1	lab5	| qwen3 8B Q4_K - Medium         |   4.68 GiB |     8.19 B | Vulkan     |   0 |       4 |     512 |             1 | Vulkan0      | off        |           pp512 |         40.83 ± 5.69 |
2026-10-03 04:24:48	cycle=11	kernel=107	run=2	lab1	| qwen3 8B Q4_K - Medium         |   4.68 GiB |     8.19 B | Vulkan     |   0 |     512 |             1 | Vulkan0      | off        |           pp512 |         62.94 ± 1.51 |
2026-10-03 04:24:48	cycle=11	kernel=107	run=2	lab2	| qwen3 8B Q4_K - Medium         |   4.68 GiB |     8.19 B | Vulkan     |   0 |     512 |             1 | Vulkan0      | off        |           pp512 |         62.07 ± 0.46 |
2026-10-03 04:24:48	cycle=11	kernel=107	run=2	lab3	| qwen3 8B Q4_K - Medium         |   4.68 GiB |     8.19 B | Vulkan     |   0 |     512 |             1 | Vulkan0      | off        |           pp512 |         62.16 ± 0.41 |
2026-10-03 04:24:48	cycle=11	kernel=107	run=2	lab5	| qwen3 8B Q4_K - Medium         |   4.68 GiB |     8.19 B | Vulkan     |   0 |       4 |     512 |             1 | Vulkan0      | off        |           pp512 |         38.07 ± 0.13 |
2026-10-03 04:31:45	cycle=11	kernel=111	run=1	lab1	| qwen3 8B Q4_K - Medium         |   4.68 GiB |     8.19 B | Vulkan     |   0 |     512 |             1 | Vulkan0      | off        |           pp512 |         16.46 ± 0.10 |
2026-10-03 04:31:45	cycle=11	kernel=111	run=1	lab2	| qwen3 8B Q4_K - Medium         |   4.68 GiB |     8.19 B | Vulkan     |   0 |     512 |             1 | Vulkan0      | off        |           pp512 |         16.42 ± 0.06 |
2026-10-03 04:31:45	cycle=11	kernel=111	run=1	lab3	| qwen3 8B Q4_K - Medium         |   4.68 GiB |     8.19 B | Vulkan     |   0 |     512 |             1 | Vulkan0      | off        |           pp512 |         16.43 ± 0.05 |
2026-10-03 04:31:45	cycle=11	kernel=111	run=1	lab5	| qwen3 8B Q4_K - Medium         |   4.68 GiB |     8.19 B | Vulkan     |   0 |       4 |     512 |             1 | Vulkan0      | off        |           pp512 |         20.11 ± 0.15 |
2026-10-03 04:37:32	cycle=11	kernel=111	run=2	lab1	| qwen3 8B Q4_K - Medium         |   4.68 GiB |     8.19 B | Vulkan     |   0 |     512 |             1 | Vulkan0      | off        |           pp512 |         16.47 ± 0.11 |
2026-10-03 04:37:32	cycle=11	kernel=111	run=2	lab2	| qwen3 8B Q4_K - Medium         |   4.68 GiB |     8.19 B | Vulkan     |   0 |     512 |             1 | Vulkan0      | off        |           pp512 |         16.51 ± 0.17 |
2026-10-03 04:37:32	cycle=11	kernel=111	run=2	lab3	| qwen3 8B Q4_K - Medium         |   4.68 GiB |     8.19 B | Vulkan     |   0 |     512 |             1 | Vulkan0      | off        |           pp512 |         16.51 ± 0.11 |
2026-10-03 04:37:32	cycle=11	kernel=111	run=2	lab5	| qwen3 8B Q4_K - Medium         |   4.68 GiB |     8.19 B | Vulkan     |   0 |       4 |     512 |             1 | Vulkan0      | off        |           pp512 |         20.03 ± 0.11 |
2026-10-03 04:41:02	cycle=12	kernel=107	run=1	lab1	| qwen3 8B Q4_K - Medium         |   4.68 GiB |     8.19 B | Vulkan     |   0 |     512 |             1 | Vulkan0      | off        |           pp512 |         63.59 ± 1.34 |
2026-10-03 04:41:02	cycle=12	kernel=107	run=1	lab2	| qwen3 8B Q4_K - Medium         |   4.68 GiB |     8.19 B | Vulkan     |   0 |     512 |             1 | Vulkan0      | off        |           pp512 |         63.05 ± 2.27 |
2026-10-03 04:41:02	cycle=12	kernel=107	run=1	lab3	| qwen3 8B Q4_K - Medium         |   4.68 GiB |     8.19 B | Vulkan     |   0 |     512 |             1 | Vulkan0      | off        |           pp512 |         62.99 ± 1.48 |
2026-10-03 04:41:02	cycle=12	kernel=107	run=1	lab5	| qwen3 8B Q4_K - Medium         |   4.68 GiB |     8.19 B | Vulkan     |   0 |       4 |     512 |             1 | Vulkan0      | off        |           pp512 |         40.74 ± 5.74 |
2026-10-03 04:43:35	cycle=12	kernel=107	run=2	lab1	| qwen3 8B Q4_K - Medium         |   4.68 GiB |     8.19 B | Vulkan     |   0 |     512 |             1 | Vulkan0      | off        |           pp512 |         63.98 ± 2.29 |
2026-10-03 04:43:35	cycle=12	kernel=107	run=2	lab2	| qwen3 8B Q4_K - Medium         |   4.68 GiB |     8.19 B | Vulkan     |   0 |     512 |             1 | Vulkan0      | off        |           pp512 |         63.02 ± 2.29 |
2026-10-03 04:43:35	cycle=12	kernel=107	run=2	lab3	| qwen3 8B Q4_K - Medium         |   4.68 GiB |     8.19 B | Vulkan     |   0 |     512 |             1 | Vulkan0      | off        |           pp512 |         62.07 ± 0.34 |
2026-10-03 04:43:35	cycle=12	kernel=107	run=2	lab5	| qwen3 8B Q4_K - Medium         |   4.68 GiB |     8.19 B | Vulkan     |   0 |       4 |     512 |             1 | Vulkan0      | off        |           pp512 |         38.09 ± 0.20 |
2026-10-03 04:50:32	cycle=12	kernel=111	run=1	lab1	| qwen3 8B Q4_K - Medium         |   4.68 GiB |     8.19 B | Vulkan     |   0 |     512 |             1 | Vulkan0      | off        |           pp512 |         16.47 ± 0.13 |
2026-10-03 04:50:32	cycle=12	kernel=111	run=1	lab2	| qwen3 8B Q4_K - Medium         |   4.68 GiB |     8.19 B | Vulkan     |   0 |     512 |             1 | Vulkan0      | off        |           pp512 |         16.46 ± 0.09 |
2026-10-03 04:50:32	cycle=12	kernel=111	run=1	lab3	| qwen3 8B Q4_K - Medium         |   4.68 GiB |     8.19 B | Vulkan     |   0 |     512 |             1 | Vulkan0      | off        |           pp512 |         16.44 ± 0.07 |
2026-10-03 04:50:32	cycle=12	kernel=111	run=1	lab5	| qwen3 8B Q4_K - Medium         |   4.68 GiB |     8.19 B | Vulkan     |   0 |       4 |     512 |             1 | Vulkan0      | off        |           pp512 |         20.06 ± 0.20 |
2026-10-03 04:56:21	cycle=12	kernel=111	run=2	lab1	| qwen3 8B Q4_K - Medium         |   4.68 GiB |     8.19 B | Vulkan     |   0 |     512 |             1 | Vulkan0      | off        |           pp512 |         16.42 ± 0.02 |
2026-10-03 04:56:21	cycle=12	kernel=111	run=2	lab2	| qwen3 8B Q4_K - Medium         |   4.68 GiB |     8.19 B | Vulkan     |   0 |     512 |             1 | Vulkan0      | off        |           pp512 |         16.39 ± 0.03 |
2026-10-03 04:56:21	cycle=12	kernel=111	run=2	lab3	| qwen3 8B Q4_K - Medium         |   4.68 GiB |     8.19 B | Vulkan     |   0 |     512 |             1 | Vulkan0      | off        |           pp512 |         16.46 ± 0.17 |
2026-10-03 04:56:21	cycle=12	kernel=111	run=2	lab5	| qwen3 8B Q4_K - Medium         |   4.68 GiB |     8.19 B | Vulkan     |   0 |       4 |     512 |             1 | Vulkan0      | off        |           pp512 |         20.06 ± 0.16 |
2026-10-03 04:59:50	cycle=13	kernel=107	run=1	lab1	| qwen3 8B Q4_K - Medium         |   4.68 GiB |     8.19 B | Vulkan     |   0 |     512 |             1 | Vulkan0      | off        |           pp512 |         62.82 ± 1.64 |
2026-10-03 04:59:50	cycle=13	kernel=107	run=1	lab2	| qwen3 8B Q4_K - Medium         |   4.68 GiB |     8.19 B | Vulkan     |   0 |     512 |             1 | Vulkan0      | off        |           pp512 |         62.98 ± 1.72 |
2026-10-03 04:59:50	cycle=13	kernel=107	run=1	lab3	| qwen3 8B Q4_K - Medium         |   4.68 GiB |     8.19 B | Vulkan     |   0 |     512 |             1 | Vulkan0      | off        |           pp512 |         63.07 ± 1.95 |
2026-10-03 04:59:50	cycle=13	kernel=107	run=1	lab5	| qwen3 8B Q4_K - Medium         |   4.68 GiB |     8.19 B | Vulkan     |   0 |       4 |     512 |             1 | Vulkan0      | off        |           pp512 |         40.84 ± 5.63 |
2026-10-03 05:02:22	cycle=13	kernel=107	run=2	lab1	| qwen3 8B Q4_K - Medium         |   4.68 GiB |     8.19 B | Vulkan     |   0 |     512 |             1 | Vulkan0      | off        |           pp512 |         62.24 ± 0.34 |
2026-10-03 05:02:22	cycle=13	kernel=107	run=2	lab2	| qwen3 8B Q4_K - Medium         |   4.68 GiB |     8.19 B | Vulkan     |   0 |     512 |             1 | Vulkan0      | off        |           pp512 |         62.10 ± 0.39 |
2026-10-03 05:02:22	cycle=13	kernel=107	run=2	lab3	| qwen3 8B Q4_K - Medium         |   4.68 GiB |     8.19 B | Vulkan     |   0 |     512 |             1 | Vulkan0      | off        |           pp512 |         63.56 ± 2.65 |
2026-10-03 05:02:22	cycle=13	kernel=107	run=2	lab5	| qwen3 8B Q4_K - Medium         |   4.68 GiB |     8.19 B | Vulkan     |   0 |       4 |     512 |             1 | Vulkan0      | off        |           pp512 |         37.99 ± 0.06 |
2026-10-03 05:09:18	cycle=13	kernel=111	run=1	lab1	| qwen3 8B Q4_K - Medium         |   4.68 GiB |     8.19 B | Vulkan     |   0 |     512 |             1 | Vulkan0      | off        |           pp512 |         16.48 ± 0.09 |
2026-10-03 05:09:18	cycle=13	kernel=111	run=1	lab2	| qwen3 8B Q4_K - Medium         |   4.68 GiB |     8.19 B | Vulkan     |   0 |     512 |             1 | Vulkan0      | off        |           pp512 |         16.51 ± 0.15 |
2026-10-03 05:09:18	cycle=13	kernel=111	run=1	lab3	| qwen3 8B Q4_K - Medium         |   4.68 GiB |     8.19 B | Vulkan     |   0 |     512 |             1 | Vulkan0      | off        |           pp512 |         16.47 ± 0.07 |
2026-10-03 05:09:18	cycle=13	kernel=111	run=1	lab5	| qwen3 8B Q4_K - Medium         |   4.68 GiB |     8.19 B | Vulkan     |   0 |       4 |     512 |             1 | Vulkan0      | off        |           pp512 |         19.99 ± 0.10 |
2026-10-03 05:15:05	cycle=13	kernel=111	run=2	lab1	| qwen3 8B Q4_K - Medium         |   4.68 GiB |     8.19 B | Vulkan     |   0 |     512 |             1 | Vulkan0      | off        |           pp512 |         16.43 ± 0.03 |
2026-10-03 05:15:05	cycle=13	kernel=111	run=2	lab2	| qwen3 8B Q4_K - Medium         |   4.68 GiB |     8.19 B | Vulkan     |   0 |     512 |             1 | Vulkan0      | off        |           pp512 |         16.43 ± 0.05 |
2026-10-03 05:15:05	cycle=13	kernel=111	run=2	lab3	| qwen3 8B Q4_K - Medium         |   4.68 GiB |     8.19 B | Vulkan     |   0 |     512 |             1 | Vulkan0      | off        |           pp512 |         16.54 ± 0.18 |
2026-10-03 05:15:05	cycle=13	kernel=111	run=2	lab5	| qwen3 8B Q4_K - Medium         |   4.68 GiB |     8.19 B | Vulkan     |   0 |       4 |     512 |             1 | Vulkan0      | off        |           pp512 |         20.03 ± 0.14 |
2026-10-03 05:18:34	cycle=14	kernel=107	run=1	lab1	| qwen3 8B Q4_K - Medium         |   4.68 GiB |     8.19 B | Vulkan     |   0 |     512 |             1 | Vulkan0      | off        |           pp512 |         64.15 ± 2.11 |
2026-10-03 05:18:34	cycle=14	kernel=107	run=1	lab2	| qwen3 8B Q4_K - Medium         |   4.68 GiB |     8.19 B | Vulkan     |   0 |     512 |             1 | Vulkan0      | off        |           pp512 |         63.26 ± 2.11 |
2026-10-03 05:18:34	cycle=14	kernel=107	run=1	lab3	| qwen3 8B Q4_K - Medium         |   4.68 GiB |     8.19 B | Vulkan     |   0 |     512 |             1 | Vulkan0      | off        |           pp512 |         62.95 ± 2.17 |
2026-10-03 05:18:34	cycle=14	kernel=107	run=1	lab5	| qwen3 8B Q4_K - Medium         |   4.68 GiB |     8.19 B | Vulkan     |   0 |       4 |     512 |             1 | Vulkan0      | off        |           pp512 |         40.81 ± 5.72 |
2026-10-03 05:21:07	cycle=14	kernel=107	run=2	lab1	| qwen3 8B Q4_K - Medium         |   4.68 GiB |     8.19 B | Vulkan     |   0 |     512 |             1 | Vulkan0      | off        |           pp512 |         64.00 ± 2.24 |
2026-10-03 05:21:07	cycle=14	kernel=107	run=2	lab2	| qwen3 8B Q4_K - Medium         |   4.68 GiB |     8.19 B | Vulkan     |   0 |     512 |             1 | Vulkan0      | off        |           pp512 |         63.76 ± 2.85 |
2026-10-03 05:21:07	cycle=14	kernel=107	run=2	lab3	| qwen3 8B Q4_K - Medium         |   4.68 GiB |     8.19 B | Vulkan     |   0 |     512 |             1 | Vulkan0      | off        |           pp512 |         63.97 ± 2.64 |
2026-10-03 05:21:07	cycle=14	kernel=107	run=2	lab5	| qwen3 8B Q4_K - Medium         |   4.68 GiB |     8.19 B | Vulkan     |   0 |       4 |     512 |             1 | Vulkan0      | off        |           pp512 |         38.03 ± 0.05 |
2026-10-03 05:28:04	cycle=14	kernel=111	run=1	lab1	| qwen3 8B Q4_K - Medium         |   4.68 GiB |     8.19 B | Vulkan     |   0 |     512 |             1 | Vulkan0      | off        |           pp512 |         16.43 ± 0.03 |
2026-10-03 05:28:04	cycle=14	kernel=111	run=1	lab2	| qwen3 8B Q4_K - Medium         |   4.68 GiB |     8.19 B | Vulkan     |   0 |     512 |             1 | Vulkan0      | off        |           pp512 |         16.44 ± 0.16 |
2026-10-03 05:28:04	cycle=14	kernel=111	run=1	lab3	| qwen3 8B Q4_K - Medium         |   4.68 GiB |     8.19 B | Vulkan     |   0 |     512 |             1 | Vulkan0      | off        |           pp512 |         16.39 ± 0.04 |
2026-10-03 05:28:04	cycle=14	kernel=111	run=1	lab5	| qwen3 8B Q4_K - Medium         |   4.68 GiB |     8.19 B | Vulkan     |   0 |       4 |     512 |             1 | Vulkan0      | off        |           pp512 |         20.09 ± 0.15 |
2026-10-03 05:33:53	cycle=14	kernel=111	run=2	lab1	| qwen3 8B Q4_K - Medium         |   4.68 GiB |     8.19 B | Vulkan     |   0 |     512 |             1 | Vulkan0      | off        |           pp512 |         16.47 ± 0.09 |
2026-10-03 05:33:53	cycle=14	kernel=111	run=2	lab2	| qwen3 8B Q4_K - Medium         |   4.68 GiB |     8.19 B | Vulkan     |   0 |     512 |             1 | Vulkan0      | off        |           pp512 |         16.43 ± 0.05 |
2026-10-03 05:33:53	cycle=14	kernel=111	run=2	lab3	| qwen3 8B Q4_K - Medium         |   4.68 GiB |     8.19 B | Vulkan     |   0 |     512 |             1 | Vulkan0      | off        |           pp512 |         16.43 ± 0.06 |
2026-10-03 05:33:53	cycle=14	kernel=111	run=2	lab5	| qwen3 8B Q4_K - Medium         |   4.68 GiB |     8.19 B | Vulkan     |   0 |       4 |     512 |             1 | Vulkan0      | off        |           pp512 |         19.98 ± 0.16 |
2026-10-03 05:37:23	cycle=15	kernel=107	run=1	lab1	| qwen3 8B Q4_K - Medium         |   4.68 GiB |     8.19 B | Vulkan     |   0 |     512 |             1 | Vulkan0      | off        |           pp512 |         62.48 ± 0.75 |
2026-10-03 05:37:23	cycle=15	kernel=107	run=1	lab2	| qwen3 8B Q4_K - Medium         |   4.68 GiB |     8.19 B | Vulkan     |   0 |     512 |             1 | Vulkan0      | off        |           pp512 |         62.45 ± 0.45 |
2026-10-03 05:37:23	cycle=15	kernel=107	run=1	lab3	| qwen3 8B Q4_K - Medium         |   4.68 GiB |     8.19 B | Vulkan     |   0 |     512 |             1 | Vulkan0      | off        |           pp512 |         63.90 ± 1.47 |
2026-10-03 05:37:23	cycle=15	kernel=107	run=1	lab5	| qwen3 8B Q4_K - Medium         |   4.68 GiB |     8.19 B | Vulkan     |   0 |       4 |     512 |             1 | Vulkan0      | off        |           pp512 |         40.79 ± 5.73 |
2026-10-03 05:39:57	cycle=15	kernel=107	run=2	lab1	| qwen3 8B Q4_K - Medium         |   4.68 GiB |     8.19 B | Vulkan     |   0 |     512 |             1 | Vulkan0      | off        |           pp512 |         63.03 ± 2.16 |
2026-10-03 05:39:57	cycle=15	kernel=107	run=2	lab2	| qwen3 8B Q4_K - Medium         |   4.68 GiB |     8.19 B | Vulkan     |   0 |     512 |             1 | Vulkan0      | off        |           pp512 |         61.92 ± 0.28 |
2026-10-03 05:39:57	cycle=15	kernel=107	run=2	lab3	| qwen3 8B Q4_K - Medium         |   4.68 GiB |     8.19 B | Vulkan     |   0 |     512 |             1 | Vulkan0      | off        |           pp512 |         62.31 ± 0.63 |
2026-10-03 05:39:57	cycle=15	kernel=107	run=2	lab5	| qwen3 8B Q4_K - Medium         |   4.68 GiB |     8.19 B | Vulkan     |   0 |       4 |     512 |             1 | Vulkan0      | off        |           pp512 |         37.96 ± 0.09 |
2026-10-03 05:46:53	cycle=15	kernel=111	run=1	lab1	| qwen3 8B Q4_K - Medium         |   4.68 GiB |     8.19 B | Vulkan     |   0 |     512 |             1 | Vulkan0      | off        |           pp512 |         16.48 ± 0.14 |
2026-10-03 05:46:53	cycle=15	kernel=111	run=1	lab2	| qwen3 8B Q4_K - Medium         |   4.68 GiB |     8.19 B | Vulkan     |   0 |     512 |             1 | Vulkan0      | off        |           pp512 |         16.41 ± 0.02 |
2026-10-03 05:46:53	cycle=15	kernel=111	run=1	lab3	| qwen3 8B Q4_K - Medium         |   4.68 GiB |     8.19 B | Vulkan     |   0 |     512 |             1 | Vulkan0      | off        |           pp512 |         16.40 ± 0.02 |
2026-10-03 05:46:53	cycle=15	kernel=111	run=1	lab5	| qwen3 8B Q4_K - Medium         |   4.68 GiB |     8.19 B | Vulkan     |   0 |       4 |     512 |             1 | Vulkan0      | off        |           pp512 |         20.13 ± 0.30 |
2026-10-03 05:52:43	cycle=15	kernel=111	run=2	lab1	| qwen3 8B Q4_K - Medium         |   4.68 GiB |     8.19 B | Vulkan     |   0 |     512 |             1 | Vulkan0      | off        |           pp512 |         16.45 ± 0.07 |
2026-10-03 05:52:43	cycle=15	kernel=111	run=2	lab2	| qwen3 8B Q4_K - Medium         |   4.68 GiB |     8.19 B | Vulkan     |   0 |     512 |             1 | Vulkan0      | off        |           pp512 |         16.42 ± 0.07 |
2026-10-03 05:52:43	cycle=15	kernel=111	run=2	lab3	| qwen3 8B Q4_K - Medium         |   4.68 GiB |     8.19 B | Vulkan     |   0 |     512 |             1 | Vulkan0      | off        |           pp512 |         16.40 ± 0.03 |
2026-10-03 05:52:43	cycle=15	kernel=111	run=2	lab5	| qwen3 8B Q4_K - Medium         |   4.68 GiB |     8.19 B | Vulkan     |   0 |       4 |     512 |             1 | Vulkan0      | off        |           pp512 |         20.30 ± 0.30 |
2026-10-03 05:56:12	cycle=16	kernel=107	run=1	lab1	| qwen3 8B Q4_K - Medium         |   4.68 GiB |     8.19 B | Vulkan     |   0 |     512 |             1 | Vulkan0      | off        |           pp512 |         63.39 ± 2.45 |
2026-10-03 05:56:12	cycle=16	kernel=107	run=1	lab2	| qwen3 8B Q4_K - Medium         |   4.68 GiB |     8.19 B | Vulkan     |   0 |     512 |             1 | Vulkan0      | off        |           pp512 |         62.66 ± 0.92 |
2026-10-03 05:56:12	cycle=16	kernel=107	run=1	lab3	| qwen3 8B Q4_K - Medium         |   4.68 GiB |     8.19 B | Vulkan     |   0 |     512 |             1 | Vulkan0      | off        |           pp512 |         63.50 ± 2.10 |
2026-10-03 05:56:12	cycle=16	kernel=107	run=1	lab5	| qwen3 8B Q4_K - Medium         |   4.68 GiB |     8.19 B | Vulkan     |   0 |       4 |     512 |             1 | Vulkan0      | off        |           pp512 |         40.96 ± 5.82 |
2026-10-03 05:58:47	cycle=16	kernel=107	run=2	lab1	| qwen3 8B Q4_K - Medium         |   4.68 GiB |     8.19 B | Vulkan     |   0 |     512 |             1 | Vulkan0      | off        |           pp512 |         63.32 ± 2.36 |
2026-10-03 05:58:47	cycle=16	kernel=107	run=2	lab2	| qwen3 8B Q4_K - Medium         |   4.68 GiB |     8.19 B | Vulkan     |   0 |     512 |             1 | Vulkan0      | off        |           pp512 |         63.12 ± 1.66 |
2026-10-03 05:58:47	cycle=16	kernel=107	run=2	lab3	| qwen3 8B Q4_K - Medium         |   4.68 GiB |     8.19 B | Vulkan     |   0 |     512 |             1 | Vulkan0      | off        |           pp512 |         61.93 ± 0.14 |
2026-10-03 05:58:47	cycle=16	kernel=107	run=2	lab5	| qwen3 8B Q4_K - Medium         |   4.68 GiB |     8.19 B | Vulkan     |   0 |       4 |     512 |             1 | Vulkan0      | off        |           pp512 |         38.00 ± 0.11 |
2026-10-03 06:05:46	cycle=16	kernel=111	run=1	lab1	| qwen3 8B Q4_K - Medium         |   4.68 GiB |     8.19 B | Vulkan     |   0 |     512 |             1 | Vulkan0      | off        |           pp512 |         16.42 ± 0.02 |
2026-10-03 06:05:46	cycle=16	kernel=111	run=1	lab2	| qwen3 8B Q4_K - Medium         |   4.68 GiB |     8.19 B | Vulkan     |   0 |     512 |             1 | Vulkan0      | off        |           pp512 |         16.48 ± 0.08 |
2026-10-03 06:05:46	cycle=16	kernel=111	run=1	lab3	| qwen3 8B Q4_K - Medium         |   4.68 GiB |     8.19 B | Vulkan     |   0 |     512 |             1 | Vulkan0      | off        |           pp512 |         16.50 ± 0.15 |
2026-10-03 06:05:46	cycle=16	kernel=111	run=1	lab5	| qwen3 8B Q4_K - Medium         |   4.68 GiB |     8.19 B | Vulkan     |   0 |       4 |     512 |             1 | Vulkan0      | off        |           pp512 |         20.03 ± 0.14 |
2026-10-03 06:11:35	cycle=16	kernel=111	run=2	lab1	| qwen3 8B Q4_K - Medium         |   4.68 GiB |     8.19 B | Vulkan     |   0 |     512 |             1 | Vulkan0      | off        |           pp512 |         16.43 ± 0.05 |
2026-10-03 06:11:35	cycle=16	kernel=111	run=2	lab2	| qwen3 8B Q4_K - Medium         |   4.68 GiB |     8.19 B | Vulkan     |   0 |     512 |             1 | Vulkan0      | off        |           pp512 |         16.41 ± 0.05 |
2026-10-03 06:11:35	cycle=16	kernel=111	run=2	lab3	| qwen3 8B Q4_K - Medium         |   4.68 GiB |     8.19 B | Vulkan     |   0 |     512 |             1 | Vulkan0      | off        |           pp512 |         16.41 ± 0.03 |
2026-10-03 06:11:35	cycle=16	kernel=111	run=2	lab5	| qwen3 8B Q4_K - Medium         |   4.68 GiB |     8.19 B | Vulkan     |   0 |       4 |     512 |             1 | Vulkan0      | off        |           pp512 |         20.05 ± 0.20 |
2026-10-03 06:15:06	cycle=17	kernel=107	run=1	lab1	| qwen3 8B Q4_K - Medium         |   4.68 GiB |     8.19 B | Vulkan     |   0 |     512 |             1 | Vulkan0      | off        |           pp512 |         63.29 ± 2.42 |
2026-10-03 06:15:06	cycle=17	kernel=107	run=1	lab2	| qwen3 8B Q4_K - Medium         |   4.68 GiB |     8.19 B | Vulkan     |   0 |     512 |             1 | Vulkan0      | off        |           pp512 |         62.07 ± 0.08 |
2026-10-03 06:15:06	cycle=17	kernel=107	run=1	lab3	| qwen3 8B Q4_K - Medium         |   4.68 GiB |     8.19 B | Vulkan     |   0 |     512 |             1 | Vulkan0      | off        |           pp512 |         62.27 ± 0.48 |
2026-10-03 06:15:06	cycle=17	kernel=107	run=1	lab5	| qwen3 8B Q4_K - Medium         |   4.68 GiB |     8.19 B | Vulkan     |   0 |       4 |     512 |             1 | Vulkan0      | off        |           pp512 |         40.76 ± 5.70 |
2026-10-03 06:17:40	cycle=17	kernel=107	run=2	lab1	| qwen3 8B Q4_K - Medium         |   4.68 GiB |     8.19 B | Vulkan     |   0 |     512 |             1 | Vulkan0      | off        |           pp512 |         62.23 ± 0.32 |
2026-10-03 06:17:40	cycle=17	kernel=107	run=2	lab2	| qwen3 8B Q4_K - Medium         |   4.68 GiB |     8.19 B | Vulkan     |   0 |     512 |             1 | Vulkan0      | off        |           pp512 |         61.96 ± 0.29 |
2026-10-03 06:17:40	cycle=17	kernel=107	run=2	lab3	| qwen3 8B Q4_K - Medium         |   4.68 GiB |     8.19 B | Vulkan     |   0 |     512 |             1 | Vulkan0      | off        |           pp512 |         62.04 ± 0.33 |
2026-10-03 06:17:40	cycle=17	kernel=107	run=2	lab5	| qwen3 8B Q4_K - Medium         |   4.68 GiB |     8.19 B | Vulkan     |   0 |       4 |     512 |             1 | Vulkan0      | off        |           pp512 |         38.02 ± 0.07 |
2026-10-03 06:24:36	cycle=17	kernel=111	run=1	lab1	| qwen3 8B Q4_K - Medium         |   4.68 GiB |     8.19 B | Vulkan     |   0 |     512 |             1 | Vulkan0      | off        |           pp512 |         16.42 ± 0.02 |
2026-10-03 06:24:36	cycle=17	kernel=111	run=1	lab2	| qwen3 8B Q4_K - Medium         |   4.68 GiB |     8.19 B | Vulkan     |   0 |     512 |             1 | Vulkan0      | off        |           pp512 |         16.46 ± 0.12 |
2026-10-03 06:24:36	cycle=17	kernel=111	run=1	lab3	| qwen3 8B Q4_K - Medium         |   4.68 GiB |     8.19 B | Vulkan     |   0 |     512 |             1 | Vulkan0      | off        |           pp512 |         16.43 ± 0.03 |
2026-10-03 06:24:36	cycle=17	kernel=111	run=1	lab5	| qwen3 8B Q4_K - Medium         |   4.68 GiB |     8.19 B | Vulkan     |   0 |       4 |     512 |             1 | Vulkan0      | off        |           pp512 |         20.05 ± 0.06 |
2026-10-03 06:30:25	cycle=17	kernel=111	run=2	lab1	| qwen3 8B Q4_K - Medium         |   4.68 GiB |     8.19 B | Vulkan     |   0 |     512 |             1 | Vulkan0      | off        |           pp512 |         16.40 ± 0.03 |
2026-10-03 06:30:25	cycle=17	kernel=111	run=2	lab2	| qwen3 8B Q4_K - Medium         |   4.68 GiB |     8.19 B | Vulkan     |   0 |     512 |             1 | Vulkan0      | off        |           pp512 |         16.38 ± 0.02 |
2026-10-03 06:30:25	cycle=17	kernel=111	run=2	lab3	| qwen3 8B Q4_K - Medium         |   4.68 GiB |     8.19 B | Vulkan     |   0 |     512 |             1 | Vulkan0      | off        |           pp512 |         16.40 ± 0.02 |
2026-10-03 06:30:25	cycle=17	kernel=111	run=2	lab5	| qwen3 8B Q4_K - Medium         |   4.68 GiB |     8.19 B | Vulkan     |   0 |       4 |     512 |             1 | Vulkan0      | off        |           pp512 |         20.02 ± 0.29 |
2026-10-03 06:33:55	cycle=18	kernel=107	run=1	lab1	| qwen3 8B Q4_K - Medium         |   4.68 GiB |     8.19 B | Vulkan     |   0 |     512 |             1 | Vulkan0      | off        |           pp512 |         63.46 ± 1.39 |
2026-10-03 06:33:55	cycle=18	kernel=107	run=1	lab2	| qwen3 8B Q4_K - Medium         |   4.68 GiB |     8.19 B | Vulkan     |   0 |     512 |             1 | Vulkan0      | off        |           pp512 |         63.55 ± 2.19 |
2026-10-03 06:33:55	cycle=18	kernel=107	run=1	lab3	| qwen3 8B Q4_K - Medium         |   4.68 GiB |     8.19 B | Vulkan     |   0 |     512 |             1 | Vulkan0      | off        |           pp512 |         63.59 ± 2.21 |
2026-10-03 06:33:55	cycle=18	kernel=107	run=1	lab5	| qwen3 8B Q4_K - Medium         |   4.68 GiB |     8.19 B | Vulkan     |   0 |       4 |     512 |             1 | Vulkan0      | off        |           pp512 |         40.78 ± 5.81 |
2026-10-03 06:36:28	cycle=18	kernel=107	run=2	lab1	| qwen3 8B Q4_K - Medium         |   4.68 GiB |     8.19 B | Vulkan     |   0 |     512 |             1 | Vulkan0      | off        |           pp512 |         63.75 ± 2.35 |
2026-10-03 06:36:28	cycle=18	kernel=107	run=2	lab2	| qwen3 8B Q4_K - Medium         |   4.68 GiB |     8.19 B | Vulkan     |   0 |     512 |             1 | Vulkan0      | off        |           pp512 |         62.78 ± 1.54 |
2026-10-03 06:36:28	cycle=18	kernel=107	run=2	lab3	| qwen3 8B Q4_K - Medium         |   4.68 GiB |     8.19 B | Vulkan     |   0 |     512 |             1 | Vulkan0      | off        |           pp512 |         62.64 ± 1.05 |
2026-10-03 06:36:28	cycle=18	kernel=107	run=2	lab5	| qwen3 8B Q4_K - Medium         |   4.68 GiB |     8.19 B | Vulkan     |   0 |       4 |     512 |             1 | Vulkan0      | off        |           pp512 |         38.01 ± 0.07 |
2026-10-03 06:43:25	cycle=18	kernel=111	run=1	lab1	| qwen3 8B Q4_K - Medium         |   4.68 GiB |     8.19 B | Vulkan     |   0 |     512 |             1 | Vulkan0      | off        |           pp512 |         16.43 ± 0.05 |
2026-10-03 06:43:25	cycle=18	kernel=111	run=1	lab2	| qwen3 8B Q4_K - Medium         |   4.68 GiB |     8.19 B | Vulkan     |   0 |     512 |             1 | Vulkan0      | off        |           pp512 |         16.45 ± 0.10 |
2026-10-03 06:43:25	cycle=18	kernel=111	run=1	lab3	| qwen3 8B Q4_K - Medium         |   4.68 GiB |     8.19 B | Vulkan     |   0 |     512 |             1 | Vulkan0      | off        |           pp512 |         16.41 ± 0.03 |
2026-10-03 06:43:25	cycle=18	kernel=111	run=1	lab5	| qwen3 8B Q4_K - Medium         |   4.68 GiB |     8.19 B | Vulkan     |   0 |       4 |     512 |             1 | Vulkan0      | off        |           pp512 |         20.01 ± 0.17 |
2026-10-03 06:49:13	cycle=18	kernel=111	run=2	lab1	| qwen3 8B Q4_K - Medium         |   4.68 GiB |     8.19 B | Vulkan     |   0 |     512 |             1 | Vulkan0      | off        |           pp512 |         16.41 ± 0.03 |
2026-10-03 06:49:13	cycle=18	kernel=111	run=2	lab2	| qwen3 8B Q4_K - Medium         |   4.68 GiB |     8.19 B | Vulkan     |   0 |     512 |             1 | Vulkan0      | off        |           pp512 |         16.48 ± 0.15 |
2026-10-03 06:49:13	cycle=18	kernel=111	run=2	lab3	| qwen3 8B Q4_K - Medium         |   4.68 GiB |     8.19 B | Vulkan     |   0 |     512 |             1 | Vulkan0      | off        |           pp512 |         16.52 ± 0.16 |
2026-10-03 06:49:13	cycle=18	kernel=111	run=2	lab5	| qwen3 8B Q4_K - Medium         |   4.68 GiB |     8.19 B | Vulkan     |   0 |       4 |     512 |             1 | Vulkan0      | off        |           pp512 |         20.05 ± 0.23 |
2026-10-03 06:52:43	cycle=19	kernel=107	run=1	lab1	| qwen3 8B Q4_K - Medium         |   4.68 GiB |     8.19 B | Vulkan     |   0 |     512 |             1 | Vulkan0      | off        |           pp512 |         62.97 ± 1.52 |
2026-10-03 06:52:43	cycle=19	kernel=107	run=1	lab2	| qwen3 8B Q4_K - Medium         |   4.68 GiB |     8.19 B | Vulkan     |   0 |     512 |             1 | Vulkan0      | off        |           pp512 |         63.48 ± 1.72 |
2026-10-03 06:52:43	cycle=19	kernel=107	run=1	lab3	| qwen3 8B Q4_K - Medium         |   4.68 GiB |     8.19 B | Vulkan     |   0 |     512 |             1 | Vulkan0      | off        |           pp512 |         63.27 ± 2.49 |
2026-10-03 06:52:43	cycle=19	kernel=107	run=1	lab5	| qwen3 8B Q4_K - Medium         |   4.68 GiB |     8.19 B | Vulkan     |   0 |       4 |     512 |             1 | Vulkan0      | off        |           pp512 |         40.80 ± 5.67 |
2026-10-03 06:55:16	cycle=19	kernel=107	run=2	lab1	| qwen3 8B Q4_K - Medium         |   4.68 GiB |     8.19 B | Vulkan     |   0 |     512 |             1 | Vulkan0      | off        |           pp512 |         63.80 ± 2.35 |
2026-10-03 06:55:16	cycle=19	kernel=107	run=2	lab2	| qwen3 8B Q4_K - Medium         |   4.68 GiB |     8.19 B | Vulkan     |   0 |     512 |             1 | Vulkan0      | off        |           pp512 |         62.25 ± 0.38 |
2026-10-03 06:55:16	cycle=19	kernel=107	run=2	lab3	| qwen3 8B Q4_K - Medium         |   4.68 GiB |     8.19 B | Vulkan     |   0 |     512 |             1 | Vulkan0      | off        |           pp512 |         62.27 ± 0.63 |
2026-10-03 06:55:16	cycle=19	kernel=107	run=2	lab5	| qwen3 8B Q4_K - Medium         |   4.68 GiB |     8.19 B | Vulkan     |   0 |       4 |     512 |             1 | Vulkan0      | off        |           pp512 |         37.96 ± 0.16 |
2026-10-03 07:02:13	cycle=19	kernel=111	run=1	lab1	| qwen3 8B Q4_K - Medium         |   4.68 GiB |     8.19 B | Vulkan     |   0 |     512 |             1 | Vulkan0      | off        |           pp512 |         16.51 ± 0.15 |
2026-10-03 07:02:13	cycle=19	kernel=111	run=1	lab2	| qwen3 8B Q4_K - Medium         |   4.68 GiB |     8.19 B | Vulkan     |   0 |     512 |             1 | Vulkan0      | off        |           pp512 |         16.45 ± 0.10 |
2026-10-03 07:02:13	cycle=19	kernel=111	run=1	lab3	| qwen3 8B Q4_K - Medium         |   4.68 GiB |     8.19 B | Vulkan     |   0 |     512 |             1 | Vulkan0      | off        |           pp512 |         16.46 ± 0.10 |
2026-10-03 07:02:13	cycle=19	kernel=111	run=1	lab5	| qwen3 8B Q4_K - Medium         |   4.68 GiB |     8.19 B | Vulkan     |   0 |       4 |     512 |             1 | Vulkan0      | off        |           pp512 |         20.08 ± 0.08 |
2026-10-03 07:08:01	cycle=19	kernel=111	run=2	lab1	| qwen3 8B Q4_K - Medium         |   4.68 GiB |     8.19 B | Vulkan     |   0 |     512 |             1 | Vulkan0      | off        |           pp512 |         16.42 ± 0.02 |
2026-10-03 07:08:01	cycle=19	kernel=111	run=2	lab2	| qwen3 8B Q4_K - Medium         |   4.68 GiB |     8.19 B | Vulkan     |   0 |     512 |             1 | Vulkan0      | off        |           pp512 |         16.41 ± 0.04 |
2026-10-03 07:08:01	cycle=19	kernel=111	run=2	lab3	| qwen3 8B Q4_K - Medium         |   4.68 GiB |     8.19 B | Vulkan     |   0 |     512 |             1 | Vulkan0      | off        |           pp512 |         16.51 ± 0.13 |
2026-10-03 07:08:01	cycle=19	kernel=111	run=2	lab5	| qwen3 8B Q4_K - Medium         |   4.68 GiB |     8.19 B | Vulkan     |   0 |       4 |     512 |             1 | Vulkan0      | off        |           pp512 |         20.07 ± 0.20 |
2026-10-03 07:11:30	cycle=20	kernel=107	run=1	lab1	| qwen3 8B Q4_K - Medium         |   4.68 GiB |     8.19 B | Vulkan     |   0 |     512 |             1 | Vulkan0      | off        |           pp512 |         62.30 ± 0.45 |
2026-10-03 07:11:30	cycle=20	kernel=107	run=1	lab2	| qwen3 8B Q4_K - Medium         |   4.68 GiB |     8.19 B | Vulkan     |   0 |     512 |             1 | Vulkan0      | off        |           pp512 |         62.61 ± 1.31 |
2026-10-03 07:11:30	cycle=20	kernel=107	run=1	lab3	| qwen3 8B Q4_K - Medium         |   4.68 GiB |     8.19 B | Vulkan     |   0 |     512 |             1 | Vulkan0      | off        |           pp512 |         62.67 ± 0.65 |
2026-10-03 07:11:30	cycle=20	kernel=107	run=1	lab5	| qwen3 8B Q4_K - Medium         |   4.68 GiB |     8.19 B | Vulkan     |   0 |       4 |     512 |             1 | Vulkan0      | off        |           pp512 |         40.83 ± 5.72 |
2026-10-03 07:14:03	cycle=20	kernel=107	run=2	lab1	| qwen3 8B Q4_K - Medium         |   4.68 GiB |     8.19 B | Vulkan     |   0 |     512 |             1 | Vulkan0      | off        |           pp512 |         62.27 ± 0.45 |
2026-10-03 07:14:03	cycle=20	kernel=107	run=2	lab2	| qwen3 8B Q4_K - Medium         |   4.68 GiB |     8.19 B | Vulkan     |   0 |     512 |             1 | Vulkan0      | off        |           pp512 |         62.74 ± 1.53 |
2026-10-03 07:14:03	cycle=20	kernel=107	run=2	lab3	| qwen3 8B Q4_K - Medium         |   4.68 GiB |     8.19 B | Vulkan     |   0 |     512 |             1 | Vulkan0      | off        |           pp512 |         62.47 ± 0.76 |
2026-10-03 07:14:03	cycle=20	kernel=107	run=2	lab5	| qwen3 8B Q4_K - Medium         |   4.68 GiB |     8.19 B | Vulkan     |   0 |       4 |     512 |             1 | Vulkan0      | off        |           pp512 |         38.08 ± 0.09 |
2026-10-03 07:21:02	cycle=20	kernel=111	run=1	lab1	| qwen3 8B Q4_K - Medium         |   4.68 GiB |     8.19 B | Vulkan     |   0 |     512 |             1 | Vulkan0      | off        |           pp512 |         16.43 ± 0.04 |
2026-10-03 07:21:02	cycle=20	kernel=111	run=1	lab2	| qwen3 8B Q4_K - Medium         |   4.68 GiB |     8.19 B | Vulkan     |   0 |     512 |             1 | Vulkan0      | off        |           pp512 |         16.58 ± 0.20 |
2026-10-03 07:21:02	cycle=20	kernel=111	run=1	lab3	| qwen3 8B Q4_K - Medium         |   4.68 GiB |     8.19 B | Vulkan     |   0 |     512 |             1 | Vulkan0      | off        |           pp512 |         16.45 ± 0.07 |
2026-10-03 07:21:02	cycle=20	kernel=111	run=1	lab5	| qwen3 8B Q4_K - Medium         |   4.68 GiB |     8.19 B | Vulkan     |   0 |       4 |     512 |             1 | Vulkan0      | off        |           pp512 |         20.04 ± 0.16 |
2026-10-03 07:26:50	cycle=20	kernel=111	run=2	lab1	| qwen3 8B Q4_K - Medium         |   4.68 GiB |     8.19 B | Vulkan     |   0 |     512 |             1 | Vulkan0      | off        |           pp512 |         16.55 ± 0.17 |
2026-10-03 07:26:50	cycle=20	kernel=111	run=2	lab2	| qwen3 8B Q4_K - Medium         |   4.68 GiB |     8.19 B | Vulkan     |   0 |     512 |             1 | Vulkan0      | off        |           pp512 |         16.44 ± 0.06 |
2026-10-03 07:26:50	cycle=20	kernel=111	run=2	lab3	| qwen3 8B Q4_K - Medium         |   4.68 GiB |     8.19 B | Vulkan     |   0 |     512 |             1 | Vulkan0      | off        |           pp512 |         16.43 ± 0.03 |
2026-10-03 07:26:50	cycle=20	kernel=111	run=2	lab5	| qwen3 8B Q4_K - Medium         |   4.68 GiB |     8.19 B | Vulkan     |   0 |       4 |     512 |             1 | Vulkan0      | off        |           pp512 |         20.09 ± 0.15 |
2026-10-03 07:30:20	cycle=21	kernel=107	run=1	lab1	| qwen3 8B Q4_K - Medium         |   4.68 GiB |     8.19 B | Vulkan     |   0 |     512 |             1 | Vulkan0      | off        |           pp512 |         63.32 ± 2.44 |
2026-10-03 07:30:20	cycle=21	kernel=107	run=1	lab2	| qwen3 8B Q4_K - Medium         |   4.68 GiB |     8.19 B | Vulkan     |   0 |     512 |             1 | Vulkan0      | off        |           pp512 |         62.99 ± 1.93 |
2026-10-03 07:30:20	cycle=21	kernel=107	run=1	lab3	| qwen3 8B Q4_K - Medium         |   4.68 GiB |     8.19 B | Vulkan     |   0 |     512 |             1 | Vulkan0      | off        |           pp512 |         62.18 ± 0.48 |
2026-10-03 07:30:20	cycle=21	kernel=107	run=1	lab5	| qwen3 8B Q4_K - Medium         |   4.68 GiB |     8.19 B | Vulkan     |   0 |       4 |     512 |             1 | Vulkan0      | off        |           pp512 |         40.92 ± 5.62 |
2026-10-03 07:32:53	cycle=21	kernel=107	run=2	lab1	| qwen3 8B Q4_K - Medium         |   4.68 GiB |     8.19 B | Vulkan     |   0 |     512 |             1 | Vulkan0      | off        |           pp512 |         62.81 ± 1.19 |
2026-10-03 07:32:53	cycle=21	kernel=107	run=2	lab2	| qwen3 8B Q4_K - Medium         |   4.68 GiB |     8.19 B | Vulkan     |   0 |     512 |             1 | Vulkan0      | off        |           pp512 |         62.62 ± 1.36 |
2026-10-03 07:32:53	cycle=21	kernel=107	run=2	lab3	| qwen3 8B Q4_K - Medium         |   4.68 GiB |     8.19 B | Vulkan     |   0 |     512 |             1 | Vulkan0      | off        |           pp512 |         62.41 ± 0.46 |
2026-10-03 07:32:53	cycle=21	kernel=107	run=2	lab5	| qwen3 8B Q4_K - Medium         |   4.68 GiB |     8.19 B | Vulkan     |   0 |       4 |     512 |             1 | Vulkan0      | off        |           pp512 |         38.04 ± 0.12 |
2026-10-03 07:39:50	cycle=21	kernel=111	run=1	lab1	| qwen3 8B Q4_K - Medium         |   4.68 GiB |     8.19 B | Vulkan     |   0 |     512 |             1 | Vulkan0      | off        |           pp512 |         16.41 ± 0.04 |
2026-10-03 07:39:50	cycle=21	kernel=111	run=1	lab2	| qwen3 8B Q4_K - Medium         |   4.68 GiB |     8.19 B | Vulkan     |   0 |     512 |             1 | Vulkan0      | off        |           pp512 |         16.55 ± 0.19 |
2026-10-03 07:39:50	cycle=21	kernel=111	run=1	lab3	| qwen3 8B Q4_K - Medium         |   4.68 GiB |     8.19 B | Vulkan     |   0 |     512 |             1 | Vulkan0      | off        |           pp512 |         16.44 ± 0.08 |
2026-10-03 07:39:50	cycle=21	kernel=111	run=1	lab5	| qwen3 8B Q4_K - Medium         |   4.68 GiB |     8.19 B | Vulkan     |   0 |       4 |     512 |             1 | Vulkan0      | off        |           pp512 |         20.03 ± 0.17 |
2026-10-03 07:45:39	cycle=21	kernel=111	run=2	lab1	| qwen3 8B Q4_K - Medium         |   4.68 GiB |     8.19 B | Vulkan     |   0 |     512 |             1 | Vulkan0      | off        |           pp512 |         16.45 ± 0.08 |
2026-10-03 07:45:39	cycle=21	kernel=111	run=2	lab2	| qwen3 8B Q4_K - Medium         |   4.68 GiB |     8.19 B | Vulkan     |   0 |     512 |             1 | Vulkan0      | off        |           pp512 |         16.42 ± 0.06 |
2026-10-03 07:45:39	cycle=21	kernel=111	run=2	lab3	| qwen3 8B Q4_K - Medium         |   4.68 GiB |     8.19 B | Vulkan     |   0 |     512 |             1 | Vulkan0      | off        |           pp512 |         16.52 ± 0.11 |
2026-10-03 07:45:39	cycle=21	kernel=111	run=2	lab5	| qwen3 8B Q4_K - Medium         |   4.68 GiB |     8.19 B | Vulkan     |   0 |       4 |     512 |             1 | Vulkan0      | off        |           pp512 |         19.99 ± 0.11 |
2026-10-03 07:49:09	cycle=22	kernel=107	run=1	lab1	| qwen3 8B Q4_K - Medium         |   4.68 GiB |     8.19 B | Vulkan     |   0 |     512 |             1 | Vulkan0      | off        |           pp512 |         64.37 ± 2.69 |
2026-10-03 07:49:09	cycle=22	kernel=107	run=1	lab2	| qwen3 8B Q4_K - Medium         |   4.68 GiB |     8.19 B | Vulkan     |   0 |     512 |             1 | Vulkan0      | off        |           pp512 |         62.51 ± 0.78 |
2026-10-03 07:49:09	cycle=22	kernel=107	run=1	lab3	| qwen3 8B Q4_K - Medium         |   4.68 GiB |     8.19 B | Vulkan     |   0 |     512 |             1 | Vulkan0      | off        |           pp512 |         63.36 ± 2.24 |
2026-10-03 07:49:09	cycle=22	kernel=107	run=1	lab5	| qwen3 8B Q4_K - Medium         |   4.68 GiB |     8.19 B | Vulkan     |   0 |       4 |     512 |             1 | Vulkan0      | off        |           pp512 |         40.91 ± 5.81 |
2026-10-03 07:51:43	cycle=22	kernel=107	run=2	lab1	| qwen3 8B Q4_K - Medium         |   4.68 GiB |     8.19 B | Vulkan     |   0 |     512 |             1 | Vulkan0      | off        |           pp512 |         63.11 ± 2.04 |
2026-10-03 07:51:43	cycle=22	kernel=107	run=2	lab2	| qwen3 8B Q4_K - Medium         |   4.68 GiB |     8.19 B | Vulkan     |   0 |     512 |             1 | Vulkan0      | off        |           pp512 |         62.76 ± 1.43 |
2026-10-03 07:51:43	cycle=22	kernel=107	run=2	lab3	| qwen3 8B Q4_K - Medium         |   4.68 GiB |     8.19 B | Vulkan     |   0 |     512 |             1 | Vulkan0      | off        |           pp512 |         63.93 ± 2.64 |
2026-10-03 07:51:43	cycle=22	kernel=107	run=2	lab5	| qwen3 8B Q4_K - Medium         |   4.68 GiB |     8.19 B | Vulkan     |   0 |       4 |     512 |             1 | Vulkan0      | off        |           pp512 |         37.97 ± 0.09 |
2026-10-03 07:58:41	cycle=22	kernel=111	run=1	lab1	| qwen3 8B Q4_K - Medium         |   4.68 GiB |     8.19 B | Vulkan     |   0 |     512 |             1 | Vulkan0      | off        |           pp512 |         16.43 ± 0.03 |
2026-10-03 07:58:41	cycle=22	kernel=111	run=1	lab2	| qwen3 8B Q4_K - Medium         |   4.68 GiB |     8.19 B | Vulkan     |   0 |     512 |             1 | Vulkan0      | off        |           pp512 |         16.44 ± 0.11 |
2026-10-03 07:58:41	cycle=22	kernel=111	run=1	lab3	| qwen3 8B Q4_K - Medium         |   4.68 GiB |     8.19 B | Vulkan     |   0 |     512 |             1 | Vulkan0      | off        |           pp512 |         16.53 ± 0.20 |
2026-10-03 07:58:41	cycle=22	kernel=111	run=1	lab5	| qwen3 8B Q4_K - Medium         |   4.68 GiB |     8.19 B | Vulkan     |   0 |       4 |     512 |             1 | Vulkan0      | off        |           pp512 |         19.98 ± 0.21 |
2026-10-03 08:04:30	cycle=22	kernel=111	run=2	lab1	| qwen3 8B Q4_K - Medium         |   4.68 GiB |     8.19 B | Vulkan     |   0 |     512 |             1 | Vulkan0      | off        |           pp512 |         16.44 ± 0.09 |
2026-10-03 08:04:30	cycle=22	kernel=111	run=2	lab2	| qwen3 8B Q4_K - Medium         |   4.68 GiB |     8.19 B | Vulkan     |   0 |     512 |             1 | Vulkan0      | off        |           pp512 |         16.40 ± 0.03 |
2026-10-03 08:04:30	cycle=22	kernel=111	run=2	lab3	| qwen3 8B Q4_K - Medium         |   4.68 GiB |     8.19 B | Vulkan     |   0 |     512 |             1 | Vulkan0      | off        |           pp512 |         16.41 ± 0.02 |
2026-10-03 08:04:30	cycle=22	kernel=111	run=2	lab5	| qwen3 8B Q4_K - Medium         |   4.68 GiB |     8.19 B | Vulkan     |   0 |       4 |     512 |             1 | Vulkan0      | off        |           pp512 |         20.06 ± 0.12 |
2026-10-03 08:07:59	cycle=23	kernel=107	run=1	lab1	| qwen3 8B Q4_K - Medium         |   4.68 GiB |     8.19 B | Vulkan     |   0 |     512 |             1 | Vulkan0      | off        |           pp512 |         62.83 ± 0.87 |
2026-10-03 08:07:59	cycle=23	kernel=107	run=1	lab2	| qwen3 8B Q4_K - Medium         |   4.68 GiB |     8.19 B | Vulkan     |   0 |     512 |             1 | Vulkan0      | off        |           pp512 |         62.16 ± 0.23 |
2026-10-03 08:07:59	cycle=23	kernel=107	run=1	lab3	| qwen3 8B Q4_K - Medium         |   4.68 GiB |     8.19 B | Vulkan     |   0 |     512 |             1 | Vulkan0      | off        |           pp512 |         63.28 ± 1.33 |
2026-10-03 08:07:59	cycle=23	kernel=107	run=1	lab5	| qwen3 8B Q4_K - Medium         |   4.68 GiB |     8.19 B | Vulkan     |   0 |       4 |     512 |             1 | Vulkan0      | off        |           pp512 |         40.80 ± 5.68 |
2026-10-03 08:10:34	cycle=23	kernel=107	run=2	lab1	| qwen3 8B Q4_K - Medium         |   4.68 GiB |     8.19 B | Vulkan     |   0 |     512 |             1 | Vulkan0      | off        |           pp512 |         64.11 ± 2.27 |
2026-10-03 08:10:34	cycle=23	kernel=107	run=2	lab2	| qwen3 8B Q4_K - Medium         |   4.68 GiB |     8.19 B | Vulkan     |   0 |     512 |             1 | Vulkan0      | off        |           pp512 |         63.61 ± 2.24 |
2026-10-03 08:10:34	cycle=23	kernel=107	run=2	lab3	| qwen3 8B Q4_K - Medium         |   4.68 GiB |     8.19 B | Vulkan     |   0 |     512 |             1 | Vulkan0      | off        |           pp512 |         62.47 ± 1.31 |
2026-10-03 08:10:34	cycle=23	kernel=107	run=2	lab5	| qwen3 8B Q4_K - Medium         |   4.68 GiB |     8.19 B | Vulkan     |   0 |       4 |     512 |             1 | Vulkan0      | off        |           pp512 |         38.02 ± 0.15 |
2026-10-03 08:17:30	cycle=23	kernel=111	run=1	lab1	| qwen3 8B Q4_K - Medium         |   4.68 GiB |     8.19 B | Vulkan     |   0 |     512 |             1 | Vulkan0      | off        |           pp512 |         16.46 ± 0.10 |
2026-10-03 08:17:30	cycle=23	kernel=111	run=1	lab2	| qwen3 8B Q4_K - Medium         |   4.68 GiB |     8.19 B | Vulkan     |   0 |     512 |             1 | Vulkan0      | off        |           pp512 |         16.46 ± 0.09 |
2026-10-03 08:17:30	cycle=23	kernel=111	run=1	lab3	| qwen3 8B Q4_K - Medium         |   4.68 GiB |     8.19 B | Vulkan     |   0 |     512 |             1 | Vulkan0      | off        |           pp512 |         16.47 ± 0.14 |
2026-10-03 08:17:30	cycle=23	kernel=111	run=1	lab5	| qwen3 8B Q4_K - Medium         |   4.68 GiB |     8.19 B | Vulkan     |   0 |       4 |     512 |             1 | Vulkan0      | off        |           pp512 |         20.02 ± 0.10 |
2026-10-03 08:23:19	cycle=23	kernel=111	run=2	lab1	| qwen3 8B Q4_K - Medium         |   4.68 GiB |     8.19 B | Vulkan     |   0 |     512 |             1 | Vulkan0      | off        |           pp512 |         16.48 ± 0.12 |
2026-10-03 08:23:19	cycle=23	kernel=111	run=2	lab2	| qwen3 8B Q4_K - Medium         |   4.68 GiB |     8.19 B | Vulkan     |   0 |     512 |             1 | Vulkan0      | off        |           pp512 |         16.46 ± 0.11 |
2026-10-03 08:23:19	cycle=23	kernel=111	run=2	lab3	| qwen3 8B Q4_K - Medium         |   4.68 GiB |     8.19 B | Vulkan     |   0 |     512 |             1 | Vulkan0      | off        |           pp512 |         16.41 ± 0.03 |
2026-10-03 08:23:19	cycle=23	kernel=111	run=2	lab5	| qwen3 8B Q4_K - Medium         |   4.68 GiB |     8.19 B | Vulkan     |   0 |       4 |     512 |             1 | Vulkan0      | off        |           pp512 |         20.05 ± 0.29 |
2026-10-03 08:26:49	cycle=24	kernel=107	run=1	lab1	| qwen3 8B Q4_K - Medium         |   4.68 GiB |     8.19 B | Vulkan     |   0 |     512 |             1 | Vulkan0      | off        |           pp512 |         63.47 ± 2.33 |
2026-10-03 08:26:49	cycle=24	kernel=107	run=1	lab2	| qwen3 8B Q4_K - Medium         |   4.68 GiB |     8.19 B | Vulkan     |   0 |     512 |             1 | Vulkan0      | off        |           pp512 |         63.81 ± 2.36 |
2026-10-03 08:26:49	cycle=24	kernel=107	run=1	lab3	| qwen3 8B Q4_K - Medium         |   4.68 GiB |     8.19 B | Vulkan     |   0 |     512 |             1 | Vulkan0      | off        |           pp512 |         63.19 ± 1.89 |
2026-10-03 08:26:49	cycle=24	kernel=107	run=1	lab5	| qwen3 8B Q4_K - Medium         |   4.68 GiB |     8.19 B | Vulkan     |   0 |       4 |     512 |             1 | Vulkan0      | off        |           pp512 |         40.89 ± 5.67 |
2026-10-03 08:29:22	cycle=24	kernel=107	run=2	lab1	| qwen3 8B Q4_K - Medium         |   4.68 GiB |     8.19 B | Vulkan     |   0 |     512 |             1 | Vulkan0      | off        |           pp512 |         62.85 ± 1.82 |
2026-10-03 08:29:22	cycle=24	kernel=107	run=2	lab2	| qwen3 8B Q4_K - Medium         |   4.68 GiB |     8.19 B | Vulkan     |   0 |     512 |             1 | Vulkan0      | off        |           pp512 |         62.72 ± 1.34 |
2026-10-03 08:29:22	cycle=24	kernel=107	run=2	lab3	| qwen3 8B Q4_K - Medium         |   4.68 GiB |     8.19 B | Vulkan     |   0 |     512 |             1 | Vulkan0      | off        |           pp512 |         64.91 ± 3.31 |
2026-10-03 08:29:22	cycle=24	kernel=107	run=2	lab5	| qwen3 8B Q4_K - Medium         |   4.68 GiB |     8.19 B | Vulkan     |   0 |       4 |     512 |             1 | Vulkan0      | off        |           pp512 |         38.08 ± 0.11 |
2026-10-03 08:36:18	cycle=24	kernel=111	run=1	lab1	| qwen3 8B Q4_K - Medium         |   4.68 GiB |     8.19 B | Vulkan     |   0 |     512 |             1 | Vulkan0      | off        |           pp512 |         16.43 ± 0.04 |
2026-10-03 08:36:18	cycle=24	kernel=111	run=1	lab2	| qwen3 8B Q4_K - Medium         |   4.68 GiB |     8.19 B | Vulkan     |   0 |     512 |             1 | Vulkan0      | off        |           pp512 |         16.45 ± 0.16 |
2026-10-03 08:36:18	cycle=24	kernel=111	run=1	lab3	| qwen3 8B Q4_K - Medium         |   4.68 GiB |     8.19 B | Vulkan     |   0 |     512 |             1 | Vulkan0      | off        |           pp512 |         16.52 ± 0.15 |
2026-10-03 08:36:18	cycle=24	kernel=111	run=1	lab5	| qwen3 8B Q4_K - Medium         |   4.68 GiB |     8.19 B | Vulkan     |   0 |       4 |     512 |             1 | Vulkan0      | off        |           pp512 |         20.04 ± 0.23 |
2026-10-03 08:42:06	cycle=24	kernel=111	run=2	lab1	| qwen3 8B Q4_K - Medium         |   4.68 GiB |     8.19 B | Vulkan     |   0 |     512 |             1 | Vulkan0      | off        |           pp512 |         16.41 ± 0.03 |
2026-10-03 08:42:06	cycle=24	kernel=111	run=2	lab2	| qwen3 8B Q4_K - Medium         |   4.68 GiB |     8.19 B | Vulkan     |   0 |     512 |             1 | Vulkan0      | off        |           pp512 |         16.41 ± 0.05 |
2026-10-03 08:42:06	cycle=24	kernel=111	run=2	lab3	| qwen3 8B Q4_K - Medium         |   4.68 GiB |     8.19 B | Vulkan     |   0 |     512 |             1 | Vulkan0      | off        |           pp512 |         16.41 ± 0.03 |
2026-10-03 08:42:06	cycle=24	kernel=111	run=2	lab5	| qwen3 8B Q4_K - Medium         |   4.68 GiB |     8.19 B | Vulkan     |   0 |       4 |     512 |             1 | Vulkan0      | off        |           pp512 |         20.01 ± 0.24 |
2026-10-03 08:45:35	cycle=25	kernel=107	run=1	lab1	| qwen3 8B Q4_K - Medium         |   4.68 GiB |     8.19 B | Vulkan     |   0 |     512 |             1 | Vulkan0      | off        |           pp512 |         62.75 ± 1.20 |
2026-10-03 08:45:35	cycle=25	kernel=107	run=1	lab2	| qwen3 8B Q4_K - Medium         |   4.68 GiB |     8.19 B | Vulkan     |   0 |     512 |             1 | Vulkan0      | off        |           pp512 |         63.35 ± 2.38 |
2026-10-03 08:45:35	cycle=25	kernel=107	run=1	lab3	| qwen3 8B Q4_K - Medium         |   4.68 GiB |     8.19 B | Vulkan     |   0 |     512 |             1 | Vulkan0      | off        |           pp512 |         63.42 ± 2.16 |
2026-10-03 08:45:35	cycle=25	kernel=107	run=1	lab5	| qwen3 8B Q4_K - Medium         |   4.68 GiB |     8.19 B | Vulkan     |   0 |       4 |     512 |             1 | Vulkan0      | off        |           pp512 |         41.01 ± 5.82 |
2026-10-03 08:48:08	cycle=25	kernel=107	run=2	lab1	| qwen3 8B Q4_K - Medium         |   4.68 GiB |     8.19 B | Vulkan     |   0 |     512 |             1 | Vulkan0      | off        |           pp512 |         62.94 ± 1.63 |
2026-10-03 08:48:08	cycle=25	kernel=107	run=2	lab2	| qwen3 8B Q4_K - Medium         |   4.68 GiB |     8.19 B | Vulkan     |   0 |     512 |             1 | Vulkan0      | off        |           pp512 |         64.39 ± 2.87 |
2026-10-03 08:48:08	cycle=25	kernel=107	run=2	lab3	| qwen3 8B Q4_K - Medium         |   4.68 GiB |     8.19 B | Vulkan     |   0 |     512 |             1 | Vulkan0      | off        |           pp512 |         62.67 ± 1.82 |
2026-10-03 08:48:08	cycle=25	kernel=107	run=2	lab5	| qwen3 8B Q4_K - Medium         |   4.68 GiB |     8.19 B | Vulkan     |   0 |       4 |     512 |             1 | Vulkan0      | off        |           pp512 |         38.13 ± 0.22 |
2026-10-03 08:55:04	cycle=25	kernel=111	run=1	lab1	| qwen3 8B Q4_K - Medium         |   4.68 GiB |     8.19 B | Vulkan     |   0 |     512 |             1 | Vulkan0      | off        |           pp512 |         16.45 ± 0.09 |
2026-10-03 08:55:04	cycle=25	kernel=111	run=1	lab2	| qwen3 8B Q4_K - Medium         |   4.68 GiB |     8.19 B | Vulkan     |   0 |     512 |             1 | Vulkan0      | off        |           pp512 |         16.38 ± 0.02 |
2026-10-03 08:55:04	cycle=25	kernel=111	run=1	lab3	| qwen3 8B Q4_K - Medium         |   4.68 GiB |     8.19 B | Vulkan     |   0 |     512 |             1 | Vulkan0      | off        |           pp512 |         16.50 ± 0.17 |
2026-10-03 08:55:04	cycle=25	kernel=111	run=1	lab5	| qwen3 8B Q4_K - Medium         |   4.68 GiB |     8.19 B | Vulkan     |   0 |       4 |     512 |             1 | Vulkan0      | off        |           pp512 |         20.11 ± 0.12 |
2026-10-03 09:00:54	cycle=25	kernel=111	run=2	lab1	| qwen3 8B Q4_K - Medium         |   4.68 GiB |     8.19 B | Vulkan     |   0 |     512 |             1 | Vulkan0      | off        |           pp512 |         16.40 ± 0.04 |
2026-10-03 09:00:54	cycle=25	kernel=111	run=2	lab2	| qwen3 8B Q4_K - Medium         |   4.68 GiB |     8.19 B | Vulkan     |   0 |     512 |             1 | Vulkan0      | off        |           pp512 |         16.41 ± 0.05 |
2026-10-03 09:00:54	cycle=25	kernel=111	run=2	lab3	| qwen3 8B Q4_K - Medium         |   4.68 GiB |     8.19 B | Vulkan     |   0 |     512 |             1 | Vulkan0      | off        |           pp512 |         16.41 ± 0.03 |
2026-10-03 09:00:54	cycle=25	kernel=111	run=2	lab5	| qwen3 8B Q4_K - Medium         |   4.68 GiB |     8.19 B | Vulkan     |   0 |       4 |     512 |             1 | Vulkan0      | off        |           pp512 |         20.03 ± 0.16 |
2026-10-03 09:04:24	cycle=26	kernel=107	run=1	lab1	| qwen3 8B Q4_K - Medium         |   4.68 GiB |     8.19 B | Vulkan     |   0 |     512 |             1 | Vulkan0      | off        |           pp512 |         63.11 ± 1.68 |
2026-10-03 09:04:24	cycle=26	kernel=107	run=1	lab2	| qwen3 8B Q4_K - Medium         |   4.68 GiB |     8.19 B | Vulkan     |   0 |     512 |             1 | Vulkan0      | off        |           pp512 |         62.78 ± 1.46 |
2026-10-03 09:04:24	cycle=26	kernel=107	run=1	lab3	| qwen3 8B Q4_K - Medium         |   4.68 GiB |     8.19 B | Vulkan     |   0 |     512 |             1 | Vulkan0      | off        |           pp512 |         62.52 ± 0.87 |
2026-10-03 09:04:24	cycle=26	kernel=107	run=1	lab5	| qwen3 8B Q4_K - Medium         |   4.68 GiB |     8.19 B | Vulkan     |   0 |       4 |     512 |             1 | Vulkan0      | off        |           pp512 |         40.86 ± 5.77 |
2026-10-03 09:06:57	cycle=26	kernel=107	run=2	lab1	| qwen3 8B Q4_K - Medium         |   4.68 GiB |     8.19 B | Vulkan     |   0 |     512 |             1 | Vulkan0      | off        |           pp512 |         63.75 ± 2.46 |
2026-10-03 09:06:57	cycle=26	kernel=107	run=2	lab2	| qwen3 8B Q4_K - Medium         |   4.68 GiB |     8.19 B | Vulkan     |   0 |     512 |             1 | Vulkan0      | off        |           pp512 |         62.49 ± 0.86 |
2026-10-03 09:06:57	cycle=26	kernel=107	run=2	lab3	| qwen3 8B Q4_K - Medium         |   4.68 GiB |     8.19 B | Vulkan     |   0 |     512 |             1 | Vulkan0      | off        |           pp512 |         62.80 ± 2.08 |
2026-10-03 09:06:57	cycle=26	kernel=107	run=2	lab5	| qwen3 8B Q4_K - Medium         |   4.68 GiB |     8.19 B | Vulkan     |   0 |       4 |     512 |             1 | Vulkan0      | off        |           pp512 |         38.03 ± 0.10 |
2026-10-03 09:13:54	cycle=26	kernel=111	run=1	lab1	| qwen3 8B Q4_K - Medium         |   4.68 GiB |     8.19 B | Vulkan     |   0 |     512 |             1 | Vulkan0      | off        |           pp512 |         16.42 ± 0.04 |
2026-10-03 09:13:54	cycle=26	kernel=111	run=1	lab2	| qwen3 8B Q4_K - Medium         |   4.68 GiB |     8.19 B | Vulkan     |   0 |     512 |             1 | Vulkan0      | off        |           pp512 |         16.42 ± 0.03 |
2026-10-03 09:13:54	cycle=26	kernel=111	run=1	lab3	| qwen3 8B Q4_K - Medium         |   4.68 GiB |     8.19 B | Vulkan     |   0 |     512 |             1 | Vulkan0      | off        |           pp512 |         16.47 ± 0.19 |
2026-10-03 09:13:54	cycle=26	kernel=111	run=1	lab5	| qwen3 8B Q4_K - Medium         |   4.68 GiB |     8.19 B | Vulkan     |   0 |       4 |     512 |             1 | Vulkan0      | off        |           pp512 |         20.08 ± 0.23 |
2026-10-03 09:19:42	cycle=26	kernel=111	run=2	lab1	| qwen3 8B Q4_K - Medium         |   4.68 GiB |     8.19 B | Vulkan     |   0 |     512 |             1 | Vulkan0      | off        |           pp512 |         16.45 ± 0.11 |
2026-10-03 09:19:42	cycle=26	kernel=111	run=2	lab2	| qwen3 8B Q4_K - Medium         |   4.68 GiB |     8.19 B | Vulkan     |   0 |     512 |             1 | Vulkan0      | off        |           pp512 |         16.45 ± 0.12 |
2026-10-03 09:19:42	cycle=26	kernel=111	run=2	lab3	| qwen3 8B Q4_K - Medium         |   4.68 GiB |     8.19 B | Vulkan     |   0 |     512 |             1 | Vulkan0      | off        |           pp512 |         16.40 ± 0.02 |
2026-10-03 09:19:42	cycle=26	kernel=111	run=2	lab5	| qwen3 8B Q4_K - Medium         |   4.68 GiB |     8.19 B | Vulkan     |   0 |       4 |     512 |             1 | Vulkan0      | off        |           pp512 |         19.99 ± 0.13 |
2026-10-03 09:23:13	cycle=27	kernel=107	run=1	lab1	| qwen3 8B Q4_K - Medium         |   4.68 GiB |     8.19 B | Vulkan     |   0 |     512 |             1 | Vulkan0      | off        |           pp512 |         63.09 ± 0.97 |
2026-10-03 09:23:13	cycle=27	kernel=107	run=1	lab2	| qwen3 8B Q4_K - Medium         |   4.68 GiB |     8.19 B | Vulkan     |   0 |     512 |             1 | Vulkan0      | off        |           pp512 |         63.05 ± 2.03 |
2026-10-03 09:23:13	cycle=27	kernel=107	run=1	lab3	| qwen3 8B Q4_K - Medium         |   4.68 GiB |     8.19 B | Vulkan     |   0 |     512 |             1 | Vulkan0      | off        |           pp512 |         62.86 ± 1.48 |
2026-10-03 09:23:13	cycle=27	kernel=107	run=1	lab5	| qwen3 8B Q4_K - Medium         |   4.68 GiB |     8.19 B | Vulkan     |   0 |       4 |     512 |             1 | Vulkan0      | off        |           pp512 |         40.91 ± 5.75 |
2026-10-03 09:25:46	cycle=27	kernel=107	run=2	lab1	| qwen3 8B Q4_K - Medium         |   4.68 GiB |     8.19 B | Vulkan     |   0 |     512 |             1 | Vulkan0      | off        |           pp512 |         63.46 ± 1.62 |
2026-10-03 09:25:46	cycle=27	kernel=107	run=2	lab2	| qwen3 8B Q4_K - Medium         |   4.68 GiB |     8.19 B | Vulkan     |   0 |     512 |             1 | Vulkan0      | off        |           pp512 |         62.49 ± 1.66 |
2026-10-03 09:25:46	cycle=27	kernel=107	run=2	lab3	| qwen3 8B Q4_K - Medium         |   4.68 GiB |     8.19 B | Vulkan     |   0 |     512 |             1 | Vulkan0      | off        |           pp512 |         63.74 ± 2.35 |
2026-10-03 09:25:46	cycle=27	kernel=107	run=2	lab5	| qwen3 8B Q4_K - Medium         |   4.68 GiB |     8.19 B | Vulkan     |   0 |       4 |     512 |             1 | Vulkan0      | off        |           pp512 |         38.02 ± 0.09 |
2026-10-03 09:32:44	cycle=27	kernel=111	run=1	lab1	| qwen3 8B Q4_K - Medium         |   4.68 GiB |     8.19 B | Vulkan     |   0 |     512 |             1 | Vulkan0      | off        |           pp512 |         16.43 ± 0.05 |
2026-10-03 09:32:44	cycle=27	kernel=111	run=1	lab2	| qwen3 8B Q4_K - Medium         |   4.68 GiB |     8.19 B | Vulkan     |   0 |     512 |             1 | Vulkan0      | off        |           pp512 |         16.47 ± 0.11 |
2026-10-03 09:32:44	cycle=27	kernel=111	run=1	lab3	| qwen3 8B Q4_K - Medium         |   4.68 GiB |     8.19 B | Vulkan     |   0 |     512 |             1 | Vulkan0      | off        |           pp512 |         16.41 ± 0.03 |
2026-10-03 09:32:44	cycle=27	kernel=111	run=1	lab5	| qwen3 8B Q4_K - Medium         |   4.68 GiB |     8.19 B | Vulkan     |   0 |       4 |     512 |             1 | Vulkan0      | off        |           pp512 |         20.03 ± 0.12 |
2026-10-03 09:38:31	cycle=27	kernel=111	run=2	lab1	| qwen3 8B Q4_K - Medium         |   4.68 GiB |     8.19 B | Vulkan     |   0 |     512 |             1 | Vulkan0      | off        |           pp512 |         16.45 ± 0.11 |
2026-10-03 09:38:31	cycle=27	kernel=111	run=2	lab2	| qwen3 8B Q4_K - Medium         |   4.68 GiB |     8.19 B | Vulkan     |   0 |     512 |             1 | Vulkan0      | off        |           pp512 |         16.40 ± 0.02 |
2026-10-03 09:38:31	cycle=27	kernel=111	run=2	lab3	| qwen3 8B Q4_K - Medium         |   4.68 GiB |     8.19 B | Vulkan     |   0 |     512 |             1 | Vulkan0      | off        |           pp512 |         16.54 ± 0.14 |
2026-10-03 09:38:31	cycle=27	kernel=111	run=2	lab5	| qwen3 8B Q4_K - Medium         |   4.68 GiB |     8.19 B | Vulkan     |   0 |       4 |     512 |             1 | Vulkan0      | off        |           pp512 |         20.06 ± 0.26 |
2026-10-03 09:42:00	cycle=28	kernel=107	run=1	lab1	| qwen3 8B Q4_K - Medium         |   4.68 GiB |     8.19 B | Vulkan     |   0 |     512 |             1 | Vulkan0      | off        |           pp512 |         62.03 ± 0.17 |
2026-10-03 09:42:00	cycle=28	kernel=107	run=1	lab2	| qwen3 8B Q4_K - Medium         |   4.68 GiB |     8.19 B | Vulkan     |   0 |     512 |             1 | Vulkan0      | off        |           pp512 |         62.19 ± 0.43 |
2026-10-03 09:42:00	cycle=28	kernel=107	run=1	lab3	| qwen3 8B Q4_K - Medium         |   4.68 GiB |     8.19 B | Vulkan     |   0 |     512 |             1 | Vulkan0      | off        |           pp512 |         62.42 ± 0.50 |
2026-10-03 09:42:00	cycle=28	kernel=107	run=1	lab5	| qwen3 8B Q4_K - Medium         |   4.68 GiB |     8.19 B | Vulkan     |   0 |       4 |     512 |             1 | Vulkan0      | off        |           pp512 |         40.86 ± 5.73 |
2026-10-03 09:44:33	cycle=28	kernel=107	run=2	lab1	| qwen3 8B Q4_K - Medium         |   4.68 GiB |     8.19 B | Vulkan     |   0 |     512 |             1 | Vulkan0      | off        |           pp512 |         63.47 ± 2.62 |
2026-10-03 09:44:33	cycle=28	kernel=107	run=2	lab2	| qwen3 8B Q4_K - Medium         |   4.68 GiB |     8.19 B | Vulkan     |   0 |     512 |             1 | Vulkan0      | off        |           pp512 |         62.98 ± 1.37 |
2026-10-03 09:44:33	cycle=28	kernel=107	run=2	lab3	| qwen3 8B Q4_K - Medium         |   4.68 GiB |     8.19 B | Vulkan     |   0 |     512 |             1 | Vulkan0      | off        |           pp512 |         62.20 ± 0.55 |
2026-10-03 09:44:33	cycle=28	kernel=107	run=2	lab5	| qwen3 8B Q4_K - Medium         |   4.68 GiB |     8.19 B | Vulkan     |   0 |       4 |     512 |             1 | Vulkan0      | off        |           pp512 |         37.98 ± 0.12 |
2026-10-03 09:51:31	cycle=28	kernel=111	run=1	lab1	| qwen3 8B Q4_K - Medium         |   4.68 GiB |     8.19 B | Vulkan     |   0 |     512 |             1 | Vulkan0      | off        |           pp512 |         16.40 ± 0.04 |
2026-10-03 09:51:31	cycle=28	kernel=111	run=1	lab2	| qwen3 8B Q4_K - Medium         |   4.68 GiB |     8.19 B | Vulkan     |   0 |     512 |             1 | Vulkan0      | off        |           pp512 |         16.40 ± 0.03 |
2026-10-03 09:51:31	cycle=28	kernel=111	run=1	lab3	| qwen3 8B Q4_K - Medium         |   4.68 GiB |     8.19 B | Vulkan     |   0 |     512 |             1 | Vulkan0      | off        |           pp512 |         16.47 ± 0.17 |
2026-10-03 09:51:31	cycle=28	kernel=111	run=1	lab5	| qwen3 8B Q4_K - Medium         |   4.68 GiB |     8.19 B | Vulkan     |   0 |       4 |     512 |             1 | Vulkan0      | off        |           pp512 |         20.19 ± 0.24 |
2026-10-03 09:57:19	cycle=28	kernel=111	run=2	lab1	| qwen3 8B Q4_K - Medium         |   4.68 GiB |     8.19 B | Vulkan     |   0 |     512 |             1 | Vulkan0      | off        |           pp512 |         16.43 ± 0.10 |
2026-10-03 09:57:19	cycle=28	kernel=111	run=2	lab2	| qwen3 8B Q4_K - Medium         |   4.68 GiB |     8.19 B | Vulkan     |   0 |     512 |             1 | Vulkan0      | off        |           pp512 |         16.47 ± 0.11 |
2026-10-03 09:57:19	cycle=28	kernel=111	run=2	lab3	| qwen3 8B Q4_K - Medium         |   4.68 GiB |     8.19 B | Vulkan     |   0 |     512 |             1 | Vulkan0      | off        |           pp512 |         16.40 ± 0.03 |
2026-10-03 09:57:19	cycle=28	kernel=111	run=2	lab5	| qwen3 8B Q4_K - Medium         |   4.68 GiB |     8.19 B | Vulkan     |   0 |       4 |     512 |             1 | Vulkan0      | off        |           pp512 |         19.96 ± 0.23 |
2026-10-03 10:00:50	cycle=29	kernel=107	run=1	lab1	| qwen3 8B Q4_K - Medium         |   4.68 GiB |     8.19 B | Vulkan     |   0 |     512 |             1 | Vulkan0      | off        |           pp512 |         62.52 ± 1.21 |
2026-10-03 10:00:50	cycle=29	kernel=107	run=1	lab2	| qwen3 8B Q4_K - Medium         |   4.68 GiB |     8.19 B | Vulkan     |   0 |     512 |             1 | Vulkan0      | off        |           pp512 |         61.91 ± 0.29 |
2026-10-03 10:00:50	cycle=29	kernel=107	run=1	lab3	| qwen3 8B Q4_K - Medium         |   4.68 GiB |     8.19 B | Vulkan     |   0 |     512 |             1 | Vulkan0      | off        |           pp512 |         62.29 ± 0.40 |
2026-10-03 10:00:50	cycle=29	kernel=107	run=1	lab5	| qwen3 8B Q4_K - Medium         |   4.68 GiB |     8.19 B | Vulkan     |   0 |       4 |     512 |             1 | Vulkan0      | off        |           pp512 |         40.84 ± 5.76 |
2026-10-03 10:03:22	cycle=29	kernel=107	run=2	lab1	| qwen3 8B Q4_K - Medium         |   4.68 GiB |     8.19 B | Vulkan     |   0 |     512 |             1 | Vulkan0      | off        |           pp512 |         63.75 ± 2.93 |
2026-10-03 10:03:22	cycle=29	kernel=107	run=2	lab2	| qwen3 8B Q4_K - Medium         |   4.68 GiB |     8.19 B | Vulkan     |   0 |     512 |             1 | Vulkan0      | off        |           pp512 |         62.50 ± 0.92 |
2026-10-03 10:03:22	cycle=29	kernel=107	run=2	lab3	| qwen3 8B Q4_K - Medium         |   4.68 GiB |     8.19 B | Vulkan     |   0 |     512 |             1 | Vulkan0      | off        |           pp512 |         61.99 ± 0.27 |
2026-10-03 10:03:22	cycle=29	kernel=107	run=2	lab5	| qwen3 8B Q4_K - Medium         |   4.68 GiB |     8.19 B | Vulkan     |   0 |       4 |     512 |             1 | Vulkan0      | off        |           pp512 |         38.04 ± 0.12 |
2026-10-03 10:10:19	cycle=29	kernel=111	run=1	lab1	| qwen3 8B Q4_K - Medium         |   4.68 GiB |     8.19 B | Vulkan     |   0 |     512 |             1 | Vulkan0      | off        |           pp512 |         16.42 ± 0.04 |
2026-10-03 10:10:19	cycle=29	kernel=111	run=1	lab2	| qwen3 8B Q4_K - Medium         |   4.68 GiB |     8.19 B | Vulkan     |   0 |     512 |             1 | Vulkan0      | off        |           pp512 |         16.44 ± 0.14 |
2026-10-03 10:10:19	cycle=29	kernel=111	run=1	lab3	| qwen3 8B Q4_K - Medium         |   4.68 GiB |     8.19 B | Vulkan     |   0 |     512 |             1 | Vulkan0      | off        |           pp512 |         16.41 ± 0.04 |
2026-10-03 10:10:19	cycle=29	kernel=111	run=1	lab5	| qwen3 8B Q4_K - Medium         |   4.68 GiB |     8.19 B | Vulkan     |   0 |       4 |     512 |             1 | Vulkan0      | off        |           pp512 |         19.99 ± 0.19 |
2026-10-03 10:16:07	cycle=29	kernel=111	run=2	lab1	| qwen3 8B Q4_K - Medium         |   4.68 GiB |     8.19 B | Vulkan     |   0 |     512 |             1 | Vulkan0      | off        |           pp512 |         16.46 ± 0.09 |
2026-10-03 10:16:07	cycle=29	kernel=111	run=2	lab2	| qwen3 8B Q4_K - Medium         |   4.68 GiB |     8.19 B | Vulkan     |   0 |     512 |             1 | Vulkan0      | off        |           pp512 |         16.41 ± 0.03 |
2026-10-03 10:16:07	cycle=29	kernel=111	run=2	lab3	| qwen3 8B Q4_K - Medium         |   4.68 GiB |     8.19 B | Vulkan     |   0 |     512 |             1 | Vulkan0      | off        |           pp512 |         16.44 ± 0.08 |
2026-10-03 10:16:07	cycle=29	kernel=111	run=2	lab5	| qwen3 8B Q4_K - Medium         |   4.68 GiB |     8.19 B | Vulkan     |   0 |       4 |     512 |             1 | Vulkan0      | off        |           pp512 |         19.95 ± 0.13 |
2026-10-03 10:19:38	cycle=30	kernel=107	run=1	lab1	| qwen3 8B Q4_K - Medium         |   4.68 GiB |     8.19 B | Vulkan     |   0 |     512 |             1 | Vulkan0      | off        |           pp512 |         62.81 ± 1.97 |
2026-10-03 10:19:38	cycle=30	kernel=107	run=1	lab2	| qwen3 8B Q4_K - Medium         |   4.68 GiB |     8.19 B | Vulkan     |   0 |     512 |             1 | Vulkan0      | off        |           pp512 |         63.17 ± 1.80 |
2026-10-03 10:19:38	cycle=30	kernel=107	run=1	lab3	| qwen3 8B Q4_K - Medium         |   4.68 GiB |     8.19 B | Vulkan     |   0 |     512 |             1 | Vulkan0      | off        |           pp512 |         62.36 ± 1.00 |
2026-10-03 10:19:39	cycle=30	kernel=107	run=1	lab5	| qwen3 8B Q4_K - Medium         |   4.68 GiB |     8.19 B | Vulkan     |   0 |       4 |     512 |             1 | Vulkan0      | off        |           pp512 |         40.89 ± 5.80 |
2026-10-03 10:22:10	cycle=30	kernel=107	run=2	lab1	| qwen3 8B Q4_K - Medium         |   4.68 GiB |     8.19 B | Vulkan     |   0 |     512 |             1 | Vulkan0      | off        |           pp512 |         63.91 ± 1.76 |
2026-10-03 10:22:10	cycle=30	kernel=107	run=2	lab2	| qwen3 8B Q4_K - Medium         |   4.68 GiB |     8.19 B | Vulkan     |   0 |     512 |             1 | Vulkan0      | off        |           pp512 |         64.12 ± 2.49 |
2026-10-03 10:22:10	cycle=30	kernel=107	run=2	lab3	| qwen3 8B Q4_K - Medium         |   4.68 GiB |     8.19 B | Vulkan     |   0 |     512 |             1 | Vulkan0      | off        |           pp512 |         62.61 ± 1.17 |
2026-10-03 10:22:10	cycle=30	kernel=107	run=2	lab5	| qwen3 8B Q4_K - Medium         |   4.68 GiB |     8.19 B | Vulkan     |   0 |       4 |     512 |             1 | Vulkan0      | off        |           pp512 |         38.02 ± 0.08 |
2026-10-03 10:29:09	cycle=30	kernel=111	run=1	lab1	| qwen3 8B Q4_K - Medium         |   4.68 GiB |     8.19 B | Vulkan     |   0 |     512 |             1 | Vulkan0      | off        |           pp512 |         16.43 ± 0.06 |
2026-10-03 10:29:09	cycle=30	kernel=111	run=1	lab2	| qwen3 8B Q4_K - Medium         |   4.68 GiB |     8.19 B | Vulkan     |   0 |     512 |             1 | Vulkan0      | off        |           pp512 |         16.39 ± 0.03 |
2026-10-03 10:29:09	cycle=30	kernel=111	run=1	lab3	| qwen3 8B Q4_K - Medium         |   4.68 GiB |     8.19 B | Vulkan     |   0 |     512 |             1 | Vulkan0      | off        |           pp512 |         16.43 ± 0.03 |
2026-10-03 10:29:09	cycle=30	kernel=111	run=1	lab5	| qwen3 8B Q4_K - Medium         |   4.68 GiB |     8.19 B | Vulkan     |   0 |       4 |     512 |             1 | Vulkan0      | off        |           pp512 |         20.20 ± 0.25 |
2026-10-03 10:34:56	cycle=30	kernel=111	run=2	lab1	| qwen3 8B Q4_K - Medium         |   4.68 GiB |     8.19 B | Vulkan     |   0 |     512 |             1 | Vulkan0      | off        |           pp512 |         16.51 ± 0.14 |
2026-10-03 10:34:56	cycle=30	kernel=111	run=2	lab2	| qwen3 8B Q4_K - Medium         |   4.68 GiB |     8.19 B | Vulkan     |   0 |     512 |             1 | Vulkan0      | off        |           pp512 |         16.48 ± 0.12 |
2026-10-03 10:34:56	cycle=30	kernel=111	run=2	lab3	| qwen3 8B Q4_K - Medium         |   4.68 GiB |     8.19 B | Vulkan     |   0 |     512 |             1 | Vulkan0      | off        |           pp512 |         16.43 ± 0.03 |
2026-10-03 10:34:56	cycle=30	kernel=111	run=2	lab5	| qwen3 8B Q4_K - Medium         |   4.68 GiB |     8.19 B | Vulkan     |   0 |       4 |     512 |             1 | Vulkan0      | off        |           pp512 |         20.03 ± 0.16 |
2026-10-03 10:38:26	cycle=31	kernel=107	run=1	lab1	| qwen3 8B Q4_K - Medium         |   4.68 GiB |     8.19 B | Vulkan     |   0 |     512 |             1 | Vulkan0      | off        |           pp512 |         62.56 ± 0.54 |
2026-10-03 10:38:26	cycle=31	kernel=107	run=1	lab2	| qwen3 8B Q4_K - Medium         |   4.68 GiB |     8.19 B | Vulkan     |   0 |     512 |             1 | Vulkan0      | off        |           pp512 |         63.92 ± 2.66 |
2026-10-03 10:38:26	cycle=31	kernel=107	run=1	lab3	| qwen3 8B Q4_K - Medium         |   4.68 GiB |     8.19 B | Vulkan     |   0 |     512 |             1 | Vulkan0      | off        |           pp512 |         62.90 ± 1.13 |
2026-10-03 10:38:26	cycle=31	kernel=107	run=1	lab5	| qwen3 8B Q4_K - Medium         |   4.68 GiB |     8.19 B | Vulkan     |   0 |       4 |     512 |             1 | Vulkan0      | off        |           pp512 |         40.86 ± 5.74 |
2026-10-03 10:40:59	cycle=31	kernel=107	run=2	lab1	| qwen3 8B Q4_K - Medium         |   4.68 GiB |     8.19 B | Vulkan     |   0 |     512 |             1 | Vulkan0      | off        |           pp512 |         63.88 ± 2.13 |
2026-10-03 10:40:59	cycle=31	kernel=107	run=2	lab2	| qwen3 8B Q4_K - Medium         |   4.68 GiB |     8.19 B | Vulkan     |   0 |     512 |             1 | Vulkan0      | off        |           pp512 |         63.17 ± 1.93 |
2026-10-03 10:40:59	cycle=31	kernel=107	run=2	lab3	| qwen3 8B Q4_K - Medium         |   4.68 GiB |     8.19 B | Vulkan     |   0 |     512 |             1 | Vulkan0      | off        |           pp512 |         61.97 ± 0.19 |
2026-10-03 10:40:59	cycle=31	kernel=107	run=2	lab5	| qwen3 8B Q4_K - Medium         |   4.68 GiB |     8.19 B | Vulkan     |   0 |       4 |     512 |             1 | Vulkan0      | off        |           pp512 |         38.26 ± 0.43 |
2026-10-03 10:47:55	cycle=31	kernel=111	run=1	lab1	| qwen3 8B Q4_K - Medium         |   4.68 GiB |     8.19 B | Vulkan     |   0 |     512 |             1 | Vulkan0      | off        |           pp512 |         16.46 ± 0.10 |
2026-10-03 10:47:55	cycle=31	kernel=111	run=1	lab2	| qwen3 8B Q4_K - Medium         |   4.68 GiB |     8.19 B | Vulkan     |   0 |     512 |             1 | Vulkan0      | off        |           pp512 |         16.54 ± 0.15 |
2026-10-03 10:47:55	cycle=31	kernel=111	run=1	lab3	| qwen3 8B Q4_K - Medium         |   4.68 GiB |     8.19 B | Vulkan     |   0 |     512 |             1 | Vulkan0      | off        |           pp512 |         16.43 ± 0.08 |
2026-10-03 10:47:55	cycle=31	kernel=111	run=1	lab5	| qwen3 8B Q4_K - Medium         |   4.68 GiB |     8.19 B | Vulkan     |   0 |       4 |     512 |             1 | Vulkan0      | off        |           pp512 |         19.99 ± 0.17 |
2026-10-03 10:53:44	cycle=31	kernel=111	run=2	lab1	| qwen3 8B Q4_K - Medium         |   4.68 GiB |     8.19 B | Vulkan     |   0 |     512 |             1 | Vulkan0      | off        |           pp512 |         16.41 ± 0.03 |
2026-10-03 10:53:44	cycle=31	kernel=111	run=2	lab2	| qwen3 8B Q4_K - Medium         |   4.68 GiB |     8.19 B | Vulkan     |   0 |     512 |             1 | Vulkan0      | off        |           pp512 |         16.38 ± 0.02 |
2026-10-03 10:53:44	cycle=31	kernel=111	run=2	lab3	| qwen3 8B Q4_K - Medium         |   4.68 GiB |     8.19 B | Vulkan     |   0 |     512 |             1 | Vulkan0      | off        |           pp512 |         16.48 ± 0.13 |
2026-10-03 10:53:44	cycle=31	kernel=111	run=2	lab5	| qwen3 8B Q4_K - Medium         |   4.68 GiB |     8.19 B | Vulkan     |   0 |       4 |     512 |             1 | Vulkan0      | off        |           pp512 |         20.10 ± 0.27 |
2026-10-03 10:57:15	cycle=32	kernel=107	run=1	lab1	| qwen3 8B Q4_K - Medium         |   4.68 GiB |     8.19 B | Vulkan     |   0 |     512 |             1 | Vulkan0      | off        |           pp512 |         62.87 ± 1.58 |
2026-10-03 10:57:15	cycle=32	kernel=107	run=1	lab2	| qwen3 8B Q4_K - Medium         |   4.68 GiB |     8.19 B | Vulkan     |   0 |     512 |             1 | Vulkan0      | off        |           pp512 |         63.26 ± 2.59 |
2026-10-03 10:57:15	cycle=32	kernel=107	run=1	lab3	| qwen3 8B Q4_K - Medium         |   4.68 GiB |     8.19 B | Vulkan     |   0 |     512 |             1 | Vulkan0      | off        |           pp512 |         62.48 ± 0.61 |
2026-10-03 10:57:15	cycle=32	kernel=107	run=1	lab5	| qwen3 8B Q4_K - Medium         |   4.68 GiB |     8.19 B | Vulkan     |   0 |       4 |     512 |             1 | Vulkan0      | off        |           pp512 |         40.69 ± 5.59 |
2026-10-03 10:59:47	cycle=32	kernel=107	run=2	lab1	| qwen3 8B Q4_K - Medium         |   4.68 GiB |     8.19 B | Vulkan     |   0 |     512 |             1 | Vulkan0      | off        |           pp512 |         62.26 ± 0.36 |
2026-10-03 10:59:47	cycle=32	kernel=107	run=2	lab2	| qwen3 8B Q4_K - Medium         |   4.68 GiB |     8.19 B | Vulkan     |   0 |     512 |             1 | Vulkan0      | off        |           pp512 |         64.42 ± 2.84 |
2026-10-03 10:59:47	cycle=32	kernel=107	run=2	lab3	| qwen3 8B Q4_K - Medium         |   4.68 GiB |     8.19 B | Vulkan     |   0 |     512 |             1 | Vulkan0      | off        |           pp512 |         62.95 ± 1.54 |
2026-10-03 10:59:47	cycle=32	kernel=107	run=2	lab5	| qwen3 8B Q4_K - Medium         |   4.68 GiB |     8.19 B | Vulkan     |   0 |       4 |     512 |             1 | Vulkan0      | off        |           pp512 |         38.01 ± 0.17 |
2026-10-03 11:06:44	cycle=32	kernel=111	run=1	lab1	| qwen3 8B Q4_K - Medium         |   4.68 GiB |     8.19 B | Vulkan     |   0 |     512 |             1 | Vulkan0      | off        |           pp512 |         16.47 ± 0.15 |
2026-10-03 11:06:44	cycle=32	kernel=111	run=1	lab2	| qwen3 8B Q4_K - Medium         |   4.68 GiB |     8.19 B | Vulkan     |   0 |     512 |             1 | Vulkan0      | off        |           pp512 |         16.42 ± 0.04 |
2026-10-03 11:06:44	cycle=32	kernel=111	run=1	lab3	| qwen3 8B Q4_K - Medium         |   4.68 GiB |     8.19 B | Vulkan     |   0 |     512 |             1 | Vulkan0      | off        |           pp512 |         16.53 ± 0.14 |
2026-10-03 11:06:44	cycle=32	kernel=111	run=1	lab5	| qwen3 8B Q4_K - Medium         |   4.68 GiB |     8.19 B | Vulkan     |   0 |       4 |     512 |             1 | Vulkan0      | off        |           pp512 |         20.11 ± 0.17 |
2026-10-03 11:12:32	cycle=32	kernel=111	run=2	lab1	| qwen3 8B Q4_K - Medium         |   4.68 GiB |     8.19 B | Vulkan     |   0 |     512 |             1 | Vulkan0      | off        |           pp512 |         16.54 ± 0.20 |
2026-10-03 11:12:32	cycle=32	kernel=111	run=2	lab2	| qwen3 8B Q4_K - Medium         |   4.68 GiB |     8.19 B | Vulkan     |   0 |     512 |             1 | Vulkan0      | off        |           pp512 |         16.52 ± 0.18 |
2026-10-03 11:12:32	cycle=32	kernel=111	run=2	lab3	| qwen3 8B Q4_K - Medium         |   4.68 GiB |     8.19 B | Vulkan     |   0 |     512 |             1 | Vulkan0      | off        |           pp512 |         16.40 ± 0.04 |
2026-10-03 11:12:32	cycle=32	kernel=111	run=2	lab5	| qwen3 8B Q4_K - Medium         |   4.68 GiB |     8.19 B | Vulkan     |   0 |       4 |     512 |             1 | Vulkan0      | off        |           pp512 |         20.02 ± 0.14 |
2026-10-03 11:16:02	cycle=33	kernel=107	run=1	lab1	| qwen3 8B Q4_K - Medium         |   4.68 GiB |     8.19 B | Vulkan     |   0 |     512 |             1 | Vulkan0      | off        |           pp512 |         64.10 ± 2.81 |
2026-10-03 11:16:02	cycle=33	kernel=107	run=1	lab2	| qwen3 8B Q4_K - Medium         |   4.68 GiB |     8.19 B | Vulkan     |   0 |     512 |             1 | Vulkan0      | off        |           pp512 |         62.06 ± 0.19 |
2026-10-03 11:16:02	cycle=33	kernel=107	run=1	lab3	| qwen3 8B Q4_K - Medium         |   4.68 GiB |     8.19 B | Vulkan     |   0 |     512 |             1 | Vulkan0      | off        |           pp512 |         65.18 ± 2.32 |
2026-10-03 11:16:02	cycle=33	kernel=107	run=1	lab5	| qwen3 8B Q4_K - Medium         |   4.68 GiB |     8.19 B | Vulkan     |   0 |       4 |     512 |             1 | Vulkan0      | off        |           pp512 |         40.82 ± 5.84 |
2026-10-03 11:18:34	cycle=33	kernel=107	run=2	lab1	| qwen3 8B Q4_K - Medium         |   4.68 GiB |     8.19 B | Vulkan     |   0 |     512 |             1 | Vulkan0      | off        |           pp512 |         63.96 ± 1.98 |
2026-10-03 11:18:34	cycle=33	kernel=107	run=2	lab2	| qwen3 8B Q4_K - Medium         |   4.68 GiB |     8.19 B | Vulkan     |   0 |     512 |             1 | Vulkan0      | off        |           pp512 |         63.06 ± 1.51 |
2026-10-03 11:18:34	cycle=33	kernel=107	run=2	lab3	| qwen3 8B Q4_K - Medium         |   4.68 GiB |     8.19 B | Vulkan     |   0 |     512 |             1 | Vulkan0      | off        |           pp512 |         63.76 ± 2.55 |
2026-10-03 11:18:34	cycle=33	kernel=107	run=2	lab5	| qwen3 8B Q4_K - Medium         |   4.68 GiB |     8.19 B | Vulkan     |   0 |       4 |     512 |             1 | Vulkan0      | off        |           pp512 |         38.06 ± 0.12 |
2026-10-03 11:25:30	cycle=33	kernel=111	run=1	lab1	| qwen3 8B Q4_K - Medium         |   4.68 GiB |     8.19 B | Vulkan     |   0 |     512 |             1 | Vulkan0      | off        |           pp512 |         16.53 ± 0.18 |
2026-10-03 11:25:30	cycle=33	kernel=111	run=1	lab2	| qwen3 8B Q4_K - Medium         |   4.68 GiB |     8.19 B | Vulkan     |   0 |     512 |             1 | Vulkan0      | off        |           pp512 |         16.48 ± 0.07 |
2026-10-03 11:25:30	cycle=33	kernel=111	run=1	lab3	| qwen3 8B Q4_K - Medium         |   4.68 GiB |     8.19 B | Vulkan     |   0 |     512 |             1 | Vulkan0      | off        |           pp512 |         16.55 ± 0.15 |
2026-10-03 11:25:30	cycle=33	kernel=111	run=1	lab5	| qwen3 8B Q4_K - Medium         |   4.68 GiB |     8.19 B | Vulkan     |   0 |       4 |     512 |             1 | Vulkan0      | off        |           pp512 |         19.98 ± 0.17 |
2026-10-03 11:31:19	cycle=33	kernel=111	run=2	lab1	| qwen3 8B Q4_K - Medium         |   4.68 GiB |     8.19 B | Vulkan     |   0 |     512 |             1 | Vulkan0      | off        |           pp512 |         16.54 ± 0.16 |
2026-10-03 11:31:19	cycle=33	kernel=111	run=2	lab2	| qwen3 8B Q4_K - Medium         |   4.68 GiB |     8.19 B | Vulkan     |   0 |     512 |             1 | Vulkan0      | off        |           pp512 |         16.39 ± 0.02 |
2026-10-03 11:31:19	cycle=33	kernel=111	run=2	lab3	| qwen3 8B Q4_K - Medium         |   4.68 GiB |     8.19 B | Vulkan     |   0 |     512 |             1 | Vulkan0      | off        |           pp512 |         16.40 ± 0.03 |
2026-10-03 11:31:19	cycle=33	kernel=111	run=2	lab5	| qwen3 8B Q4_K - Medium         |   4.68 GiB |     8.19 B | Vulkan     |   0 |       4 |     512 |             1 | Vulkan0      | off        |           pp512 |         20.04 ± 0.20 |
2026-10-03 11:34:50	cycle=34	kernel=107	run=1	lab1	| qwen3 8B Q4_K - Medium         |   4.68 GiB |     8.19 B | Vulkan     |   0 |     512 |             1 | Vulkan0      | off        |           pp512 |         64.32 ± 3.19 |
2026-10-03 11:34:50	cycle=34	kernel=107	run=1	lab2	| qwen3 8B Q4_K - Medium         |   4.68 GiB |     8.19 B | Vulkan     |   0 |     512 |             1 | Vulkan0      | off        |           pp512 |         61.91 ± 0.18 |
2026-10-03 11:34:50	cycle=34	kernel=107	run=1	lab3	| qwen3 8B Q4_K - Medium         |   4.68 GiB |     8.19 B | Vulkan     |   0 |     512 |             1 | Vulkan0      | off        |           pp512 |         64.62 ± 2.38 |
2026-10-03 11:34:50	cycle=34	kernel=107	run=1	lab5	| qwen3 8B Q4_K - Medium         |   4.68 GiB |     8.19 B | Vulkan     |   0 |       4 |     512 |             1 | Vulkan0      | off        |           pp512 |         40.78 ± 5.92 |
2026-10-03 11:37:22	cycle=34	kernel=107	run=2	lab1	| qwen3 8B Q4_K - Medium         |   4.68 GiB |     8.19 B | Vulkan     |   0 |     512 |             1 | Vulkan0      | off        |           pp512 |         63.32 ± 1.93 |
2026-10-03 11:37:22	cycle=34	kernel=107	run=2	lab2	| qwen3 8B Q4_K - Medium         |   4.68 GiB |     8.19 B | Vulkan     |   0 |     512 |             1 | Vulkan0      | off        |           pp512 |         62.42 ± 0.52 |
2026-10-03 11:37:22	cycle=34	kernel=107	run=2	lab3	| qwen3 8B Q4_K - Medium         |   4.68 GiB |     8.19 B | Vulkan     |   0 |     512 |             1 | Vulkan0      | off        |           pp512 |         63.68 ± 1.98 |
2026-10-03 11:37:22	cycle=34	kernel=107	run=2	lab5	| qwen3 8B Q4_K - Medium         |   4.68 GiB |     8.19 B | Vulkan     |   0 |       4 |     512 |             1 | Vulkan0      | off        |           pp512 |         38.01 ± 0.14 |
2026-10-03 11:44:19	cycle=34	kernel=111	run=1	lab1	| qwen3 8B Q4_K - Medium         |   4.68 GiB |     8.19 B | Vulkan     |   0 |     512 |             1 | Vulkan0      | off        |           pp512 |         16.50 ± 0.15 |
2026-10-03 11:44:19	cycle=34	kernel=111	run=1	lab2	| qwen3 8B Q4_K - Medium         |   4.68 GiB |     8.19 B | Vulkan     |   0 |     512 |             1 | Vulkan0      | off        |           pp512 |         16.40 ± 0.03 |
2026-10-03 11:44:19	cycle=34	kernel=111	run=1	lab3	| qwen3 8B Q4_K - Medium         |   4.68 GiB |     8.19 B | Vulkan     |   0 |     512 |             1 | Vulkan0      | off        |           pp512 |         16.40 ± 0.03 |
2026-10-03 11:44:19	cycle=34	kernel=111	run=1	lab5	| qwen3 8B Q4_K - Medium         |   4.68 GiB |     8.19 B | Vulkan     |   0 |       4 |     512 |             1 | Vulkan0      | off        |           pp512 |         19.92 ± 0.16 |
2026-10-03 11:50:07	cycle=34	kernel=111	run=2	lab1	| qwen3 8B Q4_K - Medium         |   4.68 GiB |     8.19 B | Vulkan     |   0 |     512 |             1 | Vulkan0      | off        |           pp512 |         16.46 ± 0.13 |
2026-10-03 11:50:07	cycle=34	kernel=111	run=2	lab2	| qwen3 8B Q4_K - Medium         |   4.68 GiB |     8.19 B | Vulkan     |   0 |     512 |             1 | Vulkan0      | off        |           pp512 |         16.43 ± 0.11 |
2026-10-03 11:50:07	cycle=34	kernel=111	run=2	lab3	| qwen3 8B Q4_K - Medium         |   4.68 GiB |     8.19 B | Vulkan     |   0 |     512 |             1 | Vulkan0      | off        |           pp512 |         16.49 ± 0.12 |
2026-10-03 11:50:07	cycle=34	kernel=111	run=2	lab5	| qwen3 8B Q4_K - Medium         |   4.68 GiB |     8.19 B | Vulkan     |   0 |       4 |     512 |             1 | Vulkan0      | off        |           pp512 |         20.06 ± 0.20 |
2026-10-03 11:53:38	cycle=35	kernel=107	run=1	lab1	| qwen3 8B Q4_K - Medium         |   4.68 GiB |     8.19 B | Vulkan     |   0 |     512 |             1 | Vulkan0      | off        |           pp512 |         63.00 ± 1.27 |
2026-10-03 11:53:38	cycle=35	kernel=107	run=1	lab2	| qwen3 8B Q4_K - Medium         |   4.68 GiB |     8.19 B | Vulkan     |   0 |     512 |             1 | Vulkan0      | off        |           pp512 |         63.19 ± 1.95 |
2026-10-03 11:53:38	cycle=35	kernel=107	run=1	lab3	| qwen3 8B Q4_K - Medium         |   4.68 GiB |     8.19 B | Vulkan     |   0 |     512 |             1 | Vulkan0      | off        |           pp512 |         62.34 ± 0.59 |
2026-10-03 11:53:38	cycle=35	kernel=107	run=1	lab5	| qwen3 8B Q4_K - Medium         |   4.68 GiB |     8.19 B | Vulkan     |   0 |       4 |     512 |             1 | Vulkan0      | off        |           pp512 |         40.89 ± 5.75 |
2026-10-03 11:56:10	cycle=35	kernel=107	run=2	lab1	| qwen3 8B Q4_K - Medium         |   4.68 GiB |     8.19 B | Vulkan     |   0 |     512 |             1 | Vulkan0      | off        |           pp512 |         63.82 ± 2.46 |
2026-10-03 11:56:11	cycle=35	kernel=107	run=2	lab2	| qwen3 8B Q4_K - Medium         |   4.68 GiB |     8.19 B | Vulkan     |   0 |     512 |             1 | Vulkan0      | off        |           pp512 |         63.15 ± 1.74 |
2026-10-03 11:56:11	cycle=35	kernel=107	run=2	lab3	| qwen3 8B Q4_K - Medium         |   4.68 GiB |     8.19 B | Vulkan     |   0 |     512 |             1 | Vulkan0      | off        |           pp512 |         63.21 ± 1.77 |
2026-10-03 11:56:11	cycle=35	kernel=107	run=2	lab5	| qwen3 8B Q4_K - Medium         |   4.68 GiB |     8.19 B | Vulkan     |   0 |       4 |     512 |             1 | Vulkan0      | off        |           pp512 |         38.06 ± 0.07 |
2026-10-03 12:03:06	cycle=35	kernel=111	run=1	lab1	| qwen3 8B Q4_K - Medium         |   4.68 GiB |     8.19 B | Vulkan     |   0 |     512 |             1 | Vulkan0      | off        |           pp512 |         16.42 ± 0.03 |
2026-10-03 12:03:06	cycle=35	kernel=111	run=1	lab2	| qwen3 8B Q4_K - Medium         |   4.68 GiB |     8.19 B | Vulkan     |   0 |     512 |             1 | Vulkan0      | off        |           pp512 |         16.47 ± 0.15 |
2026-10-03 12:03:06	cycle=35	kernel=111	run=1	lab3	| qwen3 8B Q4_K - Medium         |   4.68 GiB |     8.19 B | Vulkan     |   0 |     512 |             1 | Vulkan0      | off        |           pp512 |         16.42 ± 0.03 |
2026-10-03 12:03:06	cycle=35	kernel=111	run=1	lab5	| qwen3 8B Q4_K - Medium         |   4.68 GiB |     8.19 B | Vulkan     |   0 |       4 |     512 |             1 | Vulkan0      | off        |           pp512 |         20.08 ± 0.20 |
2026-10-03 12:08:55	cycle=35	kernel=111	run=2	lab1	| qwen3 8B Q4_K - Medium         |   4.68 GiB |     8.19 B | Vulkan     |   0 |     512 |             1 | Vulkan0      | off        |           pp512 |         16.43 ± 0.07 |
2026-10-03 12:08:55	cycle=35	kernel=111	run=2	lab2	| qwen3 8B Q4_K - Medium         |   4.68 GiB |     8.19 B | Vulkan     |   0 |     512 |             1 | Vulkan0      | off        |           pp512 |         16.45 ± 0.07 |
2026-10-03 12:08:55	cycle=35	kernel=111	run=2	lab3	| qwen3 8B Q4_K - Medium         |   4.68 GiB |     8.19 B | Vulkan     |   0 |     512 |             1 | Vulkan0      | off        |           pp512 |         16.42 ± 0.03 |
2026-10-03 12:08:55	cycle=35	kernel=111	run=2	lab5	| qwen3 8B Q4_K - Medium         |   4.68 GiB |     8.19 B | Vulkan     |   0 |       4 |     512 |             1 | Vulkan0      | off        |           pp512 |         20.01 ± 0.17 |
2026-10-03 12:12:24	cycle=36	kernel=107	run=1	lab1	| qwen3 8B Q4_K - Medium         |   4.68 GiB |     8.19 B | Vulkan     |   0 |     512 |             1 | Vulkan0      | off        |           pp512 |         64.29 ± 2.46 |
2026-10-03 12:12:24	cycle=36	kernel=107	run=1	lab2	| qwen3 8B Q4_K - Medium         |   4.68 GiB |     8.19 B | Vulkan     |   0 |     512 |             1 | Vulkan0      | off        |           pp512 |         62.39 ± 0.52 |
2026-10-03 12:12:24	cycle=36	kernel=107	run=1	lab3	| qwen3 8B Q4_K - Medium         |   4.68 GiB |     8.19 B | Vulkan     |   0 |     512 |             1 | Vulkan0      | off        |           pp512 |         63.61 ± 2.31 |
2026-10-03 12:12:24	cycle=36	kernel=107	run=1	lab5	| qwen3 8B Q4_K - Medium         |   4.68 GiB |     8.19 B | Vulkan     |   0 |       4 |     512 |             1 | Vulkan0      | off        |           pp512 |         40.64 ± 5.71 |
2026-10-03 12:14:56	cycle=36	kernel=107	run=2	lab1	| qwen3 8B Q4_K - Medium         |   4.68 GiB |     8.19 B | Vulkan     |   0 |     512 |             1 | Vulkan0      | off        |           pp512 |         64.25 ± 2.71 |
2026-10-03 12:14:56	cycle=36	kernel=107	run=2	lab2	| qwen3 8B Q4_K - Medium         |   4.68 GiB |     8.19 B | Vulkan     |   0 |     512 |             1 | Vulkan0      | off        |           pp512 |         62.22 ± 0.53 |
2026-10-03 12:14:56	cycle=36	kernel=107	run=2	lab3	| qwen3 8B Q4_K - Medium         |   4.68 GiB |     8.19 B | Vulkan     |   0 |     512 |             1 | Vulkan0      | off        |           pp512 |         63.27 ± 2.29 |
2026-10-03 12:14:56	cycle=36	kernel=107	run=2	lab5	| qwen3 8B Q4_K - Medium         |   4.68 GiB |     8.19 B | Vulkan     |   0 |       4 |     512 |             1 | Vulkan0      | off        |           pp512 |         38.07 ± 0.19 |
2026-10-03 12:21:52	cycle=36	kernel=111	run=1	lab1	| qwen3 8B Q4_K - Medium         |   4.68 GiB |     8.19 B | Vulkan     |   0 |     512 |             1 | Vulkan0      | off        |           pp512 |         16.50 ± 0.11 |
2026-10-03 12:21:52	cycle=36	kernel=111	run=1	lab2	| qwen3 8B Q4_K - Medium         |   4.68 GiB |     8.19 B | Vulkan     |   0 |     512 |             1 | Vulkan0      | off        |           pp512 |         16.45 ± 0.10 |
2026-10-03 12:21:52	cycle=36	kernel=111	run=1	lab3	| qwen3 8B Q4_K - Medium         |   4.68 GiB |     8.19 B | Vulkan     |   0 |     512 |             1 | Vulkan0      | off        |           pp512 |         16.41 ± 0.03 |
2026-10-03 12:21:52	cycle=36	kernel=111	run=1	lab5	| qwen3 8B Q4_K - Medium         |   4.68 GiB |     8.19 B | Vulkan     |   0 |       4 |     512 |             1 | Vulkan0      | off        |           pp512 |         20.10 ± 0.18 |
2026-10-03 12:27:40	cycle=36	kernel=111	run=2	lab1	| qwen3 8B Q4_K - Medium         |   4.68 GiB |     8.19 B | Vulkan     |   0 |     512 |             1 | Vulkan0      | off        |           pp512 |         16.41 ± 0.02 |
2026-10-03 12:27:40	cycle=36	kernel=111	run=2	lab2	| qwen3 8B Q4_K - Medium         |   4.68 GiB |     8.19 B | Vulkan     |   0 |     512 |             1 | Vulkan0      | off        |           pp512 |         16.50 ± 0.11 |
2026-10-03 12:27:40	cycle=36	kernel=111	run=2	lab3	| qwen3 8B Q4_K - Medium         |   4.68 GiB |     8.19 B | Vulkan     |   0 |     512 |             1 | Vulkan0      | off        |           pp512 |         16.43 ± 0.07 |
2026-10-03 12:27:40	cycle=36	kernel=111	run=2	lab5	| qwen3 8B Q4_K - Medium         |   4.68 GiB |     8.19 B | Vulkan     |   0 |       4 |     512 |             1 | Vulkan0      | off        |           pp512 |         20.03 ± 0.11 |
