timestamp,phase,cpu_c,gpu0_c,gpu1_c,fan_rpm
2026-09-27T01:35:23+09:00,preflight-cool,54.0,47.0,47.0,1123
2026-09-27T01:35:23+09:00,memory-3h,54.0,47.0,47.0,1123
2026-09-27T01:35:28+09:00,memory-3h,56.0,47.0,47.0,1304
2026-09-27T01:35:33+09:00,memory-3h,57.0,46.0,47.0,1389
2026-09-27T01:35:38+09:00,memory-3h,59.0,46.0,47.0,1464
2026-09-27T01:35:43+09:00,memory-3h,57.0,46.0,47.0,1723
2026-09-27T01:35:48+09:00,memory-3h,58.0,46.0,47.0,1767
2026-09-27T01:35:53+09:00,memory-3h,57.0,46.0,46.0,1676
2026-09-27T01:35:58+09:00,memory-3h,56.0,46.0,46.0,1708
2026-09-27T01:36:03+09:00,memory-3h,56.0,45.0,46.0,1732
2026-09-27T01:36:08+09:00,memory-3h,54.0,45.0,46.0,1659
2026-09-27T01:36:13+09:00,memory-3h,56.0,45.0,46.0,1554
2026-09-27T01:36:18+09:00,memory-3h,53.0,45.0,45.0,1501
2026-09-27T01:36:23+09:00,memory-3h,54.0,45.0,45.0,1446
2026-09-27T01:36:28+09:00,memory-3h,56.0,44.0,45.0,1348
2026-09-27T01:36:33+09:00,memory-3h,56.0,44.0,45.0,1350
2026-09-27T01:36:38+09:00,memory-3h,53.0,44.0,45.0,1304
2026-09-27T01:36:43+09:00,memory-3h,53.0,44.0,45.0,1291
2026-09-27T01:36:48+09:00,memory-3h,55.0,44.0,45.0,1256
2026-09-27T01:36:53+09:00,memory-3h,54.0,44.0,45.0,1226
2026-09-27T01:36:58+09:00,memory-3h,53.0,44.0,45.0,1218
2026-09-27T01:37:03+09:00,memory-3h,55.0,44.0,44.0,1173
2026-09-27T01:37:09+09:00,memory-3h,54.0,43.0,44.0,1199
2026-09-27T01:37:14+09:00,memory-3h,52.0,43.0,44.0,1208
2026-09-27T01:37:19+09:00,memory-3h,55.0,43.0,44.0,1169
2026-09-27T01:37:24+09:00,memory-3h,52.0,43.0,44.0,1205
2026-09-27T01:37:29+09:00,memory-3h,52.0,43.0,44.0,1190
2026-09-27T01:37:34+09:00,memory-3h,56.0,43.0,44.0,1147
2026-09-27T01:37:39+09:00,memory-3h,54.0,43.0,44.0,1257
2026-09-27T01:37:44+09:00,memory-3h,52.0,43.0,44.0,1262
2026-09-27T01:37:49+09:00,memory-3h,53.0,43.0,44.0,1208
2026-09-27T01:37:54+09:00,memory-3h,53.0,43.0,44.0,1145
2026-09-27T01:37:59+09:00,memory-3h,53.0,43.0,44.0,1109
2026-09-27T01:38:04+09:00,memory-3h,53.0,43.0,44.0,1098
2026-09-27T01:38:09+09:00,memory-3h,53.0,42.0,44.0,1251
2026-09-27T01:38:14+09:00,memory-3h,54.0,43.0,44.0,1453
2026-09-27T01:38:19+09:00,memory-3h,55.0,42.0,43.0,1402
2026-09-27T01:38:24+09:00,memory-3h,52.0,42.0,43.0,1325
2026-09-27T01:38:29+09:00,memory-3h,53.0,42.0,43.0,1417
2026-09-27T01:38:34+09:00,memory-3h,52.0,42.0,43.0,1520
2026-09-27T01:38:39+09:00,memory-3h,53.0,42.0,43.0,1445
2026-09-27T01:38:44+09:00,memory-3h,51.0,42.0,43.0,1321
2026-09-27T01:38:49+09:00,memory-3h,52.0,42.0,43.0,1191
2026-09-27T01:38:54+09:00,memory-3h,55.0,42.0,43.0,1086
2026-09-27T01:38:59+09:00,memory-3h,51.0,42.0,43.0,1147
2026-09-27T01:39:04+09:00,memory-3h,51.0,42.0,43.0,1193
2026-09-27T01:39:09+09:00,memory-3h,50.0,42.0,43.0,1272
2026-09-27T01:39:14+09:00,memory-3h,52.0,42.0,43.0,1450
2026-09-27T01:39:19+09:00,memory-3h,50.0,41.0,43.0,1395
2026-09-27T01:39:24+09:00,memory-3h,56.0,41.0,43.0,1276
2026-09-27T01:39:29+09:00,memory-3h,51.0,41.0,42.0,1270
2026-09-27T01:39:34+09:00,memory-3h,54.0,41.0,43.0,1344
2026-09-27T01:39:39+09:00,memory-3h,55.0,41.0,43.0,1305
2026-09-27T01:39:44+09:00,memory-3h,56.0,41.0,42.0,1219
2026-09-27T01:39:49+09:00,memory-3h,51.0,41.0,42.0,1275
2026-09-27T01:39:54+09:00,memory-3h,51.0,41.0,42.0,1402
2026-09-27T01:39:59+09:00,memory-3h,57.0,41.0,42.0,1370
2026-09-27T01:40:04+09:00,memory-3h,52.0,41.0,42.0,1353
2026-09-27T01:40:09+09:00,memory-3h,51.0,41.0,42.0,1355
2026-09-27T01:40:15+09:00,memory-3h,59.0,41.0,42.0,1429
2026-09-27T01:40:20+09:00,memory-3h,51.0,41.0,42.0,1487
2026-09-27T01:40:25+09:00,memory-3h,53.0,41.0,42.0,1453
2026-09-27T01:40:30+09:00,memory-3h,51.0,40.0,41.0,1522
2026-09-27T01:40:35+09:00,memory-3h,50.0,41.0,41.0,1588
2026-09-27T01:40:40+09:00,memory-3h,57.0,40.0,41.0,1508
2026-09-27T01:40:45+09:00,memory-3h,53.0,40.0,41.0,1413
2026-09-27T01:40:50+09:00,memory-3h,54.0,40.0,41.0,1313
2026-09-27T01:40:55+09:00,memory-3h,54.0,40.0,41.0,1238
2026-09-27T01:41:00+09:00,memory-3h,49.0,40.0,41.0,1218
2026-09-27T01:41:05+09:00,memory-3h,57.0,40.0,41.0,1275
2026-09-27T01:41:10+09:00,memory-3h,51.0,40.0,41.0,1339
2026-09-27T01:41:15+09:00,memory-3h,52.0,40.0,41.0,1341
2026-09-27T01:41:20+09:00,memory-3h,51.0,40.0,41.0,1397
2026-09-27T01:41:25+09:00,memory-3h,50.0,40.0,41.0,1397
2026-09-27T01:41:30+09:00,memory-3h,50.0,40.0,41.0,1295
2026-09-27T01:41:35+09:00,memory-3h,52.0,40.0,41.0,1167
2026-09-27T01:41:40+09:00,memory-3h,51.0,40.0,41.0,1291
2026-09-27T01:41:45+09:00,memory-3h,55.0,40.0,41.0,1328
2026-09-27T01:41:50+09:00,memory-3h,49.0,40.0,41.0,1249
2026-09-27T01:41:55+09:00,memory-3h,56.0,40.0,41.0,1220
2026-09-27T01:42:00+09:00,memory-3h,50.0,40.0,41.0,1266
2026-09-27T01:42:05+09:00,memory-3h,55.0,40.0,41.0,1351
2026-09-27T01:42:10+09:00,memory-3h,51.0,40.0,41.0,1517
2026-09-27T01:42:15+09:00,memory-3h,50.0,40.0,41.0,1477
2026-09-27T01:42:20+09:00,memory-3h,48.0,40.0,41.0,1361
2026-09-27T01:42:25+09:00,memory-3h,53.0,39.0,41.0,1233
2026-09-27T01:42:30+09:00,memory-3h,51.0,39.0,40.0,1135
2026-09-27T01:42:35+09:00,memory-3h,49.0,39.0,40.0,1040
2026-09-27T01:42:40+09:00,memory-3h,55.0,39.0,41.0,1047
2026-09-27T01:42:45+09:00,memory-3h,48.0,40.0,40.0,1191
2026-09-27T01:42:50+09:00,memory-3h,49.0,39.0,40.0,1193
2026-09-27T01:42:55+09:00,memory-3h,48.0,39.0,40.0,1088
2026-09-27T01:43:00+09:00,memory-3h,47.0,39.0,41.0,1030
2026-09-27T01:43:05+09:00,memory-3h,54.0,39.0,41.0,1008
2026-09-27T01:43:11+09:00,memory-3h,49.0,39.0,40.0,1130
2026-09-27T01:43:16+09:00,memory-3h,49.0,39.0,40.0,1091
2026-09-27T01:43:21+09:00,memory-3h,49.0,39.0,40.0,1002
2026-09-27T01:43:26+09:00,memory-3h,48.0,39.0,40.0,986
2026-09-27T01:43:31+09:00,memory-3h,48.0,39.0,40.0,988
2026-09-27T01:43:36+09:00,memory-3h,48.0,40.0,40.0,988
2026-09-27T01:43:41+09:00,memory-3h,48.0,39.0,40.0,989
2026-09-27T01:43:46+09:00,memory-3h,49.0,39.0,40.0,988
2026-09-27T01:43:51+09:00,memory-3h,47.0,39.0,40.0,988
2026-09-27T01:43:56+09:00,memory-3h,48.0,39.0,40.0,988
2026-09-27T01:44:01+09:00,memory-3h,48.0,39.0,40.0,988
2026-09-27T01:44:06+09:00,memory-3h,48.0,39.0,40.0,988
2026-09-27T01:44:11+09:00,memory-3h,48.0,39.0,40.0,988
2026-09-27T01:44:16+09:00,memory-3h,48.0,39.0,40.0,988
2026-09-27T01:44:21+09:00,memory-3h,49.0,39.0,40.0,988
2026-09-27T01:44:26+09:00,memory-3h,48.0,39.0,40.0,988
2026-09-27T01:44:31+09:00,memory-3h,48.0,39.0,40.0,988
2026-09-27T01:44:36+09:00,memory-3h,48.0,39.0,40.0,988
2026-09-27T01:44:41+09:00,memory-3h,48.0,39.0,41.0,988
2026-09-27T01:44:46+09:00,memory-3h,49.0,39.0,40.0,987
2026-09-27T01:44:51+09:00,memory-3h,48.0,39.0,40.0,988
2026-09-27T01:44:56+09:00,memory-3h,48.0,39.0,40.0,988
2026-09-27T01:45:01+09:00,memory-3h,49.0,39.0,40.0,989
2026-09-27T01:45:06+09:00,memory-3h,47.0,39.0,40.0,988
2026-09-27T01:45:11+09:00,memory-3h,50.0,39.0,40.0,989
2026-09-27T01:45:16+09:00,memory-3h,48.0,39.0,40.0,989
2026-09-27T01:45:21+09:00,memory-3h,49.0,39.0,40.0,989
2026-09-27T01:45:26+09:00,memory-3h,49.0,39.0,40.0,989
2026-09-27T01:45:31+09:00,memory-3h,50.0,39.0,40.0,989
2026-09-27T01:45:36+09:00,memory-3h,48.0,39.0,40.0,987
2026-09-27T01:45:41+09:00,memory-3h,50.0,39.0,40.0,988
2026-09-27T01:45:46+09:00,memory-3h,48.0,39.0,40.0,988
2026-09-27T01:45:51+09:00,memory-3h,48.0,39.0,40.0,989
2026-09-27T01:45:56+09:00,memory-3h,47.0,39.0,40.0,989
2026-09-27T01:46:01+09:00,memory-3h,48.0,39.0,40.0,988
2026-09-27T01:46:06+09:00,memory-3h,49.0,39.0,40.0,988
2026-09-27T01:46:11+09:00,memory-3h,50.0,39.0,40.0,988
2026-09-27T01:46:16+09:00,memory-3h,49.0,39.0,40.0,987
2026-09-27T01:46:21+09:00,memory-3h,50.0,39.0,40.0,988
2026-09-27T01:46:26+09:00,memory-3h,49.0,39.0,40.0,988
2026-09-27T01:46:31+09:00,memory-3h,48.0,39.0,40.0,988
2026-09-27T01:46:36+09:00,memory-3h,49.0,39.0,40.0,988
2026-09-27T01:46:41+09:00,memory-3h,48.0,39.0,40.0,988
2026-09-27T01:46:47+09:00,memory-3h,49.0,39.0,40.0,988
2026-09-27T01:46:52+09:00,memory-3h,48.0,39.0,40.0,988
2026-09-27T01:46:57+09:00,memory-3h,49.0,39.0,40.0,988
2026-09-27T01:47:02+09:00,memory-3h,47.0,39.0,40.0,988
2026-09-27T01:47:07+09:00,memory-3h,47.0,39.0,40.0,988
2026-09-27T01:47:12+09:00,memory-3h,47.0,39.0,40.0,988
2026-09-27T01:47:17+09:00,memory-3h,48.0,39.0,40.0,988
2026-09-27T01:47:22+09:00,memory-3h,48.0,39.0,40.0,988
2026-09-27T01:47:27+09:00,memory-3h,48.0,39.0,40.0,988
2026-09-27T01:47:32+09:00,memory-3h,48.0,39.0,40.0,988
2026-09-27T01:47:37+09:00,memory-3h,47.0,39.0,40.0,987
2026-09-27T01:47:42+09:00,memory-3h,48.0,39.0,40.0,987
2026-09-27T01:47:47+09:00,memory-3h,50.0,39.0,40.0,988
2026-09-27T01:47:52+09:00,memory-3h,48.0,39.0,40.0,987
2026-09-27T01:47:57+09:00,memory-3h,47.0,39.0,40.0,988
2026-09-27T01:48:02+09:00,memory-3h,48.0,39.0,40.0,988
2026-09-27T01:48:07+09:00,memory-3h,49.0,39.0,40.0,989
2026-09-27T01:48:12+09:00,memory-3h,47.0,39.0,40.0,988
2026-09-27T01:48:17+09:00,memory-3h,48.0,39.0,40.0,988
2026-09-27T01:48:22+09:00,memory-3h,47.0,39.0,40.0,988
2026-09-27T01:48:27+09:00,memory-3h,48.0,39.0,40.0,989
2026-09-27T01:48:32+09:00,memory-3h,50.0,39.0,40.0,988
2026-09-27T01:48:37+09:00,memory-3h,48.0,39.0,40.0,989
2026-09-27T01:48:42+09:00,memory-3h,48.0,39.0,40.0,988
2026-09-27T01:48:47+09:00,memory-3h,48.0,39.0,40.0,988
2026-09-27T01:48:52+09:00,memory-3h,48.0,39.0,40.0,989
2026-09-27T01:48:57+09:00,memory-3h,49.0,39.0,40.0,988
2026-09-27T01:49:02+09:00,memory-3h,48.0,39.0,40.0,988
2026-09-27T01:49:07+09:00,memory-3h,49.0,39.0,40.0,989
2026-09-27T01:49:12+09:00,memory-3h,47.0,39.0,40.0,989
2026-09-27T01:49:17+09:00,memory-3h,48.0,39.0,40.0,988
2026-09-27T01:49:22+09:00,memory-3h,48.0,39.0,40.0,988
2026-09-27T01:49:27+09:00,memory-3h,48.0,39.0,40.0,988
2026-09-27T01:49:32+09:00,memory-3h,48.0,39.0,40.0,988
2026-09-27T01:49:37+09:00,memory-3h,49.0,39.0,40.0,988
2026-09-27T01:49:42+09:00,memory-3h,48.0,39.0,40.0,988
2026-09-27T01:49:47+09:00,memory-3h,49.0,39.0,40.0,988
2026-09-27T01:49:52+09:00,memory-3h,49.0,39.0,40.0,988
2026-09-27T01:49:57+09:00,memory-3h,48.0,39.0,40.0,987
2026-09-27T01:50:02+09:00,memory-3h,48.0,39.0,40.0,988
2026-09-27T01:50:07+09:00,memory-3h,50.0,39.0,40.0,987
2026-09-27T01:50:12+09:00,memory-3h,48.0,39.0,40.0,988
2026-09-27T01:50:17+09:00,memory-3h,48.0,39.0,40.0,990
2026-09-27T01:50:22+09:00,memory-3h,48.0,39.0,40.0,988
2026-09-27T01:50:28+09:00,memory-3h,48.0,39.0,40.0,987
2026-09-27T01:50:33+09:00,memory-3h,49.0,39.0,40.0,988
2026-09-27T01:50:38+09:00,memory-3h,48.0,39.0,40.0,988
2026-09-27T01:50:43+09:00,memory-3h,47.0,39.0,40.0,988
2026-09-27T01:50:48+09:00,memory-3h,47.0,39.0,40.0,988
2026-09-27T01:50:53+09:00,memory-3h,47.0,39.0,40.0,989
2026-09-27T01:50:58+09:00,memory-3h,47.0,39.0,40.0,988
2026-09-27T01:51:03+09:00,memory-3h,48.0,39.0,40.0,989
2026-09-27T01:51:08+09:00,memory-3h,49.0,39.0,40.0,988
2026-09-27T01:51:13+09:00,memory-3h,48.0,39.0,40.0,989
2026-09-27T01:51:18+09:00,memory-3h,47.0,39.0,40.0,988
2026-09-27T01:51:23+09:00,memory-3h,51.0,39.0,40.0,988
2026-09-27T01:51:28+09:00,memory-3h,48.0,39.0,40.0,988
2026-09-27T01:51:33+09:00,memory-3h,51.0,39.0,40.0,988
2026-09-27T01:51:38+09:00,memory-3h,48.0,39.0,40.0,988
2026-09-27T01:51:43+09:00,memory-3h,49.0,39.0,40.0,988
2026-09-27T01:51:48+09:00,memory-3h,49.0,39.0,40.0,989
2026-09-27T01:51:53+09:00,memory-3h,48.0,39.0,40.0,988
2026-09-27T01:51:58+09:00,memory-3h,47.0,39.0,40.0,988
2026-09-27T01:52:03+09:00,memory-3h,47.0,39.0,40.0,988
2026-09-27T01:52:08+09:00,memory-3h,47.0,39.0,40.0,988
2026-09-27T01:52:13+09:00,memory-3h,50.0,39.0,40.0,989
2026-09-27T01:52:18+09:00,memory-3h,49.0,39.0,40.0,988
2026-09-27T01:52:23+09:00,memory-3h,49.0,39.0,40.0,987
2026-09-27T01:52:28+09:00,memory-3h,51.0,39.0,40.0,988
2026-09-27T01:52:33+09:00,memory-3h,49.0,39.0,40.0,988
2026-09-27T01:52:38+09:00,memory-3h,48.0,39.0,40.0,989
2026-09-27T01:52:43+09:00,memory-3h,48.0,39.0,40.0,987
2026-09-27T01:52:48+09:00,memory-3h,48.0,39.0,40.0,989
2026-09-27T01:52:53+09:00,memory-3h,47.0,39.0,40.0,988
2026-09-27T01:52:58+09:00,memory-3h,47.0,39.0,40.0,988
2026-09-27T01:53:03+09:00,memory-3h,49.0,39.0,40.0,988
2026-09-27T01:53:08+09:00,memory-3h,47.0,39.0,40.0,989
2026-09-27T01:53:13+09:00,memory-3h,48.0,39.0,40.0,988
2026-09-27T01:53:18+09:00,memory-3h,47.0,39.0,40.0,989
2026-09-27T01:53:23+09:00,memory-3h,48.0,39.0,40.0,987
2026-09-27T01:53:28+09:00,memory-3h,49.0,39.0,40.0,989
2026-09-27T01:53:33+09:00,memory-3h,47.0,39.0,40.0,988
2026-09-27T01:53:38+09:00,memory-3h,48.0,39.0,40.0,988
2026-09-27T01:53:43+09:00,memory-3h,48.0,39.0,40.0,1009
2026-09-27T01:53:48+09:00,memory-3h,49.0,39.0,40.0,1013
2026-09-27T01:53:54+09:00,memory-3h,50.0,39.0,40.0,986
2026-09-27T01:53:59+09:00,memory-3h,48.0,39.0,40.0,990
2026-09-27T01:54:04+09:00,memory-3h,48.0,39.0,40.0,1028
2026-09-27T01:54:09+09:00,memory-3h,54.0,39.0,40.0,1085
2026-09-27T01:54:14+09:00,memory-3h,54.0,39.0,40.0,1138
2026-09-27T01:54:19+09:00,memory-3h,54.0,39.0,40.0,1143
2026-09-27T01:54:24+09:00,memory-3h,50.0,39.0,40.0,1138
2026-09-27T01:54:29+09:00,memory-3h,48.0,39.0,40.0,1126
2026-09-27T01:54:34+09:00,memory-3h,48.0,39.0,40.0,1027
2026-09-27T01:54:39+09:00,memory-3h,49.0,39.0,40.0,987
2026-09-27T01:54:44+09:00,memory-3h,49.0,39.0,40.0,986
2026-09-27T01:54:49+09:00,memory-3h,48.0,39.0,40.0,1001
2026-09-27T01:54:54+09:00,memory-3h,53.0,39.0,40.0,1046
2026-09-27T01:54:59+09:00,memory-3h,52.0,39.0,40.0,1093
2026-09-27T01:55:04+09:00,memory-3h,53.0,39.0,40.0,1111
2026-09-27T01:55:09+09:00,memory-3h,50.0,39.0,40.0,1146
2026-09-27T01:55:14+09:00,memory-3h,49.0,40.0,40.0,1122
2026-09-27T01:55:19+09:00,memory-3h,48.0,39.0,40.0,1147
2026-09-27T01:55:24+09:00,memory-3h,48.0,39.0,40.0,1068
2026-09-27T01:55:29+09:00,memory-3h,48.0,40.0,40.0,994
2026-09-27T01:55:34+09:00,memory-3h,53.0,39.0,40.0,1067
2026-09-27T01:55:39+09:00,memory-3h,53.0,39.0,40.0,1095
2026-09-27T01:55:44+09:00,memory-3h,54.0,39.0,40.0,1094
2026-09-27T01:55:49+09:00,memory-3h,53.0,39.0,40.0,1135
2026-09-27T01:55:54+09:00,memory-3h,48.0,39.0,40.0,1143
2026-09-27T01:55:59+09:00,memory-3h,52.0,40.0,40.0,1042
2026-09-27T01:56:04+09:00,memory-3h,49.0,40.0,40.0,1017
2026-09-27T01:56:09+09:00,memory-3h,49.0,40.0,40.0,1089
2026-09-27T01:56:14+09:00,memory-3h,49.0,40.0,40.0,1135
2026-09-27T01:56:19+09:00,memory-3h,49.0,40.0,40.0,1043
2026-09-27T01:56:24+09:00,memory-3h,49.0,40.0,40.0,988
2026-09-27T01:56:29+09:00,memory-3h,53.0,39.0,40.0,999
2026-09-27T01:56:34+09:00,memory-3h,49.0,40.0,40.0,1084
2026-09-27T01:56:39+09:00,memory-3h,50.0,40.0,40.0,1151
2026-09-27T01:56:44+09:00,memory-3h,50.0,40.0,40.0,1113
2026-09-27T01:56:49+09:00,memory-3h,54.0,40.0,40.0,1140
2026-09-27T01:56:54+09:00,memory-3h,47.0,39.0,40.0,1159
2026-09-27T01:56:59+09:00,memory-3h,48.0,39.0,40.0,1124
2026-09-27T01:57:04+09:00,memory-3h,51.0,40.0,40.0,1025
2026-09-27T01:57:09+09:00,memory-3h,49.0,40.0,40.0,1020
2026-09-27T01:57:14+09:00,memory-3h,49.0,39.0,40.0,1010
2026-09-27T01:57:19+09:00,memory-3h,49.0,39.0,40.0,1021
2026-09-27T01:57:24+09:00,memory-3h,51.0,40.0,40.0,1080
2026-09-27T01:57:30+09:00,memory-3h,49.0,39.0,40.0,1133
2026-09-27T01:57:35+09:00,memory-3h,49.0,40.0,40.0,1043
2026-09-27T01:57:40+09:00,memory-3h,48.0,40.0,40.0,988
2026-09-27T01:57:45+09:00,memory-3h,49.0,40.0,40.0,991
2026-09-27T01:57:50+09:00,memory-3h,51.0,39.0,40.0,1026
2026-09-27T01:57:55+09:00,memory-3h,50.0,40.0,40.0,1020
2026-09-27T01:58:00+09:00,memory-3h,52.0,40.0,40.0,989
2026-09-27T01:58:05+09:00,memory-3h,52.0,40.0,40.0,1070
2026-09-27T01:58:10+09:00,memory-3h,50.0,40.0,40.0,1071
2026-09-27T01:58:15+09:00,memory-3h,50.0,40.0,41.0,1087
2026-09-27T01:58:20+09:00,memory-3h,50.0,39.0,41.0,1028
2026-09-27T01:58:25+09:00,memory-3h,49.0,40.0,40.0,997
2026-09-27T01:58:30+09:00,memory-3h,49.0,40.0,41.0,997
2026-09-27T01:58:35+09:00,memory-3h,49.0,40.0,41.0,999
2026-09-27T01:58:40+09:00,memory-3h,49.0,40.0,41.0,997
2026-09-27T01:58:45+09:00,memory-3h,51.0,40.0,41.0,1009
2026-09-27T01:58:50+09:00,memory-3h,51.0,40.0,41.0,1025
2026-09-27T01:58:55+09:00,memory-3h,50.0,40.0,41.0,1079
2026-09-27T01:59:00+09:00,memory-3h,50.0,40.0,40.0,1102
2026-09-27T01:59:05+09:00,memory-3h,49.0,40.0,41.0,1145
2026-09-27T01:59:10+09:00,memory-3h,49.0,40.0,41.0,1098
2026-09-27T01:59:15+09:00,memory-3h,50.0,40.0,41.0,1081
2026-09-27T01:59:20+09:00,memory-3h,49.0,40.0,41.0,1018
2026-09-27T01:59:25+09:00,memory-3h,52.0,40.0,41.0,994
2026-09-27T01:59:30+09:00,memory-3h,50.0,40.0,41.0,1020
2026-09-27T01:59:35+09:00,memory-3h,49.0,40.0,41.0,1013
2026-09-27T01:59:40+09:00,memory-3h,48.0,40.0,41.0,1012
2026-09-27T01:59:45+09:00,memory-3h,49.0,40.0,41.0,1028
2026-09-27T01:59:50+09:00,memory-3h,52.0,40.0,41.0,1065
2026-09-27T01:59:55+09:00,memory-3h,49.0,40.0,41.0,1069
2026-09-27T02:00:00+09:00,memory-3h,51.0,40.0,41.0,1013
2026-09-27T02:00:05+09:00,memory-3h,49.0,40.0,41.0,1025
2026-09-27T02:00:10+09:00,memory-3h,50.0,40.0,41.0,1000
2026-09-27T02:00:15+09:00,memory-3h,49.0,40.0,41.0,982
2026-09-27T02:00:20+09:00,memory-3h,51.0,40.0,41.0,982
2026-09-27T02:00:25+09:00,memory-3h,51.0,40.0,41.0,981
2026-09-27T02:00:30+09:00,memory-3h,49.0,40.0,41.0,1006
2026-09-27T02:00:35+09:00,memory-3h,52.0,40.0,41.0,1009
2026-09-27T02:00:40+09:00,memory-3h,48.0,40.0,41.0,1017
2026-09-27T02:00:45+09:00,memory-3h,52.0,40.0,41.0,1029
2026-09-27T02:00:50+09:00,memory-3h,49.0,40.0,41.0,1011
2026-09-27T02:00:55+09:00,memory-3h,50.0,40.0,41.0,1022
2026-09-27T02:01:00+09:00,memory-3h,48.0,40.0,41.0,993
2026-09-27T02:01:06+09:00,memory-3h,48.0,40.0,41.0,981
2026-09-27T02:01:11+09:00,memory-3h,49.0,40.0,41.0,982
2026-09-27T02:01:16+09:00,memory-3h,51.0,40.0,41.0,1022
2026-09-27T02:01:21+09:00,memory-3h,49.0,40.0,41.0,1016
2026-09-27T02:01:26+09:00,memory-3h,49.0,40.0,41.0,997
2026-09-27T02:01:31+09:00,memory-3h,49.0,40.0,41.0,1018
2026-09-27T02:01:36+09:00,memory-3h,50.0,40.0,41.0,1018
2026-09-27T02:01:41+09:00,memory-3h,49.0,40.0,41.0,1006
2026-09-27T02:01:46+09:00,memory-3h,48.0,40.0,41.0,985
2026-09-27T02:01:51+09:00,memory-3h,50.0,40.0,41.0,982
2026-09-27T02:01:56+09:00,memory-3h,51.0,40.0,41.0,981
2026-09-27T02:02:01+09:00,memory-3h,48.0,40.0,41.0,982
2026-09-27T02:02:06+09:00,memory-3h,49.0,40.0,41.0,982
2026-09-27T02:02:11+09:00,memory-3h,51.0,40.0,41.0,982
2026-09-27T02:02:16+09:00,memory-3h,48.0,40.0,41.0,992
2026-09-27T02:02:21+09:00,memory-3h,48.0,40.0,41.0,1019
2026-09-27T02:02:26+09:00,memory-3h,49.0,40.0,41.0,989
2026-09-27T02:02:31+09:00,memory-3h,50.0,40.0,41.0,980
2026-09-27T02:02:36+09:00,memory-3h,48.0,40.0,41.0,981
2026-09-27T02:02:41+09:00,memory-3h,48.0,40.0,41.0,983
2026-09-27T02:02:46+09:00,memory-3h,51.0,40.0,41.0,982
2026-09-27T02:02:51+09:00,memory-3h,48.0,40.0,41.0,981
2026-09-27T02:02:56+09:00,memory-3h,49.0,40.0,41.0,980
2026-09-27T02:03:01+09:00,memory-3h,48.0,40.0,41.0,983
2026-09-27T02:03:06+09:00,memory-3h,48.0,40.0,41.0,982
2026-09-27T02:03:11+09:00,memory-3h,50.0,40.0,41.0,982
2026-09-27T02:03:16+09:00,memory-3h,48.0,40.0,41.0,981
2026-09-27T02:03:21+09:00,memory-3h,49.0,40.0,41.0,981
2026-09-27T02:03:26+09:00,memory-3h,50.0,40.0,41.0,982
2026-09-27T02:03:31+09:00,memory-3h,49.0,40.0,41.0,980
2026-09-27T02:03:36+09:00,memory-3h,48.0,40.0,41.0,980
2026-09-27T02:03:41+09:00,memory-3h,48.0,40.0,41.0,982
2026-09-27T02:03:46+09:00,memory-3h,48.0,40.0,41.0,982
2026-09-27T02:03:51+09:00,memory-3h,49.0,40.0,41.0,981
2026-09-27T02:03:56+09:00,memory-3h,48.0,40.0,41.0,982
2026-09-27T02:04:01+09:00,memory-3h,48.0,40.0,41.0,982
2026-09-27T02:04:06+09:00,memory-3h,48.0,40.0,41.0,982
2026-09-27T02:04:11+09:00,memory-3h,49.0,40.0,41.0,982
2026-09-27T02:04:16+09:00,memory-3h,48.0,40.0,41.0,982
2026-09-27T02:04:21+09:00,memory-3h,48.0,40.0,41.0,982
2026-09-27T02:04:26+09:00,memory-3h,49.0,40.0,41.0,983
2026-09-27T02:04:31+09:00,memory-3h,48.0,40.0,41.0,981
2026-09-27T02:04:36+09:00,memory-3h,50.0,40.0,41.0,982
2026-09-27T02:04:42+09:00,memory-3h,51.0,40.0,41.0,982
2026-09-27T02:04:47+09:00,memory-3h,49.0,40.0,41.0,981
2026-09-27T02:04:52+09:00,memory-3h,49.0,40.0,41.0,982
2026-09-27T02:04:57+09:00,memory-3h,48.0,40.0,41.0,981
2026-09-27T02:05:02+09:00,memory-3h,48.0,40.0,41.0,981
2026-09-27T02:05:07+09:00,memory-3h,48.0,40.0,41.0,994
2026-09-27T02:05:12+09:00,memory-3h,49.0,40.0,41.0,1026
2026-09-27T02:05:17+09:00,memory-3h,51.0,40.0,41.0,991
2026-09-27T02:05:22+09:00,memory-3h,50.0,40.0,41.0,980
2026-09-27T02:05:27+09:00,memory-3h,48.0,40.0,41.0,983
2026-09-27T02:05:32+09:00,memory-3h,48.0,40.0,41.0,980
2026-09-27T02:05:37+09:00,memory-3h,49.0,40.0,41.0,981
2026-09-27T02:05:42+09:00,memory-3h,49.0,40.0,41.0,1017
2026-09-27T02:05:47+09:00,memory-3h,49.0,40.0,41.0,1003
2026-09-27T02:05:52+09:00,memory-3h,48.0,40.0,41.0,1022
2026-09-27T02:05:57+09:00,memory-3h,49.0,40.0,41.0,991
2026-09-27T02:06:02+09:00,memory-3h,50.0,40.0,41.0,980
2026-09-27T02:06:07+09:00,memory-3h,50.0,40.0,41.0,980
2026-09-27T02:06:12+09:00,memory-3h,51.0,40.0,41.0,981
2026-09-27T02:06:17+09:00,memory-3h,48.0,40.0,41.0,983
2026-09-27T02:06:22+09:00,memory-3h,48.0,40.0,41.0,981
2026-09-27T02:06:27+09:00,memory-3h,47.0,40.0,41.0,980
2026-09-27T02:06:32+09:00,memory-3h,48.0,40.0,41.0,982
2026-09-27T02:06:37+09:00,memory-3h,50.0,40.0,41.0,982
2026-09-27T02:06:42+09:00,memory-3h,48.0,40.0,41.0,981
2026-09-27T02:06:47+09:00,memory-3h,48.0,40.0,41.0,981
2026-09-27T02:06:52+09:00,memory-3h,48.0,40.0,41.0,982
2026-09-27T02:06:57+09:00,memory-3h,49.0,40.0,41.0,980
2026-09-27T02:07:02+09:00,memory-3h,52.0,40.0,41.0,1011
2026-09-27T02:07:07+09:00,memory-3h,50.0,40.0,41.0,1005
2026-09-27T02:07:12+09:00,memory-3h,50.0,40.0,41.0,984
2026-09-27T02:07:17+09:00,memory-3h,49.0,40.0,41.0,980
2026-09-27T02:07:22+09:00,memory-3h,50.0,40.0,41.0,981
2026-09-27T02:07:27+09:00,memory-3h,50.0,40.0,41.0,1002
2026-09-27T02:07:32+09:00,memory-3h,49.0,40.0,41.0,1012
2026-09-27T02:07:37+09:00,memory-3h,48.0,40.0,41.0,985
2026-09-27T02:07:42+09:00,memory-3h,49.0,40.0,41.0,1026
2026-09-27T02:07:47+09:00,memory-3h,50.0,40.0,41.0,1090
2026-09-27T02:07:52+09:00,memory-3h,49.0,40.0,41.0,1048
2026-09-27T02:07:57+09:00,memory-3h,49.0,40.0,41.0,1013
2026-09-27T02:08:02+09:00,memory-3h,49.0,40.0,41.0,984
2026-09-27T02:08:07+09:00,memory-3h,49.0,40.0,41.0,983
2026-09-27T02:08:13+09:00,memory-3h,51.0,40.0,41.0,981
2026-09-27T02:08:18+09:00,memory-3h,49.0,40.0,41.0,994
2026-09-27T02:08:23+09:00,memory-3h,50.0,40.0,41.0,1027
2026-09-27T02:08:28+09:00,memory-3h,52.0,40.0,41.0,998
2026-09-27T02:08:33+09:00,memory-3h,49.0,40.0,41.0,1015
2026-09-27T02:08:38+09:00,memory-3h,53.0,40.0,41.0,1009
2026-09-27T02:08:43+09:00,memory-3h,48.0,40.0,41.0,1072
2026-09-27T02:08:48+09:00,memory-3h,49.0,40.0,41.0,1043
2026-09-27T02:08:53+09:00,memory-3h,48.0,40.0,41.0,1000
2026-09-27T02:08:58+09:00,memory-3h,48.0,40.0,41.0,994
2026-09-27T02:09:03+09:00,memory-3h,51.0,40.0,41.0,997
2026-09-27T02:09:08+09:00,memory-3h,48.0,40.0,41.0,998
2026-09-27T02:09:13+09:00,memory-3h,49.0,40.0,41.0,998
2026-09-27T02:09:18+09:00,memory-3h,49.0,40.0,41.0,996
2026-09-27T02:09:23+09:00,memory-3h,49.0,40.0,41.0,997
2026-09-27T02:09:28+09:00,memory-3h,50.0,40.0,41.0,996
2026-09-27T02:09:33+09:00,memory-3h,49.0,40.0,41.0,1007
2026-09-27T02:09:38+09:00,memory-3h,49.0,40.0,41.0,1018
2026-09-27T02:09:43+09:00,memory-3h,48.0,40.0,41.0,987
2026-09-27T02:09:48+09:00,memory-3h,49.0,40.0,41.0,981
2026-09-27T02:09:53+09:00,memory-3h,51.0,40.0,41.0,982
2026-09-27T02:09:58+09:00,memory-3h,51.0,40.0,41.0,982
2026-09-27T02:10:03+09:00,memory-3h,52.0,40.0,41.0,1020
2026-09-27T02:10:08+09:00,memory-3h,52.0,40.0,41.0,1031
2026-09-27T02:10:13+09:00,memory-3h,48.0,40.0,41.0,1011
2026-09-27T02:10:18+09:00,memory-3h,49.0,40.0,41.0,998
2026-09-27T02:10:23+09:00,memory-3h,49.0,40.0,41.0,1016
2026-09-27T02:10:28+09:00,memory-3h,51.0,40.0,41.0,988
2026-09-27T02:10:33+09:00,memory-3h,50.0,40.0,41.0,981
2026-09-27T02:10:38+09:00,memory-3h,49.0,40.0,41.0,983
2026-09-27T02:10:43+09:00,memory-3h,48.0,40.0,41.0,982
2026-09-27T02:10:48+09:00,memory-3h,48.0,40.0,41.0,981
2026-09-27T02:10:53+09:00,memory-3h,48.0,40.0,41.0,981
2026-09-27T02:10:58+09:00,memory-3h,48.0,40.0,41.0,982
2026-09-27T02:11:03+09:00,memory-3h,48.0,40.0,41.0,982
2026-09-27T02:11:08+09:00,memory-3h,48.0,40.0,41.0,981
2026-09-27T02:11:13+09:00,memory-3h,48.0,40.0,41.0,982
2026-09-27T02:11:18+09:00,memory-3h,49.0,40.0,41.0,982
2026-09-27T02:11:23+09:00,memory-3h,50.0,40.0,41.0,981
2026-09-27T02:11:28+09:00,memory-3h,49.0,40.0,41.0,982
2026-09-27T02:11:33+09:00,memory-3h,48.0,40.0,41.0,982
2026-09-27T02:11:38+09:00,memory-3h,48.0,40.0,41.0,983
2026-09-27T02:11:44+09:00,memory-3h,48.0,40.0,41.0,981
2026-09-27T02:11:49+09:00,memory-3h,48.0,40.0,41.0,980
2026-09-27T02:11:54+09:00,memory-3h,48.0,40.0,41.0,982
2026-09-27T02:11:59+09:00,memory-3h,51.0,40.0,41.0,981
2026-09-27T02:12:04+09:00,memory-3h,48.0,40.0,41.0,982
2026-09-27T02:12:09+09:00,memory-3h,49.0,40.0,41.0,982
2026-09-27T02:12:14+09:00,memory-3h,48.0,40.0,41.0,981
2026-09-27T02:12:19+09:00,memory-3h,48.0,40.0,41.0,982
2026-09-27T02:12:24+09:00,memory-3h,48.0,40.0,41.0,981
2026-09-27T02:12:29+09:00,memory-3h,47.0,40.0,41.0,982
2026-09-27T02:12:34+09:00,memory-3h,49.0,40.0,41.0,981
2026-09-27T02:12:39+09:00,memory-3h,50.0,40.0,41.0,980
2026-09-27T02:12:44+09:00,memory-3h,49.0,40.0,41.0,982
2026-09-27T02:12:49+09:00,memory-3h,48.0,40.0,41.0,981
2026-09-27T02:12:54+09:00,memory-3h,49.0,40.0,41.0,981
2026-09-27T02:12:59+09:00,memory-3h,48.0,40.0,41.0,980
2026-09-27T02:13:04+09:00,memory-3h,49.0,40.0,41.0,981
2026-09-27T02:13:09+09:00,memory-3h,49.0,40.0,41.0,982
2026-09-27T02:13:14+09:00,memory-3h,49.0,40.0,41.0,982
2026-09-27T02:13:19+09:00,memory-3h,48.0,40.0,41.0,980
2026-09-27T02:13:24+09:00,memory-3h,49.0,40.0,41.0,983
2026-09-27T02:13:29+09:00,memory-3h,50.0,40.0,41.0,980
2026-09-27T02:13:34+09:00,memory-3h,49.0,40.0,41.0,982
2026-09-27T02:13:39+09:00,memory-3h,50.0,40.0,41.0,981
2026-09-27T02:13:44+09:00,memory-3h,48.0,40.0,41.0,982
2026-09-27T02:13:49+09:00,memory-3h,49.0,40.0,41.0,980
2026-09-27T02:13:54+09:00,memory-3h,48.0,40.0,41.0,982
2026-09-27T02:13:59+09:00,memory-3h,48.0,40.0,40.0,982
2026-09-27T02:14:04+09:00,memory-3h,47.0,40.0,41.0,981
2026-09-27T02:14:09+09:00,memory-3h,50.0,40.0,41.0,985
2026-09-27T02:14:14+09:00,memory-3h,49.0,40.0,41.0,1072
2026-09-27T02:14:19+09:00,memory-3h,49.0,40.0,41.0,1040
2026-09-27T02:14:24+09:00,memory-3h,49.0,40.0,41.0,1018
2026-09-27T02:14:29+09:00,memory-3h,48.0,40.0,41.0,1008
2026-09-27T02:14:34+09:00,memory-3h,49.0,40.0,40.0,985
2026-09-27T02:14:39+09:00,memory-3h,49.0,40.0,41.0,983
2026-09-27T02:14:44+09:00,memory-3h,50.0,40.0,40.0,981
2026-09-27T02:14:49+09:00,memory-3h,48.0,40.0,41.0,980
2026-09-27T02:14:54+09:00,memory-3h,49.0,40.0,41.0,982
2026-09-27T02:14:59+09:00,memory-3h,49.0,40.0,40.0,982
2026-09-27T02:15:04+09:00,memory-3h,48.0,40.0,40.0,988
2026-09-27T02:15:10+09:00,memory-3h,48.0,40.0,41.0,1074
2026-09-27T02:15:15+09:00,memory-3h,48.0,40.0,40.0,1040
2026-09-27T02:15:20+09:00,memory-3h,47.0,40.0,41.0,999
2026-09-27T02:15:25+09:00,memory-3h,48.0,40.0,40.0,997
2026-09-27T02:15:30+09:00,memory-3h,49.0,40.0,40.0,999
2026-09-27T02:15:35+09:00,memory-3h,48.0,40.0,40.0,996
2026-09-27T02:15:40+09:00,memory-3h,48.0,40.0,40.0,1005
2026-09-27T02:15:45+09:00,memory-3h,48.0,40.0,41.0,1028
2026-09-27T02:15:50+09:00,memory-3h,47.0,39.0,41.0,992
2026-09-27T02:15:55+09:00,memory-3h,48.0,40.0,41.0,980
2026-09-27T02:16:00+09:00,memory-3h,51.0,40.0,40.0,982
2026-09-27T02:16:05+09:00,memory-3h,49.0,39.0,41.0,982
2026-09-27T02:16:10+09:00,memory-3h,49.0,40.0,41.0,981
2026-09-27T02:16:15+09:00,memory-3h,49.0,40.0,41.0,981
2026-09-27T02:16:20+09:00,memory-3h,48.0,40.0,41.0,982
2026-09-27T02:16:25+09:00,memory-3h,49.0,40.0,41.0,982
2026-09-27T02:16:30+09:00,memory-3h,48.0,39.0,40.0,982
2026-09-27T02:16:35+09:00,memory-3h,50.0,40.0,41.0,1000
2026-09-27T02:16:40+09:00,memory-3h,48.0,40.0,40.0,1014
2026-09-27T02:16:45+09:00,memory-3h,50.0,39.0,41.0,985
2026-09-27T02:16:50+09:00,memory-3h,49.0,40.0,41.0,982
2026-09-27T02:16:55+09:00,memory-3h,48.0,40.0,41.0,982
2026-09-27T02:17:00+09:00,memory-3h,48.0,40.0,40.0,984
2026-09-27T02:17:05+09:00,memory-3h,48.0,40.0,40.0,1021
2026-09-27T02:17:10+09:00,memory-3h,48.0,40.0,40.0,993
2026-09-27T02:17:15+09:00,memory-3h,49.0,39.0,41.0,982
2026-09-27T02:17:20+09:00,memory-3h,48.0,39.0,41.0,1002
2026-09-27T02:17:25+09:00,memory-3h,49.0,40.0,41.0,1012
2026-09-27T02:17:30+09:00,memory-3h,48.0,39.0,40.0,985
2026-09-27T02:17:35+09:00,memory-3h,48.0,40.0,40.0,980
2026-09-27T02:17:40+09:00,memory-3h,49.0,40.0,41.0,982
2026-09-27T02:17:45+09:00,memory-3h,52.0,40.0,40.0,984
2026-09-27T02:17:50+09:00,memory-3h,48.0,40.0,40.0,1021
2026-09-27T02:17:55+09:00,memory-3h,47.0,39.0,40.0,993
2026-09-27T02:18:00+09:00,memory-3h,48.0,39.0,41.0,982
2026-09-27T02:18:05+09:00,memory-3h,49.0,39.0,40.0,982
2026-09-27T02:18:10+09:00,memory-3h,48.0,40.0,40.0,993
2026-09-27T02:18:15+09:00,memory-3h,48.0,39.0,40.0,1018
2026-09-27T02:18:20+09:00,memory-3h,47.0,40.0,40.0,987
2026-09-27T02:18:25+09:00,memory-3h,48.0,40.0,40.0,980
2026-09-27T02:18:30+09:00,memory-3h,50.0,39.0,40.0,982
2026-09-27T02:18:36+09:00,memory-3h,48.0,39.0,40.0,982
2026-09-27T02:18:41+09:00,memory-3h,47.0,39.0,40.0,982
2026-09-27T02:18:46+09:00,memory-3h,48.0,39.0,40.0,982
2026-09-27T02:18:51+09:00,memory-3h,48.0,39.0,40.0,981
2026-09-27T02:18:56+09:00,memory-3h,47.0,39.0,40.0,983
2026-09-27T02:19:01+09:00,memory-3h,48.0,39.0,40.0,982
2026-09-27T02:19:06+09:00,memory-3h,48.0,39.0,40.0,981
2026-09-27T02:19:11+09:00,memory-3h,49.0,39.0,40.0,980
2026-09-27T02:19:16+09:00,memory-3h,47.0,39.0,40.0,980
2026-09-27T02:19:21+09:00,memory-3h,48.0,40.0,40.0,982
2026-09-27T02:19:26+09:00,memory-3h,48.0,39.0,40.0,982
2026-09-27T02:19:31+09:00,memory-3h,49.0,39.0,40.0,982
2026-09-27T02:19:36+09:00,memory-3h,48.0,40.0,40.0,982
2026-09-27T02:19:41+09:00,memory-3h,48.0,39.0,40.0,983
2026-09-27T02:19:46+09:00,memory-3h,47.0,39.0,40.0,982
2026-09-27T02:19:51+09:00,memory-3h,48.0,39.0,40.0,1004
2026-09-27T02:19:56+09:00,memory-3h,48.0,40.0,40.0,1011
2026-09-27T02:20:01+09:00,memory-3h,51.0,39.0,40.0,985
2026-09-27T02:20:06+09:00,memory-3h,50.0,39.0,40.0,981
2026-09-27T02:20:11+09:00,memory-3h,48.0,39.0,40.0,982
2026-09-27T02:20:16+09:00,memory-3h,48.0,40.0,40.0,981
2026-09-27T02:20:21+09:00,memory-3h,49.0,39.0,40.0,982
2026-09-27T02:20:26+09:00,memory-3h,48.0,39.0,40.0,980
2026-09-27T02:20:31+09:00,memory-3h,50.0,39.0,40.0,981
2026-09-27T02:20:36+09:00,memory-3h,49.0,39.0,40.0,982
2026-09-27T02:20:41+09:00,memory-3h,48.0,39.0,40.0,983
2026-09-27T02:20:46+09:00,memory-3h,48.0,39.0,40.0,982
2026-09-27T02:20:51+09:00,memory-3h,48.0,39.0,40.0,981
2026-09-27T02:20:56+09:00,memory-3h,47.0,39.0,40.0,981
2026-09-27T02:21:01+09:00,memory-3h,47.0,39.0,40.0,982
2026-09-27T02:21:06+09:00,memory-3h,48.0,39.0,40.0,981
2026-09-27T02:21:11+09:00,memory-3h,48.0,39.0,40.0,983
2026-09-27T02:21:16+09:00,memory-3h,48.0,39.0,40.0,980
2026-09-27T02:21:21+09:00,memory-3h,48.0,39.0,40.0,982
2026-09-27T02:21:26+09:00,memory-3h,48.0,39.0,40.0,993
2026-09-27T02:21:31+09:00,memory-3h,48.0,39.0,40.0,1019
2026-09-27T02:21:36+09:00,memory-3h,48.0,39.0,40.0,1003
2026-09-27T02:21:41+09:00,memory-3h,49.0,39.0,40.0,1016
2026-09-27T02:21:46+09:00,memory-3h,50.0,39.0,40.0,987
2026-09-27T02:21:51+09:00,memory-3h,48.0,39.0,40.0,981
2026-09-27T02:21:56+09:00,memory-3h,48.0,39.0,40.0,1013
2026-09-27T02:22:01+09:00,memory-3h,49.0,39.0,40.0,1004
2026-09-27T02:22:06+09:00,memory-3h,47.0,39.0,40.0,985
2026-09-27T02:22:12+09:00,memory-3h,48.0,39.0,40.0,983
2026-09-27T02:22:17+09:00,memory-3h,48.0,39.0,40.0,982
2026-09-27T02:22:22+09:00,memory-3h,48.0,39.0,40.0,982
2026-09-27T02:22:27+09:00,memory-3h,49.0,39.0,40.0,980
2026-09-27T02:22:32+09:00,memory-3h,50.0,39.0,40.0,982
2026-09-27T02:22:37+09:00,memory-3h,48.0,39.0,40.0,980
2026-09-27T02:22:42+09:00,memory-3h,49.0,39.0,40.0,982
2026-09-27T02:22:47+09:00,memory-3h,48.0,39.0,40.0,982
2026-09-27T02:22:52+09:00,memory-3h,48.0,40.0,40.0,980
2026-09-27T02:22:57+09:00,memory-3h,51.0,39.0,40.0,982
2026-09-27T02:23:02+09:00,memory-3h,48.0,39.0,40.0,980
2026-09-27T02:23:07+09:00,memory-3h,52.0,39.0,40.0,983
2026-09-27T02:23:12+09:00,memory-3h,51.0,39.0,40.0,1012
2026-09-27T02:23:17+09:00,memory-3h,48.0,39.0,41.0,1010
2026-09-27T02:23:22+09:00,memory-3h,48.0,40.0,40.0,985
2026-09-27T02:23:27+09:00,memory-3h,48.0,39.0,40.0,982
2026-09-27T02:23:32+09:00,memory-3h,49.0,39.0,40.0,982
2026-09-27T02:23:37+09:00,memory-3h,49.0,39.0,41.0,980
2026-09-27T02:23:42+09:00,memory-3h,48.0,39.0,41.0,982
2026-09-27T02:23:47+09:00,memory-3h,48.0,39.0,40.0,980
2026-09-27T02:23:52+09:00,memory-3h,47.0,39.0,40.0,983
2026-09-27T02:23:57+09:00,memory-3h,48.0,39.0,40.0,981
2026-09-27T02:24:02+09:00,memory-3h,51.0,39.0,40.0,982
2026-09-27T02:24:07+09:00,memory-3h,47.0,39.0,40.0,983
2026-09-27T02:24:12+09:00,memory-3h,48.0,39.0,41.0,982
2026-09-27T02:24:17+09:00,memory-3h,48.0,39.0,40.0,982
2026-09-27T02:24:22+09:00,memory-3h,48.0,39.0,41.0,982
2026-09-27T02:24:27+09:00,memory-3h,48.0,39.0,40.0,981
2026-09-27T02:24:32+09:00,memory-3h,51.0,39.0,40.0,982
2026-09-27T02:24:37+09:00,memory-3h,47.0,40.0,40.0,982
2026-09-27T02:24:42+09:00,memory-3h,49.0,39.0,40.0,981
2026-09-27T02:24:47+09:00,memory-3h,48.0,39.0,40.0,981
2026-09-27T02:24:52+09:00,memory-3h,49.0,39.0,40.0,982
2026-09-27T02:24:57+09:00,memory-3h,47.0,39.0,40.0,981
2026-09-27T02:25:02+09:00,memory-3h,47.0,39.0,40.0,981
2026-09-27T02:25:07+09:00,memory-3h,48.0,39.0,40.0,983
2026-09-27T02:25:12+09:00,memory-3h,48.0,39.0,40.0,980
2026-09-27T02:25:17+09:00,memory-3h,50.0,39.0,41.0,982
2026-09-27T02:25:22+09:00,memory-3h,49.0,39.0,40.0,982
2026-09-27T02:25:27+09:00,memory-3h,48.0,39.0,40.0,982
2026-09-27T02:25:32+09:00,memory-3h,48.0,39.0,40.0,1006
2026-09-27T02:25:38+09:00,memory-3h,51.0,39.0,40.0,1009
2026-09-27T02:25:43+09:00,memory-3h,48.0,39.0,41.0,985
2026-09-27T02:25:48+09:00,memory-3h,48.0,39.0,40.0,982
2026-09-27T02:25:53+09:00,memory-3h,52.0,39.0,40.0,1000
2026-09-27T02:25:58+09:00,memory-3h,48.0,39.0,40.0,1022
2026-09-27T02:26:03+09:00,memory-3h,49.0,39.0,40.0,988
2026-09-27T02:26:08+09:00,memory-3h,49.0,39.0,40.0,980
2026-09-27T02:26:13+09:00,memory-3h,47.0,39.0,40.0,981
2026-09-27T02:26:18+09:00,memory-3h,50.0,39.0,40.0,983
2026-09-27T02:26:23+09:00,memory-3h,48.0,39.0,40.0,981
2026-09-27T02:26:28+09:00,memory-3h,49.0,39.0,40.0,983
2026-09-27T02:26:33+09:00,memory-3h,49.0,39.0,40.0,981
2026-09-27T02:26:38+09:00,memory-3h,48.0,39.0,40.0,983
2026-09-27T02:26:43+09:00,memory-3h,47.0,39.0,40.0,980
2026-09-27T02:26:48+09:00,memory-3h,49.0,39.0,40.0,982
2026-09-27T02:26:53+09:00,memory-3h,49.0,39.0,40.0,981
2026-09-27T02:26:58+09:00,memory-3h,48.0,39.0,40.0,981
2026-09-27T02:27:03+09:00,memory-3h,50.0,39.0,40.0,982
2026-09-27T02:27:08+09:00,memory-3h,47.0,39.0,40.0,983
2026-09-27T02:27:13+09:00,memory-3h,48.0,39.0,40.0,980
2026-09-27T02:27:18+09:00,memory-3h,49.0,39.0,40.0,982
2026-09-27T02:27:23+09:00,memory-3h,48.0,39.0,40.0,981
2026-09-27T02:27:28+09:00,memory-3h,48.0,39.0,40.0,982
2026-09-27T02:27:33+09:00,memory-3h,48.0,39.0,40.0,982
2026-09-27T02:27:38+09:00,memory-3h,48.0,39.0,40.0,980
2026-09-27T02:27:43+09:00,memory-3h,48.0,39.0,40.0,982
2026-09-27T02:27:48+09:00,memory-3h,48.0,39.0,40.0,983
2026-09-27T02:27:53+09:00,memory-3h,48.0,39.0,40.0,980
2026-09-27T02:27:58+09:00,memory-3h,48.0,39.0,40.0,980
2026-09-27T02:28:03+09:00,memory-3h,48.0,39.0,40.0,982
2026-09-27T02:28:08+09:00,memory-3h,49.0,39.0,40.0,983
2026-09-27T02:28:13+09:00,memory-3h,47.0,39.0,40.0,982
2026-09-27T02:28:18+09:00,memory-3h,48.0,39.0,41.0,981
2026-09-27T02:28:23+09:00,memory-3h,48.0,39.0,40.0,981
2026-09-27T02:28:28+09:00,memory-3h,48.0,39.0,41.0,982
2026-09-27T02:28:33+09:00,memory-3h,48.0,39.0,40.0,982
2026-09-27T02:28:38+09:00,memory-3h,47.0,39.0,41.0,981
2026-09-27T02:28:43+09:00,memory-3h,48.0,39.0,40.0,983
2026-09-27T02:28:48+09:00,memory-3h,47.0,39.0,40.0,980
2026-09-27T02:28:53+09:00,memory-3h,48.0,39.0,41.0,982
2026-09-27T02:28:58+09:00,memory-3h,48.0,39.0,40.0,982
2026-09-27T02:29:03+09:00,memory-3h,48.0,39.0,40.0,981
2026-09-27T02:29:09+09:00,memory-3h,48.0,39.0,40.0,982
2026-09-27T02:29:14+09:00,memory-3h,47.0,39.0,40.0,983
2026-09-27T02:29:19+09:00,memory-3h,50.0,39.0,40.0,981
2026-09-27T02:29:24+09:00,memory-3h,49.0,39.0,40.0,981
2026-09-27T02:29:29+09:00,memory-3h,49.0,39.0,40.0,982
2026-09-27T02:29:34+09:00,memory-3h,48.0,39.0,40.0,980
2026-09-27T02:29:39+09:00,memory-3h,47.0,39.0,40.0,982
2026-09-27T02:29:44+09:00,memory-3h,48.0,39.0,40.0,981
2026-09-27T02:29:49+09:00,memory-3h,52.0,39.0,40.0,982
2026-09-27T02:29:54+09:00,memory-3h,48.0,39.0,40.0,1007
2026-09-27T02:29:59+09:00,memory-3h,48.0,39.0,40.0,1007
2026-09-27T02:30:04+09:00,memory-3h,48.0,39.0,40.0,985
2026-09-27T02:30:09+09:00,memory-3h,47.0,39.0,41.0,982
2026-09-27T02:30:14+09:00,memory-3h,49.0,39.0,40.0,982
2026-09-27T02:30:19+09:00,memory-3h,48.0,39.0,40.0,983
2026-09-27T02:30:24+09:00,memory-3h,49.0,39.0,41.0,982
2026-09-27T02:30:29+09:00,memory-3h,47.0,39.0,40.0,981
2026-09-27T02:30:34+09:00,memory-3h,48.0,39.0,40.0,982
2026-09-27T02:30:39+09:00,memory-3h,48.0,39.0,41.0,982
2026-09-27T02:30:44+09:00,memory-3h,48.0,39.0,40.0,982
2026-09-27T02:30:49+09:00,memory-3h,48.0,39.0,40.0,980
2026-09-27T02:30:54+09:00,memory-3h,49.0,39.0,40.0,982
2026-09-27T02:30:59+09:00,memory-3h,49.0,40.0,40.0,980
2026-09-27T02:31:04+09:00,memory-3h,48.0,39.0,40.0,982
2026-09-27T02:31:09+09:00,memory-3h,48.0,39.0,41.0,982
2026-09-27T02:31:14+09:00,memory-3h,48.0,39.0,40.0,982
2026-09-27T02:31:19+09:00,memory-3h,48.0,39.0,40.0,982
2026-09-27T02:31:24+09:00,memory-3h,52.0,39.0,40.0,982
2026-09-27T02:31:29+09:00,memory-3h,48.0,39.0,40.0,1010
2026-09-27T02:31:34+09:00,memory-3h,49.0,39.0,40.0,1005
2026-09-27T02:31:39+09:00,memory-3h,48.0,39.0,40.0,984
2026-09-27T02:31:44+09:00,memory-3h,49.0,39.0,40.0,982
2026-09-27T02:31:49+09:00,memory-3h,49.0,39.0,40.0,982
2026-09-27T02:31:54+09:00,memory-3h,48.0,39.0,40.0,982
2026-09-27T02:31:59+09:00,memory-3h,48.0,39.0,40.0,982
2026-09-27T02:32:04+09:00,memory-3h,48.0,39.0,40.0,982
2026-09-27T02:32:09+09:00,memory-3h,48.0,39.0,40.0,981
2026-09-27T02:32:14+09:00,memory-3h,50.0,39.0,40.0,982
2026-09-27T02:32:19+09:00,memory-3h,47.0,39.0,40.0,982
2026-09-27T02:32:24+09:00,memory-3h,48.0,39.0,40.0,980
2026-09-27T02:32:29+09:00,memory-3h,49.0,39.0,40.0,982
2026-09-27T02:32:34+09:00,memory-3h,50.0,39.0,40.0,983
2026-09-27T02:32:39+09:00,memory-3h,50.0,39.0,40.0,980
2026-09-27T02:32:45+09:00,memory-3h,49.0,39.0,40.0,982
2026-09-27T02:32:50+09:00,memory-3h,50.0,39.0,40.0,982
2026-09-27T02:32:55+09:00,memory-3h,48.0,39.0,40.0,981
2026-09-27T02:33:00+09:00,memory-3h,48.0,39.0,40.0,982
2026-09-27T02:33:05+09:00,memory-3h,48.0,39.0,40.0,981
2026-09-27T02:33:10+09:00,memory-3h,49.0,39.0,40.0,980
2026-09-27T02:33:15+09:00,memory-3h,47.0,39.0,40.0,982
2026-09-27T02:33:20+09:00,memory-3h,48.0,39.0,40.0,983
2026-09-27T02:33:25+09:00,memory-3h,50.0,39.0,40.0,980
2026-09-27T02:33:30+09:00,memory-3h,48.0,39.0,40.0,981
2026-09-27T02:33:35+09:00,memory-3h,49.0,39.0,40.0,982
2026-09-27T02:33:40+09:00,memory-3h,49.0,39.0,41.0,981
2026-09-27T02:33:45+09:00,memory-3h,48.0,39.0,40.0,982
2026-09-27T02:33:50+09:00,memory-3h,48.0,39.0,40.0,983
2026-09-27T02:33:55+09:00,memory-3h,48.0,39.0,40.0,980
2026-09-27T02:34:00+09:00,memory-3h,47.0,39.0,40.0,982
2026-09-27T02:34:05+09:00,memory-3h,48.0,39.0,40.0,981
2026-09-27T02:34:10+09:00,memory-3h,49.0,39.0,40.0,980
2026-09-27T02:34:15+09:00,memory-3h,49.0,39.0,40.0,982
2026-09-27T02:34:20+09:00,memory-3h,50.0,39.0,40.0,982
2026-09-27T02:34:25+09:00,memory-3h,48.0,39.0,40.0,982
2026-09-27T02:34:30+09:00,memory-3h,50.0,39.0,40.0,980
2026-09-27T02:34:35+09:00,memory-3h,47.0,39.0,40.0,981
2026-09-27T02:34:40+09:00,memory-3h,48.0,39.0,40.0,982
2026-09-27T02:34:45+09:00,memory-3h,50.0,39.0,40.0,982
2026-09-27T02:34:50+09:00,memory-3h,48.0,39.0,40.0,980
2026-09-27T02:34:55+09:00,memory-3h,48.0,39.0,40.0,982
2026-09-27T02:35:00+09:00,memory-3h,49.0,39.0,40.0,980
2026-09-27T02:35:05+09:00,memory-3h,49.0,39.0,40.0,980
2026-09-27T02:35:10+09:00,memory-3h,48.0,39.0,40.0,996
2026-09-27T02:35:15+09:00,memory-3h,47.0,39.0,40.0,1016
2026-09-27T02:35:20+09:00,memory-3h,48.0,39.0,40.0,987
2026-09-27T02:35:25+09:00,memory-3h,48.0,39.0,40.0,980
2026-09-27T02:35:30+09:00,memory-3h,49.0,39.0,40.0,982
2026-09-27T02:35:35+09:00,memory-3h,48.0,39.0,40.0,981
2026-09-27T02:35:40+09:00,memory-3h,48.0,39.0,40.0,981
2026-09-27T02:35:45+09:00,memory-3h,48.0,39.0,40.0,982
2026-09-27T02:35:50+09:00,memory-3h,49.0,39.0,40.0,982
2026-09-27T02:35:55+09:00,memory-3h,52.0,39.0,40.0,982
2026-09-27T02:36:00+09:00,memory-3h,49.0,39.0,40.0,1014
2026-09-27T02:36:05+09:00,memory-3h,50.0,39.0,40.0,1003
2026-09-27T02:36:10+09:00,memory-3h,51.0,39.0,40.0,984
2026-09-27T02:36:15+09:00,memory-3h,48.0,39.0,40.0,982
2026-09-27T02:36:21+09:00,memory-3h,48.0,39.0,40.0,982
2026-09-27T02:36:26+09:00,memory-3h,50.0,39.0,40.0,980
2026-09-27T02:36:31+09:00,memory-3h,48.0,39.0,40.0,982
2026-09-27T02:36:36+09:00,memory-3h,48.0,39.0,40.0,982
2026-09-27T02:36:41+09:00,memory-3h,49.0,39.0,40.0,981
2026-09-27T02:36:46+09:00,memory-3h,48.0,39.0,40.0,981
2026-09-27T02:36:51+09:00,memory-3h,48.0,39.0,40.0,982
2026-09-27T02:36:56+09:00,memory-3h,48.0,39.0,40.0,980
2026-09-27T02:37:01+09:00,memory-3h,47.0,39.0,40.0,982
2026-09-27T02:37:06+09:00,memory-3h,48.0,39.0,40.0,982
2026-09-27T02:37:11+09:00,memory-3h,48.0,39.0,40.0,982
2026-09-27T02:37:16+09:00,memory-3h,48.0,39.0,40.0,981
2026-09-27T02:37:21+09:00,memory-3h,50.0,39.0,40.0,982
2026-09-27T02:37:26+09:00,memory-3h,49.0,39.0,40.0,983
2026-09-27T02:37:31+09:00,memory-3h,48.0,39.0,40.0,982
2026-09-27T02:37:36+09:00,memory-3h,47.0,39.0,40.0,982
2026-09-27T02:37:41+09:00,memory-3h,50.0,39.0,40.0,982
2026-09-27T02:37:46+09:00,memory-3h,49.0,39.0,40.0,981
2026-09-27T02:37:51+09:00,memory-3h,49.0,39.0,40.0,982
2026-09-27T02:37:56+09:00,memory-3h,47.0,39.0,40.0,982
2026-09-27T02:38:01+09:00,memory-3h,48.0,39.0,40.0,982
2026-09-27T02:38:06+09:00,memory-3h,49.0,39.0,40.0,982
2026-09-27T02:38:11+09:00,memory-3h,47.0,39.0,40.0,982
2026-09-27T02:38:16+09:00,memory-3h,48.0,39.0,40.0,982
2026-09-27T02:38:21+09:00,memory-3h,48.0,39.0,40.0,997
2026-09-27T02:38:26+09:00,memory-3h,48.0,39.0,40.0,1015
2026-09-27T02:38:31+09:00,memory-3h,49.0,39.0,40.0,986
2026-09-27T02:38:36+09:00,memory-3h,48.0,39.0,40.0,982
2026-09-27T02:38:41+09:00,memory-3h,48.0,39.0,40.0,982
2026-09-27T02:38:46+09:00,memory-3h,48.0,39.0,40.0,983
2026-09-27T02:38:51+09:00,memory-3h,48.0,39.0,40.0,982
2026-09-27T02:38:56+09:00,memory-3h,48.0,39.0,40.0,982
2026-09-27T02:39:01+09:00,memory-3h,47.0,39.0,40.0,982
2026-09-27T02:39:06+09:00,memory-3h,47.0,39.0,40.0,982
2026-09-27T02:39:11+09:00,memory-3h,48.0,39.0,40.0,982
2026-09-27T02:39:16+09:00,memory-3h,48.0,39.0,40.0,981
2026-09-27T02:39:21+09:00,memory-3h,47.0,39.0,40.0,982
2026-09-27T02:39:26+09:00,memory-3h,48.0,39.0,40.0,982
2026-09-27T02:39:31+09:00,memory-3h,47.0,39.0,40.0,982
2026-09-27T02:39:36+09:00,memory-3h,50.0,39.0,40.0,980
2026-09-27T02:39:41+09:00,memory-3h,48.0,39.0,40.0,981
2026-09-27T02:39:46+09:00,memory-3h,48.0,39.0,40.0,982
2026-09-27T02:39:51+09:00,memory-3h,48.0,39.0,40.0,980
2026-09-27T02:39:57+09:00,memory-3h,49.0,39.0,40.0,982
2026-09-27T02:40:02+09:00,memory-3h,48.0,39.0,40.0,982
2026-09-27T02:40:07+09:00,memory-3h,48.0,39.0,40.0,983
2026-09-27T02:40:12+09:00,memory-3h,48.0,39.0,40.0,980
2026-09-27T02:40:17+09:00,memory-3h,47.0,39.0,40.0,982
2026-09-27T02:40:22+09:00,memory-3h,50.0,39.0,40.0,982
2026-09-27T02:40:27+09:00,memory-3h,48.0,39.0,40.0,980
2026-09-27T02:40:32+09:00,memory-3h,47.0,39.0,40.0,982
2026-09-27T02:40:37+09:00,memory-3h,48.0,39.0,40.0,982
2026-09-27T02:40:42+09:00,memory-3h,48.0,39.0,40.0,982
2026-09-27T02:40:47+09:00,memory-3h,49.0,39.0,41.0,982
2026-09-27T02:40:52+09:00,memory-3h,49.0,39.0,40.0,981
2026-09-27T02:40:57+09:00,memory-3h,49.0,39.0,40.0,981
2026-09-27T02:41:02+09:00,memory-3h,51.0,39.0,40.0,980
2026-09-27T02:41:07+09:00,memory-3h,49.0,39.0,40.0,982
2026-09-27T02:41:12+09:00,memory-3h,49.0,39.0,40.0,981
2026-09-27T02:41:17+09:00,memory-3h,48.0,39.0,40.0,981
2026-09-27T02:41:22+09:00,memory-3h,48.0,39.0,41.0,982
2026-09-27T02:41:27+09:00,memory-3h,49.0,40.0,41.0,982
2026-09-27T02:41:32+09:00,memory-3h,50.0,39.0,40.0,982
2026-09-27T02:41:37+09:00,memory-3h,49.0,39.0,40.0,982
2026-09-27T02:41:42+09:00,memory-3h,49.0,39.0,40.0,982
2026-09-27T02:41:47+09:00,memory-3h,49.0,39.0,40.0,981
2026-09-27T02:41:52+09:00,memory-3h,49.0,39.0,41.0,982
2026-09-27T02:41:57+09:00,memory-3h,49.0,40.0,40.0,980
2026-09-27T02:42:02+09:00,memory-3h,49.0,40.0,41.0,982
2026-09-27T02:42:07+09:00,memory-3h,50.0,40.0,41.0,983
2026-09-27T02:42:12+09:00,memory-3h,49.0,39.0,40.0,981
2026-09-27T02:42:17+09:00,memory-3h,50.0,40.0,41.0,1000
2026-09-27T02:42:22+09:00,memory-3h,48.0,40.0,40.0,1019
2026-09-27T02:42:27+09:00,memory-3h,49.0,40.0,41.0,990
2026-09-27T02:42:32+09:00,memory-3h,48.0,40.0,41.0,981
2026-09-27T02:42:37+09:00,memory-3h,48.0,40.0,41.0,982
2026-09-27T02:42:42+09:00,memory-3h,49.0,40.0,41.0,982
2026-09-27T02:42:47+09:00,memory-3h,48.0,39.0,41.0,982
2026-09-27T02:42:52+09:00,memory-3h,47.0,39.0,41.0,982
2026-09-27T02:42:57+09:00,memory-3h,48.0,40.0,41.0,982
2026-09-27T02:43:02+09:00,memory-3h,48.0,39.0,41.0,982
2026-09-27T02:43:07+09:00,memory-3h,50.0,40.0,41.0,982
2026-09-27T02:43:12+09:00,memory-3h,49.0,39.0,41.0,982
2026-09-27T02:43:17+09:00,memory-3h,50.0,40.0,40.0,982
2026-09-27T02:43:22+09:00,memory-3h,49.0,40.0,41.0,982
2026-09-27T02:43:27+09:00,memory-3h,48.0,40.0,41.0,982
2026-09-27T02:43:33+09:00,memory-3h,48.0,40.0,41.0,981
2026-09-27T02:43:38+09:00,memory-3h,48.0,39.0,41.0,982
2026-09-27T02:43:43+09:00,memory-3h,48.0,40.0,41.0,982
2026-09-27T02:43:48+09:00,memory-3h,48.0,40.0,41.0,980
2026-09-27T02:43:53+09:00,memory-3h,49.0,39.0,41.0,981
2026-09-27T02:43:58+09:00,memory-3h,48.0,40.0,41.0,981
2026-09-27T02:44:03+09:00,memory-3h,49.0,40.0,41.0,982
2026-09-27T02:44:08+09:00,memory-3h,48.0,40.0,41.0,981
2026-09-27T02:44:13+09:00,memory-3h,47.0,40.0,41.0,982
2026-09-27T02:44:18+09:00,memory-3h,50.0,40.0,41.0,982
2026-09-27T02:44:23+09:00,memory-3h,48.0,40.0,41.0,982
2026-09-27T02:44:28+09:00,memory-3h,48.0,39.0,41.0,981
2026-09-27T02:44:33+09:00,memory-3h,48.0,40.0,41.0,983
2026-09-27T02:44:38+09:00,memory-3h,48.0,40.0,41.0,981
2026-09-27T02:44:43+09:00,memory-3h,47.0,40.0,41.0,981
2026-09-27T02:44:48+09:00,memory-3h,48.0,40.0,41.0,981
2026-09-27T02:44:53+09:00,memory-3h,48.0,40.0,41.0,982
2026-09-27T02:44:58+09:00,memory-3h,48.0,40.0,41.0,981
2026-09-27T02:45:03+09:00,memory-3h,48.0,40.0,41.0,981
2026-09-27T02:45:08+09:00,memory-3h,48.0,40.0,41.0,982
2026-09-27T02:45:13+09:00,memory-3h,47.0,40.0,41.0,981
2026-09-27T02:45:18+09:00,memory-3h,48.0,40.0,41.0,981
2026-09-27T02:45:23+09:00,memory-3h,49.0,40.0,41.0,982
2026-09-27T02:45:28+09:00,memory-3h,48.0,40.0,41.0,980
2026-09-27T02:45:33+09:00,memory-3h,48.0,40.0,41.0,982
2026-09-27T02:45:38+09:00,memory-3h,49.0,40.0,41.0,982
2026-09-27T02:45:43+09:00,memory-3h,49.0,40.0,41.0,983
2026-09-27T02:45:48+09:00,memory-3h,47.0,40.0,41.0,980
2026-09-27T02:45:53+09:00,memory-3h,48.0,40.0,41.0,983
2026-09-27T02:45:58+09:00,memory-3h,47.0,40.0,41.0,980
2026-09-27T02:46:03+09:00,memory-3h,48.0,40.0,41.0,982
2026-09-27T02:46:08+09:00,memory-3h,48.0,40.0,41.0,980
2026-09-27T02:46:13+09:00,memory-3h,50.0,40.0,41.0,981
2026-09-27T02:46:18+09:00,memory-3h,48.0,40.0,41.0,981
2026-09-27T02:46:23+09:00,memory-3h,49.0,40.0,41.0,982
2026-09-27T02:46:28+09:00,memory-3h,48.0,40.0,41.0,980
2026-09-27T02:46:33+09:00,memory-3h,51.0,40.0,41.0,982
2026-09-27T02:46:38+09:00,memory-3h,49.0,40.0,41.0,980
2026-09-27T02:46:43+09:00,memory-3h,48.0,40.0,41.0,982
2026-09-27T02:46:48+09:00,memory-3h,48.0,40.0,41.0,981
2026-09-27T02:46:53+09:00,memory-3h,51.0,40.0,41.0,982
2026-09-27T02:46:58+09:00,memory-3h,50.0,40.0,41.0,982
2026-09-27T02:47:03+09:00,memory-3h,50.0,40.0,41.0,980
2026-09-27T02:47:08+09:00,memory-3h,48.0,40.0,41.0,983
2026-09-27T02:47:14+09:00,memory-3h,47.0,40.0,41.0,982
2026-09-27T02:47:19+09:00,memory-3h,48.0,40.0,41.0,981
2026-09-27T02:47:24+09:00,memory-3h,49.0,40.0,41.0,981
2026-09-27T02:47:29+09:00,memory-3h,48.0,40.0,41.0,981
2026-09-27T02:47:34+09:00,memory-3h,48.0,40.0,41.0,982
2026-09-27T02:47:39+09:00,memory-3h,48.0,40.0,41.0,996
2026-09-27T02:47:44+09:00,memory-3h,49.0,40.0,41.0,1020
2026-09-27T02:47:49+09:00,memory-3h,48.0,40.0,41.0,989
2026-09-27T02:47:54+09:00,memory-3h,48.0,40.0,41.0,978
2026-09-27T02:47:59+09:00,memory-3h,49.0,40.0,41.0,979
2026-09-27T02:48:04+09:00,memory-3h,48.0,40.0,41.0,981
2026-09-27T02:48:09+09:00,memory-3h,50.0,40.0,41.0,980
2026-09-27T02:48:14+09:00,memory-3h,48.0,40.0,41.0,982
2026-09-27T02:48:19+09:00,memory-3h,48.0,40.0,41.0,982
2026-09-27T02:48:24+09:00,memory-3h,50.0,40.0,41.0,980
2026-09-27T02:48:29+09:00,memory-3h,49.0,40.0,41.0,981
2026-09-27T02:48:34+09:00,memory-3h,48.0,40.0,41.0,982
2026-09-27T02:48:39+09:00,memory-3h,49.0,40.0,41.0,982
2026-09-27T02:48:44+09:00,memory-3h,49.0,40.0,41.0,980
2026-09-27T02:48:49+09:00,memory-3h,47.0,40.0,41.0,983
2026-09-27T02:48:54+09:00,memory-3h,50.0,40.0,41.0,980
2026-09-27T02:48:59+09:00,memory-3h,47.0,40.0,41.0,982
2026-09-27T02:49:04+09:00,memory-3h,51.0,40.0,41.0,981
2026-09-27T02:49:09+09:00,memory-3h,50.0,40.0,41.0,980
2026-09-27T02:49:14+09:00,memory-3h,48.0,40.0,41.0,980
2026-09-27T02:49:19+09:00,memory-3h,48.0,40.0,41.0,981
2026-09-27T02:49:24+09:00,memory-3h,49.0,40.0,41.0,981
2026-09-27T02:49:29+09:00,memory-3h,49.0,40.0,41.0,983
2026-09-27T02:49:34+09:00,memory-3h,48.0,40.0,41.0,982
2026-09-27T02:49:39+09:00,memory-3h,49.0,40.0,41.0,980
2026-09-27T02:49:44+09:00,memory-3h,48.0,40.0,41.0,981
2026-09-27T02:49:49+09:00,memory-3h,48.0,40.0,41.0,981
2026-09-27T02:49:54+09:00,memory-3h,48.0,40.0,41.0,980
2026-09-27T02:49:59+09:00,memory-3h,50.0,40.0,41.0,983
2026-09-27T02:50:04+09:00,memory-3h,50.0,40.0,41.0,982
2026-09-27T02:50:09+09:00,memory-3h,50.0,40.0,41.0,982
2026-09-27T02:50:14+09:00,memory-3h,49.0,40.0,41.0,981
2026-09-27T02:50:19+09:00,memory-3h,48.0,40.0,41.0,980
2026-09-27T02:50:24+09:00,memory-3h,49.0,40.0,41.0,982
2026-09-27T02:50:29+09:00,memory-3h,48.0,40.0,41.0,983
2026-09-27T02:50:34+09:00,memory-3h,48.0,40.0,41.0,981
2026-09-27T02:50:39+09:00,memory-3h,49.0,40.0,41.0,983
2026-09-27T02:50:45+09:00,memory-3h,49.0,40.0,41.0,981
2026-09-27T02:50:50+09:00,memory-3h,48.0,40.0,41.0,980
2026-09-27T02:50:55+09:00,memory-3h,50.0,40.0,41.0,983
2026-09-27T02:51:00+09:00,memory-3h,49.0,40.0,41.0,980
2026-09-27T02:51:05+09:00,memory-3h,51.0,40.0,41.0,983
2026-09-27T02:51:10+09:00,memory-3h,48.0,40.0,41.0,981
2026-09-27T02:51:15+09:00,memory-3h,48.0,40.0,41.0,980
2026-09-27T02:51:20+09:00,memory-3h,48.0,40.0,41.0,983
2026-09-27T02:51:25+09:00,memory-3h,50.0,40.0,41.0,982
2026-09-27T02:51:30+09:00,memory-3h,48.0,40.0,41.0,983
2026-09-27T02:51:35+09:00,memory-3h,48.0,40.0,41.0,981
2026-09-27T02:51:40+09:00,memory-3h,48.0,40.0,41.0,981
2026-09-27T02:51:45+09:00,memory-3h,50.0,40.0,41.0,982
2026-09-27T02:51:50+09:00,memory-3h,49.0,40.0,41.0,982
2026-09-27T02:51:55+09:00,memory-3h,50.0,40.0,41.0,981
2026-09-27T02:52:00+09:00,memory-3h,50.0,40.0,41.0,980
2026-09-27T02:52:05+09:00,memory-3h,49.0,40.0,41.0,981
2026-09-27T02:52:10+09:00,memory-3h,49.0,40.0,40.0,982
2026-09-27T02:52:15+09:00,memory-3h,50.0,40.0,41.0,983
2026-09-27T02:52:20+09:00,memory-3h,48.0,40.0,41.0,981
2026-09-27T02:52:25+09:00,memory-3h,49.0,40.0,41.0,980
2026-09-27T02:52:30+09:00,memory-3h,48.0,40.0,41.0,982
2026-09-27T02:52:35+09:00,memory-3h,48.0,40.0,41.0,981
2026-09-27T02:52:40+09:00,memory-3h,49.0,40.0,41.0,980
2026-09-27T02:52:45+09:00,memory-3h,48.0,40.0,41.0,983
2026-09-27T02:52:50+09:00,memory-3h,48.0,40.0,41.0,981
2026-09-27T02:52:55+09:00,memory-3h,49.0,40.0,41.0,981
2026-09-27T02:53:00+09:00,memory-3h,51.0,40.0,41.0,983
2026-09-27T02:53:05+09:00,memory-3h,49.0,40.0,41.0,982
2026-09-27T02:53:10+09:00,memory-3h,48.0,40.0,41.0,980
2026-09-27T02:53:15+09:00,memory-3h,49.0,40.0,41.0,982
2026-09-27T02:53:20+09:00,memory-3h,48.0,40.0,41.0,980
2026-09-27T02:53:25+09:00,memory-3h,50.0,40.0,41.0,982
2026-09-27T02:53:30+09:00,memory-3h,50.0,40.0,41.0,1006
2026-09-27T02:53:35+09:00,memory-3h,50.0,40.0,41.0,1009
2026-09-27T02:53:40+09:00,memory-3h,48.0,40.0,41.0,986
2026-09-27T02:53:45+09:00,memory-3h,49.0,40.0,41.0,983
2026-09-27T02:53:50+09:00,memory-3h,50.0,40.0,41.0,983
2026-09-27T02:53:55+09:00,memory-3h,48.0,40.0,41.0,982
2026-09-27T02:54:00+09:00,memory-3h,48.0,40.0,41.0,981
2026-09-27T02:54:05+09:00,memory-3h,49.0,40.0,41.0,981
2026-09-27T02:54:10+09:00,memory-3h,49.0,40.0,41.0,980
2026-09-27T02:54:15+09:00,memory-3h,49.0,40.0,41.0,981
2026-09-27T02:54:20+09:00,memory-3h,50.0,40.0,41.0,983
2026-09-27T02:54:26+09:00,memory-3h,50.0,40.0,41.0,982
2026-09-27T02:54:31+09:00,memory-3h,50.0,40.0,41.0,981
2026-09-27T02:54:36+09:00,memory-3h,49.0,40.0,41.0,980
2026-09-27T02:54:41+09:00,memory-3h,49.0,40.0,41.0,982
2026-09-27T02:54:46+09:00,memory-3h,49.0,40.0,41.0,983
2026-09-27T02:54:51+09:00,memory-3h,49.0,40.0,41.0,980
2026-09-27T02:54:56+09:00,memory-3h,49.0,40.0,41.0,982
2026-09-27T02:55:01+09:00,memory-3h,49.0,40.0,41.0,983
2026-09-27T02:55:06+09:00,memory-3h,50.0,40.0,41.0,980
2026-09-27T02:55:11+09:00,memory-3h,53.0,40.0,41.0,981
2026-09-27T02:55:16+09:00,memory-3h,49.0,40.0,41.0,1064
2026-09-27T02:55:21+09:00,memory-3h,49.0,40.0,41.0,1051
2026-09-27T02:55:26+09:00,memory-3h,49.0,40.0,41.0,1002
2026-09-27T02:55:31+09:00,memory-3h,54.0,40.0,41.0,995
2026-09-27T02:55:36+09:00,memory-3h,49.0,40.0,41.0,1098
2026-09-27T02:55:41+09:00,memory-3h,48.0,40.0,41.0,1130
2026-09-27T02:55:46+09:00,memory-3h,48.0,40.0,40.0,1033
2026-09-27T02:55:51+09:00,memory-3h,50.0,40.0,40.0,986
2026-09-27T02:55:56+09:00,memory-3h,50.0,40.0,41.0,1110
2026-09-27T02:56:01+09:00,memory-3h,51.0,40.0,40.0,1116
2026-09-27T02:56:06+09:00,memory-3h,50.0,40.0,40.0,1026
2026-09-27T02:56:11+09:00,memory-3h,49.0,40.0,41.0,986
2026-09-27T02:56:16+09:00,memory-3h,55.0,39.0,40.0,986
2026-09-27T02:56:21+09:00,memory-3h,51.0,40.0,40.0,1158
2026-09-27T02:56:26+09:00,memory-3h,50.0,40.0,40.0,1177
2026-09-27T02:56:31+09:00,memory-3h,50.0,40.0,40.0,1074
2026-09-27T02:56:36+09:00,memory-3h,50.0,40.0,40.0,994
2026-09-27T02:56:41+09:00,memory-3h,49.0,40.0,40.0,1020
2026-09-27T02:56:46+09:00,memory-3h,49.0,40.0,40.0,994
2026-09-27T02:56:51+09:00,memory-3h,48.0,40.0,41.0,982
2026-09-27T02:56:56+09:00,memory-3h,50.0,40.0,40.0,982
2026-09-27T02:57:01+09:00,memory-3h,51.0,39.0,40.0,1006
2026-09-27T02:57:06+09:00,memory-3h,49.0,40.0,40.0,1079
2026-09-27T02:57:11+09:00,memory-3h,49.0,39.0,40.0,1038
2026-09-27T02:57:16+09:00,memory-3h,49.0,39.0,40.0,1014
2026-09-27T02:57:21+09:00,memory-3h,49.0,39.0,40.0,984
2026-09-27T02:57:26+09:00,memory-3h,50.0,39.0,40.0,981
2026-09-27T02:57:31+09:00,memory-3h,49.0,39.0,40.0,993
2026-09-27T02:57:36+09:00,memory-3h,49.0,39.0,40.0,1076
2026-09-27T02:57:41+09:00,memory-3h,50.0,39.0,40.0,1034
2026-09-27T02:57:46+09:00,memory-3h,50.0,40.0,40.0,997
2026-09-27T02:57:51+09:00,memory-3h,48.0,40.0,40.0,998
2026-09-27T02:57:56+09:00,memory-3h,49.0,40.0,40.0,999
2026-09-27T02:58:02+09:00,memory-3h,50.0,40.0,40.0,1013
2026-09-27T02:58:07+09:00,memory-3h,50.0,39.0,40.0,1057
2026-09-27T02:58:12+09:00,memory-3h,52.0,39.0,40.0,1095
2026-09-27T02:58:17+09:00,memory-3h,48.0,39.0,40.0,1149
2026-09-27T02:58:22+09:00,memory-3h,50.0,39.0,40.0,1126
2026-09-27T02:58:27+09:00,memory-3h,50.0,39.0,40.0,1146
2026-09-27T02:58:32+09:00,memory-3h,51.0,39.0,40.0,1073
2026-09-27T02:58:37+09:00,memory-3h,49.0,39.0,40.0,1007
2026-09-27T02:58:42+09:00,memory-3h,49.0,39.0,40.0,987
2026-09-27T02:58:47+09:00,memory-3h,50.0,39.0,40.0,987
2026-09-27T02:58:52+09:00,memory-3h,50.0,39.0,40.0,1069
2026-09-27T02:58:57+09:00,memory-3h,51.0,40.0,40.0,1048
2026-09-27T02:59:02+09:00,memory-3h,48.0,39.0,40.0,1001
2026-09-27T02:59:07+09:00,memory-3h,52.0,39.0,40.0,994
2026-09-27T02:59:12+09:00,memory-3h,49.0,39.0,40.0,1061
2026-09-27T02:59:17+09:00,memory-3h,49.0,39.0,40.0,1148
2026-09-27T02:59:22+09:00,memory-3h,50.0,39.0,40.0,1092
2026-09-27T02:59:27+09:00,memory-3h,48.0,39.0,40.0,1008
2026-09-27T02:59:32+09:00,memory-3h,48.0,39.0,40.0,986
2026-09-27T02:59:37+09:00,memory-3h,49.0,39.0,40.0,986
2026-09-27T02:59:42+09:00,memory-3h,49.0,39.0,40.0,988
2026-09-27T02:59:47+09:00,memory-3h,49.0,39.0,40.0,988
2026-09-27T02:59:52+09:00,memory-3h,49.0,39.0,40.0,987
2026-09-27T02:59:57+09:00,memory-3h,48.0,39.0,40.0,987
2026-09-27T03:00:02+09:00,memory-3h,49.0,39.0,40.0,1001
2026-09-27T03:00:07+09:00,memory-3h,49.0,39.0,40.0,1018
2026-09-27T03:00:12+09:00,memory-3h,48.0,39.0,40.0,986
2026-09-27T03:00:17+09:00,memory-3h,47.0,39.0,40.0,982
2026-09-27T03:00:22+09:00,memory-3h,49.0,39.0,40.0,996
2026-09-27T03:00:27+09:00,memory-3h,50.0,39.0,40.0,1017
2026-09-27T03:00:32+09:00,memory-3h,49.0,39.0,40.0,986
2026-09-27T03:00:37+09:00,memory-3h,49.0,39.0,40.0,982
2026-09-27T03:00:42+09:00,memory-3h,49.0,39.0,40.0,1012
2026-09-27T03:00:47+09:00,memory-3h,51.0,39.0,40.0,1078
2026-09-27T03:00:52+09:00,memory-3h,48.0,39.0,40.0,1026
2026-09-27T03:00:57+09:00,memory-3h,49.0,39.0,40.0,1006
2026-09-27T03:01:02+09:00,memory-3h,48.0,39.0,40.0,1018
2026-09-27T03:01:07+09:00,memory-3h,48.0,39.0,40.0,993
2026-09-27T03:01:12+09:00,memory-3h,49.0,39.0,40.0,1020
2026-09-27T03:01:17+09:00,memory-3h,48.0,39.0,40.0,991
2026-09-27T03:01:22+09:00,memory-3h,51.0,39.0,40.0,979
2026-09-27T03:01:27+09:00,memory-3h,52.0,39.0,40.0,982
2026-09-27T03:01:32+09:00,memory-3h,53.0,39.0,40.0,1020
2026-09-27T03:01:37+09:00,memory-3h,49.0,39.0,41.0,1072
2026-09-27T03:01:43+09:00,memory-3h,49.0,39.0,40.0,1058
2026-09-27T03:01:48+09:00,memory-3h,50.0,39.0,40.0,1006
2026-09-27T03:01:53+09:00,memory-3h,52.0,39.0,40.0,994
2026-09-27T03:01:58+09:00,memory-3h,49.0,39.0,40.0,1025
2026-09-27T03:02:03+09:00,memory-3h,50.0,39.0,40.0,995
2026-09-27T03:02:08+09:00,memory-3h,49.0,39.0,40.0,981
2026-09-27T03:02:13+09:00,memory-3h,53.0,39.0,40.0,981
2026-09-27T03:02:18+09:00,memory-3h,51.0,39.0,40.0,1056
2026-09-27T03:02:23+09:00,memory-3h,52.0,39.0,40.0,1058
2026-09-27T03:02:28+09:00,memory-3h,50.0,39.0,40.0,1026
2026-09-27T03:02:33+09:00,memory-3h,48.0,39.0,40.0,1000
2026-09-27T03:02:38+09:00,memory-3h,49.0,39.0,40.0,984
2026-09-27T03:02:43+09:00,memory-3h,50.0,39.0,40.0,983
2026-09-27T03:02:48+09:00,memory-3h,48.0,39.0,40.0,983
2026-09-27T03:02:53+09:00,memory-3h,52.0,39.0,40.0,1020
2026-09-27T03:02:58+09:00,memory-3h,50.0,39.0,40.0,1030
2026-09-27T03:03:03+09:00,memory-3h,49.0,39.0,40.0,1027
2026-09-27T03:03:08+09:00,memory-3h,51.0,39.0,40.0,1010
2026-09-27T03:03:13+09:00,memory-3h,51.0,39.0,40.0,984
2026-09-27T03:03:18+09:00,memory-3h,50.0,39.0,40.0,982
2026-09-27T03:03:23+09:00,memory-3h,50.0,39.0,40.0,987
2026-09-27T03:03:28+09:00,memory-3h,50.0,39.0,40.0,1089
2026-09-27T03:03:33+09:00,memory-3h,50.0,39.0,40.0,1136
2026-09-27T03:03:38+09:00,memory-3h,49.0,39.0,40.0,1037
2026-09-27T03:03:43+09:00,memory-3h,48.0,39.0,40.0,986
2026-09-27T03:03:48+09:00,memory-3h,49.0,39.0,40.0,987
2026-09-27T03:03:53+09:00,memory-3h,50.0,39.0,40.0,987
2026-09-27T03:03:58+09:00,memory-3h,49.0,39.0,40.0,990
2026-09-27T03:04:03+09:00,memory-3h,49.0,39.0,40.0,988
2026-09-27T03:04:08+09:00,memory-3h,49.0,39.0,40.0,988
2026-09-27T03:04:13+09:00,memory-3h,50.0,39.0,40.0,990
2026-09-27T03:04:18+09:00,memory-3h,48.0,39.0,40.0,990
2026-09-27T03:04:23+09:00,memory-3h,49.0,39.0,40.0,987
2026-09-27T03:04:28+09:00,memory-3h,49.0,39.0,40.0,988
2026-09-27T03:04:33+09:00,memory-3h,49.0,39.0,40.0,989
2026-09-27T03:04:38+09:00,memory-3h,50.0,39.0,40.0,1029
2026-09-27T03:04:43+09:00,memory-3h,50.0,39.0,40.0,1099
2026-09-27T03:04:48+09:00,memory-3h,51.0,39.0,40.0,1151
2026-09-27T03:04:53+09:00,memory-3h,50.0,39.0,40.0,1105
2026-09-27T03:04:58+09:00,memory-3h,49.0,39.0,40.0,1092
2026-09-27T03:05:03+09:00,memory-3h,49.0,39.0,40.0,1025
2026-09-27T03:05:09+09:00,memory-3h,48.0,39.0,40.0,995
2026-09-27T03:05:14+09:00,memory-3h,49.0,39.0,40.0,1000
2026-09-27T03:05:19+09:00,memory-3h,48.0,39.0,40.0,996
2026-09-27T03:05:24+09:00,memory-3h,50.0,39.0,40.0,997
2026-09-27T03:05:29+09:00,memory-3h,48.0,39.0,40.0,998
2026-09-27T03:05:34+09:00,memory-3h,48.0,39.0,40.0,997
2026-09-27T03:05:39+09:00,memory-3h,48.0,39.0,40.0,996
2026-09-27T03:05:44+09:00,memory-3h,49.0,39.0,40.0,998
2026-09-27T03:05:49+09:00,memory-3h,49.0,39.0,40.0,999
2026-09-27T03:05:54+09:00,memory-3h,49.0,39.0,40.0,996
2026-09-27T03:05:59+09:00,memory-3h,50.0,39.0,40.0,997
2026-09-27T03:06:04+09:00,memory-3h,48.0,39.0,40.0,999
2026-09-27T03:06:09+09:00,memory-3h,49.0,39.0,40.0,1032
2026-09-27T03:06:14+09:00,memory-3h,50.0,39.0,40.0,1075
2026-09-27T03:06:19+09:00,memory-3h,50.0,39.0,40.0,1038
2026-09-27T03:06:24+09:00,memory-3h,51.0,39.0,40.0,1138
2026-09-27T03:06:29+09:00,memory-3h,54.0,39.0,40.0,1232
2026-09-27T03:06:34+09:00,memory-3h,51.0,39.0,40.0,1281
2026-09-27T03:06:39+09:00,memory-3h,52.0,39.0,40.0,1210
2026-09-27T03:06:44+09:00,memory-3h,51.0,39.0,40.0,1281
2026-09-27T03:06:49+09:00,memory-3h,55.0,39.0,40.0,1452
2026-09-27T03:06:54+09:00,memory-3h,52.0,39.0,40.0,1422
2026-09-27T03:06:59+09:00,memory-3h,54.0,39.0,40.0,1426
2026-09-27T03:07:04+09:00,memory-3h,54.0,39.0,40.0,1422
2026-09-27T03:07:09+09:00,memory-3h,52.0,39.0,40.0,1452
2026-09-27T03:07:14+09:00,memory-3h,53.0,39.0,40.0,1486
2026-09-27T03:07:19+09:00,memory-3h,53.0,39.0,40.0,1543
2026-09-27T03:07:24+09:00,memory-3h,57.0,39.0,40.0,1518
2026-09-27T03:07:29+09:00,memory-3h,50.0,39.0,40.0,1594
2026-09-27T03:07:34+09:00,memory-3h,51.0,39.0,40.0,1567
2026-09-27T03:07:39+09:00,memory-3h,49.0,39.0,40.0,1459
2026-09-27T03:07:44+09:00,memory-3h,49.0,39.0,40.0,1326
2026-09-27T03:07:49+09:00,memory-3h,50.0,39.0,40.0,1195
2026-09-27T03:07:54+09:00,memory-3h,49.0,39.0,40.0,1075
2026-09-27T03:07:59+09:00,memory-3h,49.0,39.0,40.0,995
2026-09-27T03:08:04+09:00,memory-3h,49.0,39.0,40.0,982
2026-09-27T03:08:09+09:00,memory-3h,50.0,39.0,40.0,996
2026-09-27T03:08:14+09:00,memory-3h,49.0,39.0,40.0,1021
2026-09-27T03:08:20+09:00,memory-3h,48.0,39.0,40.0,1114
2026-09-27T03:08:25+09:00,memory-3h,49.0,39.0,40.0,1260
2026-09-27T03:08:30+09:00,memory-3h,51.0,39.0,40.0,1310
2026-09-27T03:08:35+09:00,memory-3h,51.0,39.0,40.0,1327
2026-09-27T03:08:40+09:00,memory-3h,52.0,39.0,40.0,1226
2026-09-27T03:08:45+09:00,memory-3h,49.0,39.0,40.0,1096
2026-09-27T03:08:50+09:00,memory-3h,49.0,39.0,40.0,1002
2026-09-27T03:08:55+09:00,memory-3h,50.0,39.0,40.0,987
2026-09-27T03:09:00+09:00,memory-3h,50.0,39.0,40.0,1022
2026-09-27T03:09:05+09:00,memory-3h,50.0,39.0,40.0,1102
2026-09-27T03:09:10+09:00,memory-3h,53.0,39.0,40.0,1129
2026-09-27T03:09:15+09:00,memory-3h,50.0,39.0,40.0,1176
2026-09-27T03:09:20+09:00,memory-3h,52.0,39.0,40.0,1191
2026-09-27T03:09:25+09:00,memory-3h,52.0,39.0,40.0,1113
2026-09-27T03:09:30+09:00,memory-3h,51.0,39.0,40.0,1086
2026-09-27T03:09:35+09:00,memory-3h,49.0,39.0,40.0,1060
2026-09-27T03:09:40+09:00,memory-3h,49.0,39.0,40.0,1004
2026-09-27T03:09:45+09:00,memory-3h,48.0,39.0,40.0,1056
2026-09-27T03:09:50+09:00,memory-3h,50.0,39.0,40.0,1093
2026-09-27T03:09:55+09:00,memory-3h,48.0,39.0,40.0,1077
2026-09-27T03:10:00+09:00,memory-3h,48.0,39.0,40.0,1010
2026-09-27T03:10:05+09:00,memory-3h,50.0,39.0,40.0,1143
2026-09-27T03:10:10+09:00,memory-3h,49.0,39.0,40.0,1189
2026-09-27T03:10:15+09:00,memory-3h,54.0,39.0,40.0,1087
2026-09-27T03:10:20+09:00,memory-3h,47.0,39.0,40.0,1128
2026-09-27T03:10:25+09:00,memory-3h,48.0,39.0,40.0,1109
2026-09-27T03:10:30+09:00,memory-3h,49.0,39.0,40.0,1014
2026-09-27T03:10:35+09:00,memory-3h,50.0,39.0,40.0,1005
2026-09-27T03:10:40+09:00,memory-3h,50.0,39.0,40.0,1182
2026-09-27T03:10:45+09:00,memory-3h,52.0,39.0,40.0,1224
2026-09-27T03:10:50+09:00,memory-3h,52.0,39.0,40.0,1198
2026-09-27T03:10:55+09:00,memory-3h,49.0,39.0,40.0,1115
2026-09-27T03:11:00+09:00,memory-3h,50.0,39.0,40.0,1010
2026-09-27T03:11:05+09:00,memory-3h,51.0,39.0,40.0,978
2026-09-27T03:11:10+09:00,memory-3h,48.0,39.0,40.0,977
2026-09-27T03:11:15+09:00,memory-3h,47.0,39.0,40.0,1056
2026-09-27T03:11:20+09:00,memory-3h,48.0,39.0,40.0,1060
2026-09-27T03:11:25+09:00,memory-3h,48.0,39.0,40.0,1006
2026-09-27T03:11:31+09:00,memory-3h,52.0,39.0,40.0,996
2026-09-27T03:11:36+09:00,memory-3h,49.0,39.0,40.0,1018
2026-09-27T03:11:41+09:00,memory-3h,49.0,39.0,40.0,1229
2026-09-27T03:11:46+09:00,memory-3h,50.0,39.0,40.0,1319
2026-09-27T03:11:51+09:00,memory-3h,50.0,39.0,40.0,1221
2026-09-27T03:11:56+09:00,memory-3h,54.0,39.0,40.0,1090
2026-09-27T03:12:01+09:00,memory-3h,50.0,39.0,40.0,1134
2026-09-27T03:12:06+09:00,memory-3h,49.0,39.0,40.0,1209
2026-09-27T03:12:11+09:00,memory-3h,49.0,39.0,40.0,1216
2026-09-27T03:12:16+09:00,memory-3h,52.0,39.0,40.0,1217
2026-09-27T03:12:21+09:00,memory-3h,51.0,39.0,40.0,1213
2026-09-27T03:12:26+09:00,memory-3h,51.0,39.0,40.0,1273
2026-09-27T03:12:31+09:00,memory-3h,50.0,39.0,40.0,1198
2026-09-27T03:12:36+09:00,memory-3h,50.0,39.0,40.0,1072
2026-09-27T03:12:41+09:00,memory-3h,49.0,39.0,40.0,1001
2026-09-27T03:12:46+09:00,memory-3h,47.0,39.0,40.0,994
2026-09-27T03:12:51+09:00,memory-3h,49.0,39.0,40.0,1000
2026-09-27T03:12:56+09:00,memory-3h,48.0,39.0,40.0,997
2026-09-27T03:13:01+09:00,memory-3h,48.0,39.0,40.0,997
2026-09-27T03:13:06+09:00,memory-3h,48.0,39.0,40.0,999
2026-09-27T03:13:11+09:00,memory-3h,48.0,39.0,40.0,996
2026-09-27T03:13:16+09:00,memory-3h,47.0,39.0,40.0,996
2026-09-27T03:13:21+09:00,memory-3h,48.0,39.0,40.0,998
2026-09-27T03:13:26+09:00,memory-3h,49.0,39.0,40.0,996
2026-09-27T03:13:31+09:00,memory-3h,48.0,39.0,40.0,998
2026-09-27T03:13:36+09:00,memory-3h,48.0,39.0,40.0,997
2026-09-27T03:13:41+09:00,memory-3h,47.0,39.0,40.0,998
2026-09-27T03:13:46+09:00,memory-3h,50.0,39.0,40.0,996
2026-09-27T03:13:51+09:00,memory-3h,49.0,39.0,40.0,999
2026-09-27T03:13:56+09:00,memory-3h,49.0,39.0,40.0,999
2026-09-27T03:14:01+09:00,memory-3h,47.0,39.0,40.0,997
2026-09-27T03:14:06+09:00,memory-3h,48.0,39.0,40.0,998
2026-09-27T03:14:11+09:00,memory-3h,48.0,39.0,40.0,998
2026-09-27T03:14:16+09:00,memory-3h,48.0,39.0,40.0,997
2026-09-27T03:14:22+09:00,memory-3h,48.0,39.0,40.0,997
2026-09-27T03:14:27+09:00,memory-3h,48.0,39.0,40.0,997
2026-09-27T03:14:32+09:00,memory-3h,48.0,39.0,40.0,999
2026-09-27T03:14:37+09:00,memory-3h,48.0,39.0,40.0,996
2026-09-27T03:14:42+09:00,memory-3h,48.0,39.0,40.0,999
2026-09-27T03:14:47+09:00,memory-3h,48.0,39.0,40.0,996
2026-09-27T03:14:52+09:00,memory-3h,47.0,39.0,40.0,999
2026-09-27T03:14:57+09:00,memory-3h,48.0,39.0,40.0,996
2026-09-27T03:15:02+09:00,memory-3h,49.0,39.0,40.0,997
2026-09-27T03:15:07+09:00,memory-3h,48.0,39.0,40.0,997
2026-09-27T03:15:12+09:00,memory-3h,48.0,39.0,40.0,998
2026-09-27T03:15:17+09:00,memory-3h,48.0,39.0,40.0,998
2026-09-27T03:15:22+09:00,memory-3h,49.0,39.0,40.0,999
2026-09-27T03:15:27+09:00,memory-3h,48.0,39.0,40.0,997
2026-09-27T03:15:32+09:00,memory-3h,48.0,39.0,40.0,998
2026-09-27T03:15:37+09:00,memory-3h,52.0,39.0,40.0,999
2026-09-27T03:15:42+09:00,memory-3h,47.0,39.0,40.0,1023
2026-09-27T03:15:47+09:00,memory-3h,47.0,39.0,40.0,998
2026-09-27T03:15:52+09:00,memory-3h,48.0,39.0,40.0,983
2026-09-27T03:15:57+09:00,memory-3h,50.0,39.0,40.0,982
2026-09-27T03:16:02+09:00,memory-3h,47.0,39.0,40.0,982
2026-09-27T03:16:07+09:00,memory-3h,48.0,39.0,40.0,982
2026-09-27T03:16:12+09:00,memory-3h,47.0,39.0,40.0,982
2026-09-27T03:16:17+09:00,memory-3h,48.0,39.0,40.0,981
2026-09-27T03:16:22+09:00,memory-3h,47.0,39.0,40.0,980
2026-09-27T03:16:27+09:00,memory-3h,48.0,39.0,40.0,981
2026-09-27T03:16:32+09:00,memory-3h,48.0,39.0,40.0,981
2026-09-27T03:16:37+09:00,memory-3h,48.0,39.0,40.0,982
2026-09-27T03:16:42+09:00,memory-3h,48.0,39.0,40.0,980
2026-09-27T03:16:47+09:00,memory-3h,50.0,39.0,40.0,981
2026-09-27T03:16:52+09:00,memory-3h,48.0,39.0,40.0,982
2026-09-27T03:16:57+09:00,memory-3h,47.0,39.0,40.0,982
2026-09-27T03:17:02+09:00,memory-3h,48.0,39.0,40.0,982
2026-09-27T03:17:07+09:00,memory-3h,49.0,39.0,40.0,981
2026-09-27T03:17:12+09:00,memory-3h,47.0,39.0,40.0,982
2026-09-27T03:17:17+09:00,memory-3h,47.0,39.0,40.0,982
2026-09-27T03:17:22+09:00,memory-3h,48.0,39.0,40.0,981
2026-09-27T03:17:27+09:00,memory-3h,47.0,39.0,40.0,982
2026-09-27T03:17:32+09:00,memory-3h,49.0,39.0,40.0,982
2026-09-27T03:17:37+09:00,memory-3h,48.0,39.0,40.0,982
2026-09-27T03:17:42+09:00,memory-3h,50.0,39.0,40.0,982
2026-09-27T03:17:47+09:00,memory-3h,49.0,39.0,40.0,982
2026-09-27T03:17:52+09:00,memory-3h,47.0,39.0,40.0,983
2026-09-27T03:17:58+09:00,memory-3h,48.0,39.0,40.0,982
2026-09-27T03:18:03+09:00,memory-3h,49.0,39.0,40.0,982
2026-09-27T03:18:08+09:00,memory-3h,48.0,39.0,40.0,982
2026-09-27T03:18:13+09:00,memory-3h,48.0,39.0,40.0,982
2026-09-27T03:18:18+09:00,memory-3h,47.0,39.0,40.0,981
2026-09-27T03:18:23+09:00,memory-3h,48.0,39.0,40.0,982
2026-09-27T03:18:28+09:00,memory-3h,48.0,39.0,40.0,982
2026-09-27T03:18:33+09:00,memory-3h,48.0,39.0,40.0,981
2026-09-27T03:18:38+09:00,memory-3h,49.0,39.0,40.0,981
2026-09-27T03:18:43+09:00,memory-3h,48.0,39.0,40.0,981
2026-09-27T03:18:48+09:00,memory-3h,49.0,39.0,40.0,1009
2026-09-27T03:18:53+09:00,memory-3h,48.0,39.0,40.0,1046
2026-09-27T03:18:58+09:00,memory-3h,49.0,39.0,40.0,1138
2026-09-27T03:19:03+09:00,memory-3h,48.0,39.0,40.0,1075
2026-09-27T03:19:08+09:00,memory-3h,48.0,39.0,40.0,994
2026-09-27T03:19:13+09:00,memory-3h,48.0,39.0,40.0,985
2026-09-27T03:19:18+09:00,memory-3h,47.0,39.0,40.0,985
2026-09-27T03:19:23+09:00,memory-3h,51.0,39.0,40.0,990
2026-09-27T03:19:28+09:00,memory-3h,48.0,39.0,40.0,988
2026-09-27T03:19:33+09:00,memory-3h,47.0,39.0,40.0,1015
2026-09-27T03:19:38+09:00,memory-3h,48.0,39.0,40.0,1079
2026-09-27T03:19:43+09:00,memory-3h,47.0,39.0,40.0,1025
2026-09-27T03:19:48+09:00,memory-3h,48.0,39.0,40.0,995
2026-09-27T03:19:53+09:00,memory-3h,48.0,39.0,40.0,998
2026-09-27T03:19:58+09:00,memory-3h,47.0,39.0,40.0,996
2026-09-27T03:20:03+09:00,memory-3h,47.0,39.0,40.0,998
2026-09-27T03:20:08+09:00,memory-3h,48.0,39.0,40.0,997
2026-09-27T03:20:13+09:00,memory-3h,49.0,39.0,40.0,998
2026-09-27T03:20:18+09:00,memory-3h,48.0,39.0,40.0,997
2026-09-27T03:20:23+09:00,memory-3h,54.0,39.0,40.0,997
2026-09-27T03:20:28+09:00,memory-3h,49.0,39.0,40.0,1119
2026-09-27T03:20:33+09:00,memory-3h,47.0,39.0,40.0,1111
2026-09-27T03:20:38+09:00,memory-3h,48.0,39.0,40.0,1014
2026-09-27T03:20:43+09:00,memory-3h,48.0,39.0,40.0,987
2026-09-27T03:20:48+09:00,memory-3h,48.0,39.0,40.0,985
2026-09-27T03:20:53+09:00,memory-3h,49.0,39.0,40.0,1015
2026-09-27T03:20:58+09:00,memory-3h,48.0,39.0,40.0,1005
2026-09-27T03:21:03+09:00,memory-3h,48.0,39.0,40.0,983
2026-09-27T03:21:08+09:00,memory-3h,48.0,39.0,40.0,982
2026-09-27T03:21:13+09:00,memory-3h,48.0,39.0,40.0,982
2026-09-27T03:21:18+09:00,memory-3h,48.0,39.0,40.0,982
2026-09-27T03:21:23+09:00,memory-3h,49.0,39.0,40.0,982
2026-09-27T03:21:28+09:00,memory-3h,48.0,39.0,40.0,982
2026-09-27T03:21:34+09:00,memory-3h,49.0,39.0,40.0,983
2026-09-27T03:21:39+09:00,memory-3h,50.0,39.0,40.0,982
2026-09-27T03:21:44+09:00,memory-3h,49.0,39.0,40.0,982
2026-09-27T03:21:49+09:00,memory-3h,49.0,39.0,40.0,983
2026-09-27T03:21:54+09:00,memory-3h,53.0,39.0,40.0,1070
2026-09-27T03:21:59+09:00,memory-3h,48.0,39.0,40.0,1089
2026-09-27T03:22:04+09:00,memory-3h,50.0,39.0,40.0,1021
2026-09-27T03:22:09+09:00,memory-3h,48.0,39.0,40.0,994
2026-09-27T03:22:14+09:00,memory-3h,47.0,39.0,40.0,999
2026-09-27T03:22:19+09:00,memory-3h,48.0,39.0,40.0,999
2026-09-27T03:22:24+09:00,memory-3h,48.0,39.0,40.0,997
2026-09-27T03:22:29+09:00,memory-3h,48.0,39.0,40.0,998
2026-09-27T03:22:34+09:00,memory-3h,48.0,39.0,40.0,997
2026-09-27T03:22:39+09:00,memory-3h,47.0,39.0,40.0,998
2026-09-27T03:22:44+09:00,memory-3h,49.0,39.0,40.0,996
2026-09-27T03:22:49+09:00,memory-3h,48.0,39.0,40.0,998
2026-09-27T03:22:54+09:00,memory-3h,48.0,39.0,40.0,999
2026-09-27T03:22:59+09:00,memory-3h,47.0,39.0,40.0,997
2026-09-27T03:23:04+09:00,memory-3h,47.0,39.0,40.0,999
2026-09-27T03:23:09+09:00,memory-3h,49.0,39.0,40.0,997
2026-09-27T03:23:14+09:00,memory-3h,49.0,39.0,40.0,997
2026-09-27T03:23:19+09:00,memory-3h,50.0,39.0,40.0,999
2026-09-27T03:23:24+09:00,memory-3h,49.0,39.0,40.0,998
2026-09-27T03:23:29+09:00,memory-3h,48.0,39.0,40.0,998
2026-09-27T03:23:34+09:00,memory-3h,49.0,39.0,40.0,998
2026-09-27T03:23:39+09:00,memory-3h,48.0,39.0,40.0,996
2026-09-27T03:23:44+09:00,memory-3h,49.0,39.0,40.0,997
2026-09-27T03:23:49+09:00,memory-3h,49.0,39.0,40.0,998
2026-09-27T03:23:54+09:00,memory-3h,48.0,39.0,40.0,997
2026-09-27T03:23:59+09:00,memory-3h,50.0,39.0,40.0,998
2026-09-27T03:24:04+09:00,memory-3h,49.0,39.0,40.0,998
2026-09-27T03:24:09+09:00,memory-3h,48.0,39.0,40.0,998
2026-09-27T03:24:14+09:00,memory-3h,48.0,39.0,40.0,996
2026-09-27T03:24:19+09:00,memory-3h,50.0,39.0,40.0,1020
2026-09-27T03:24:24+09:00,memory-3h,50.0,39.0,40.0,1003
2026-09-27T03:24:29+09:00,memory-3h,49.0,39.0,40.0,983
2026-09-27T03:24:34+09:00,memory-3h,49.0,39.0,40.0,980
2026-09-27T03:24:39+09:00,memory-3h,49.0,39.0,40.0,981
2026-09-27T03:24:44+09:00,memory-3h,49.0,39.0,40.0,982
2026-09-27T03:24:49+09:00,memory-3h,49.0,39.0,40.0,982
2026-09-27T03:24:54+09:00,memory-3h,49.0,39.0,40.0,981
2026-09-27T03:24:59+09:00,memory-3h,48.0,39.0,40.0,981
2026-09-27T03:25:04+09:00,memory-3h,48.0,39.0,40.0,1018
2026-09-27T03:25:10+09:00,memory-3h,49.0,39.0,40.0,1077
2026-09-27T03:25:15+09:00,memory-3h,50.0,39.0,40.0,1020
2026-09-27T03:25:20+09:00,memory-3h,49.0,39.0,40.0,994
2026-09-27T03:25:25+09:00,memory-3h,48.0,39.0,40.0,996
2026-09-27T03:25:30+09:00,memory-3h,50.0,39.0,40.0,998
2026-09-27T03:25:35+09:00,memory-3h,49.0,39.0,40.0,998
2026-09-27T03:25:40+09:00,memory-3h,49.0,39.0,40.0,998
2026-09-27T03:25:45+09:00,memory-3h,48.0,39.0,40.0,997
2026-09-27T03:25:50+09:00,memory-3h,52.0,39.0,40.0,999
2026-09-27T03:25:55+09:00,memory-3h,50.0,39.0,40.0,1019
2026-09-27T03:26:00+09:00,memory-3h,49.0,39.0,40.0,1003
2026-09-27T03:26:05+09:00,memory-3h,50.0,39.0,40.0,984
2026-09-27T03:26:10+09:00,memory-3h,49.0,39.0,40.0,980
2026-09-27T03:26:15+09:00,memory-3h,48.0,39.0,40.0,982
2026-09-27T03:26:20+09:00,memory-3h,47.0,39.0,40.0,980
2026-09-27T03:26:25+09:00,memory-3h,48.0,39.0,40.0,982
2026-09-27T03:26:30+09:00,memory-3h,49.0,39.0,40.0,982
2026-09-27T03:26:35+09:00,memory-3h,49.0,39.0,40.0,1041
2026-09-27T03:26:40+09:00,memory-3h,49.0,39.0,40.0,1068
2026-09-27T03:26:45+09:00,memory-3h,48.0,39.0,40.0,1009
2026-09-27T03:26:50+09:00,memory-3h,50.0,39.0,40.0,997
2026-09-27T03:26:55+09:00,memory-3h,48.0,39.0,40.0,998
2026-09-27T03:27:00+09:00,memory-3h,51.0,39.0,40.0,996
2026-09-27T03:27:05+09:00,memory-3h,48.0,39.0,40.0,996
2026-09-27T03:27:10+09:00,memory-3h,48.0,39.0,40.0,1049
2026-09-27T03:27:15+09:00,memory-3h,48.0,39.0,40.0,1067
2026-09-27T03:27:20+09:00,memory-3h,48.0,39.0,40.0,1009
2026-09-27T03:27:25+09:00,memory-3h,47.0,39.0,40.0,995
2026-09-27T03:27:30+09:00,memory-3h,47.0,39.0,40.0,999
2026-09-27T03:27:35+09:00,memory-3h,48.0,39.0,40.0,998
2026-09-27T03:27:40+09:00,memory-3h,47.0,39.0,40.0,997
2026-09-27T03:27:45+09:00,memory-3h,48.0,39.0,40.0,999
2026-09-27T03:27:50+09:00,memory-3h,48.0,39.0,40.0,996
2026-09-27T03:27:55+09:00,memory-3h,48.0,39.0,40.0,997
2026-09-27T03:28:00+09:00,memory-3h,48.0,39.0,40.0,999
2026-09-27T03:28:05+09:00,memory-3h,48.0,39.0,40.0,999
2026-09-27T03:28:10+09:00,memory-3h,52.0,39.0,40.0,997
2026-09-27T03:28:15+09:00,memory-3h,49.0,39.0,40.0,1022
2026-09-27T03:28:20+09:00,memory-3h,47.0,39.0,40.0,1001
2026-09-27T03:28:25+09:00,memory-3h,48.0,39.0,40.0,983
2026-09-27T03:28:30+09:00,memory-3h,49.0,39.0,40.0,980
2026-09-27T03:28:35+09:00,memory-3h,47.0,39.0,40.0,982
2026-09-27T03:28:41+09:00,memory-3h,48.0,39.0,40.0,982
2026-09-27T03:28:46+09:00,memory-3h,47.0,39.0,40.0,980
2026-09-27T03:28:51+09:00,memory-3h,49.0,39.0,40.0,981
2026-09-27T03:28:56+09:00,memory-3h,47.0,39.0,40.0,981
2026-09-27T03:29:01+09:00,memory-3h,48.0,39.0,40.0,982
2026-09-27T03:29:06+09:00,memory-3h,48.0,39.0,40.0,982
2026-09-27T03:29:11+09:00,memory-3h,49.0,39.0,40.0,982
2026-09-27T03:29:16+09:00,memory-3h,48.0,39.0,40.0,982
2026-09-27T03:29:21+09:00,memory-3h,48.0,39.0,40.0,982
2026-09-27T03:29:26+09:00,memory-3h,48.0,39.0,40.0,982
2026-09-27T03:29:31+09:00,memory-3h,47.0,39.0,40.0,982
2026-09-27T03:29:36+09:00,memory-3h,48.0,39.0,40.0,982
2026-09-27T03:29:41+09:00,memory-3h,49.0,39.0,40.0,983
2026-09-27T03:29:46+09:00,memory-3h,48.0,39.0,40.0,1006
2026-09-27T03:29:51+09:00,memory-3h,49.0,39.0,40.0,1006
2026-09-27T03:29:56+09:00,memory-3h,47.0,39.0,40.0,984
2026-09-27T03:30:01+09:00,memory-3h,52.0,39.0,40.0,981
2026-09-27T03:30:06+09:00,memory-3h,50.0,39.0,40.0,1009
2026-09-27T03:30:11+09:00,memory-3h,48.0,39.0,40.0,1015
2026-09-27T03:30:16+09:00,memory-3h,48.0,39.0,40.0,986
2026-09-27T03:30:21+09:00,memory-3h,47.0,39.0,40.0,979
2026-09-27T03:30:26+09:00,memory-3h,47.0,39.0,40.0,983
2026-09-27T03:30:31+09:00,memory-3h,48.0,39.0,40.0,982
2026-09-27T03:30:36+09:00,memory-3h,48.0,39.0,40.0,1006
2026-09-27T03:30:41+09:00,memory-3h,50.0,39.0,40.0,1007
2026-09-27T03:30:46+09:00,memory-3h,48.0,39.0,40.0,984
2026-09-27T03:30:51+09:00,memory-3h,49.0,39.0,40.0,980
2026-09-27T03:30:56+09:00,memory-3h,48.0,39.0,40.0,981
2026-09-27T03:31:01+09:00,memory-3h,49.0,39.0,40.0,981
2026-09-27T03:31:06+09:00,memory-3h,48.0,39.0,40.0,982
2026-09-27T03:31:11+09:00,memory-3h,48.0,39.0,40.0,982
2026-09-27T03:31:16+09:00,memory-3h,49.0,39.0,40.0,982
2026-09-27T03:31:21+09:00,memory-3h,50.0,39.0,40.0,982
2026-09-27T03:31:26+09:00,memory-3h,53.0,39.0,40.0,982
2026-09-27T03:31:31+09:00,memory-3h,48.0,39.0,40.0,1066
2026-09-27T03:31:36+09:00,memory-3h,48.0,39.0,40.0,1048
2026-09-27T03:31:41+09:00,memory-3h,49.0,39.0,40.0,1000
2026-09-27T03:31:46+09:00,memory-3h,52.0,39.0,40.0,998
2026-09-27T03:31:51+09:00,memory-3h,50.0,39.0,40.0,1023
2026-09-27T03:31:56+09:00,memory-3h,48.0,39.0,40.0,998
2026-09-27T03:32:01+09:00,memory-3h,47.0,39.0,40.0,984
2026-09-27T03:32:06+09:00,memory-3h,48.0,39.0,40.0,982
2026-09-27T03:32:12+09:00,memory-3h,49.0,39.0,40.0,983
2026-09-27T03:32:17+09:00,memory-3h,47.0,39.0,40.0,981
2026-09-27T03:32:22+09:00,memory-3h,47.0,39.0,40.0,982
2026-09-27T03:32:27+09:00,memory-3h,48.0,39.0,40.0,982
2026-09-27T03:32:32+09:00,memory-3h,48.0,39.0,40.0,980
2026-09-27T03:32:37+09:00,memory-3h,50.0,39.0,40.0,981
2026-09-27T03:32:42+09:00,memory-3h,47.0,39.0,40.0,981
2026-09-27T03:32:47+09:00,memory-3h,48.0,39.0,40.0,980
2026-09-27T03:32:52+09:00,memory-3h,48.0,39.0,40.0,985
2026-09-27T03:32:57+09:00,memory-3h,47.0,39.0,40.0,1022
2026-09-27T03:33:02+09:00,memory-3h,50.0,39.0,40.0,993
2026-09-27T03:33:07+09:00,memory-3h,48.0,39.0,40.0,982
2026-09-27T03:33:12+09:00,memory-3h,51.0,39.0,40.0,983
2026-09-27T03:33:17+09:00,memory-3h,48.0,39.0,40.0,981
2026-09-27T03:33:22+09:00,memory-3h,50.0,40.0,40.0,982
2026-09-27T03:33:27+09:00,memory-3h,50.0,40.0,40.0,981
2026-09-27T03:33:32+09:00,memory-3h,48.0,39.0,40.0,982
2026-09-27T03:33:37+09:00,memory-3h,48.0,40.0,40.0,983
2026-09-27T03:33:42+09:00,memory-3h,47.0,40.0,40.0,980
2026-09-27T03:33:47+09:00,memory-3h,48.0,39.0,40.0,981
2026-09-27T03:33:52+09:00,memory-3h,49.0,40.0,40.0,982
2026-09-27T03:33:57+09:00,memory-3h,47.0,40.0,40.0,981
2026-09-27T03:34:02+09:00,memory-3h,47.0,40.0,40.0,983
2026-09-27T03:34:07+09:00,memory-3h,48.0,39.0,40.0,980
2026-09-27T03:34:12+09:00,memory-3h,47.0,39.0,40.0,981
2026-09-27T03:34:17+09:00,memory-3h,47.0,39.0,40.0,982
2026-09-27T03:34:22+09:00,memory-3h,47.0,39.0,40.0,980
2026-09-27T03:34:27+09:00,memory-3h,47.0,39.0,40.0,982
2026-09-27T03:34:32+09:00,memory-3h,49.0,40.0,40.0,982
2026-09-27T03:34:37+09:00,memory-3h,48.0,39.0,40.0,980
2026-09-27T03:34:42+09:00,memory-3h,49.0,39.0,40.0,981
2026-09-27T03:34:47+09:00,memory-3h,48.0,39.0,40.0,982
2026-09-27T03:34:52+09:00,memory-3h,49.0,39.0,40.0,983
2026-09-27T03:34:57+09:00,memory-3h,49.0,39.0,40.0,980
2026-09-27T03:35:02+09:00,memory-3h,48.0,40.0,40.0,982
2026-09-27T03:35:07+09:00,memory-3h,49.0,39.0,40.0,982
2026-09-27T03:35:12+09:00,memory-3h,51.0,40.0,40.0,980
2026-09-27T03:35:17+09:00,memory-3h,48.0,39.0,40.0,986
2026-09-27T03:35:22+09:00,memory-3h,48.0,39.0,40.0,1022
2026-09-27T03:35:27+09:00,memory-3h,48.0,39.0,40.0,990
2026-09-27T03:35:32+09:00,memory-3h,49.0,39.0,41.0,980
2026-09-27T03:35:37+09:00,memory-3h,47.0,40.0,40.0,983
2026-09-27T03:35:42+09:00,memory-3h,48.0,40.0,40.0,983
2026-09-27T03:35:48+09:00,memory-3h,49.0,40.0,41.0,980
2026-09-27T03:35:53+09:00,memory-3h,49.0,40.0,41.0,982
2026-09-27T03:35:58+09:00,memory-3h,48.0,40.0,41.0,980
2026-09-27T03:36:03+09:00,memory-3h,48.0,40.0,41.0,982
2026-09-27T03:36:08+09:00,memory-3h,48.0,40.0,40.0,981
2026-09-27T03:36:13+09:00,memory-3h,47.0,40.0,41.0,982
2026-09-27T03:36:18+09:00,memory-3h,48.0,40.0,40.0,983
2026-09-27T03:36:23+09:00,memory-3h,50.0,40.0,41.0,981
2026-09-27T03:36:28+09:00,memory-3h,48.0,40.0,41.0,982
2026-09-27T03:36:33+09:00,memory-3h,47.0,40.0,41.0,982
2026-09-27T03:36:38+09:00,memory-3h,48.0,40.0,41.0,981
2026-09-27T03:36:43+09:00,memory-3h,49.0,40.0,41.0,982
2026-09-27T03:36:48+09:00,memory-3h,47.0,39.0,41.0,980
2026-09-27T03:36:53+09:00,memory-3h,48.0,40.0,41.0,982
2026-09-27T03:36:58+09:00,memory-3h,47.0,40.0,41.0,980
2026-09-27T03:37:03+09:00,memory-3h,47.0,40.0,41.0,982
2026-09-27T03:37:08+09:00,memory-3h,49.0,40.0,41.0,981
2026-09-27T03:37:13+09:00,memory-3h,49.0,40.0,41.0,981
2026-09-27T03:37:18+09:00,memory-3h,50.0,40.0,41.0,996
2026-09-27T03:37:23+09:00,memory-3h,49.0,40.0,41.0,1016
2026-09-27T03:37:28+09:00,memory-3h,50.0,40.0,41.0,1043
2026-09-27T03:37:33+09:00,memory-3h,50.0,40.0,41.0,1074
2026-09-27T03:37:38+09:00,memory-3h,51.0,40.0,41.0,1017
2026-09-27T03:37:43+09:00,memory-3h,53.0,40.0,41.0,994
2026-09-27T03:37:48+09:00,memory-3h,48.0,40.0,41.0,1066
2026-09-27T03:37:53+09:00,memory-3h,51.0,40.0,41.0,1054
2026-09-27T03:37:58+09:00,memory-3h,50.0,40.0,41.0,1004
2026-09-27T03:38:03+09:00,memory-3h,49.0,40.0,41.0,997
2026-09-27T03:38:08+09:00,memory-3h,50.0,40.0,41.0,998
2026-09-27T03:38:13+09:00,memory-3h,49.0,40.0,41.0,1014
2026-09-27T03:38:18+09:00,memory-3h,49.0,40.0,41.0,1019
2026-09-27T03:38:23+09:00,memory-3h,49.0,40.0,41.0,1002
2026-09-27T03:38:28+09:00,memory-3h,50.0,40.0,41.0,1015
2026-09-27T03:38:33+09:00,memory-3h,48.0,40.0,41.0,986
2026-09-27T03:38:38+09:00,memory-3h,51.0,40.0,41.0,983
2026-09-27T03:38:43+09:00,memory-3h,48.0,40.0,41.0,982
2026-09-27T03:38:48+09:00,memory-3h,48.0,40.0,41.0,981
2026-09-27T03:38:53+09:00,memory-3h,49.0,40.0,41.0,981
2026-09-27T03:38:58+09:00,memory-3h,47.0,40.0,41.0,982
2026-09-27T03:39:03+09:00,memory-3h,48.0,40.0,41.0,982
2026-09-27T03:39:08+09:00,memory-3h,48.0,40.0,41.0,982
2026-09-27T03:39:13+09:00,memory-3h,49.0,40.0,41.0,983
2026-09-27T03:39:19+09:00,memory-3h,50.0,40.0,41.0,981
2026-09-27T03:39:24+09:00,memory-3h,49.0,40.0,41.0,982
2026-09-27T03:39:29+09:00,memory-3h,48.0,40.0,41.0,981
2026-09-27T03:39:34+09:00,memory-3h,49.0,40.0,41.0,983
2026-09-27T03:39:39+09:00,memory-3h,48.0,40.0,41.0,981
2026-09-27T03:39:44+09:00,memory-3h,48.0,40.0,41.0,983
2026-09-27T03:39:49+09:00,memory-3h,48.0,40.0,41.0,982
2026-09-27T03:39:54+09:00,memory-3h,49.0,40.0,41.0,982
2026-09-27T03:39:59+09:00,memory-3h,48.0,40.0,41.0,982
2026-09-27T03:40:04+09:00,memory-3h,49.0,40.0,41.0,982
2026-09-27T03:40:09+09:00,memory-3h,49.0,40.0,41.0,981
2026-09-27T03:40:14+09:00,memory-3h,50.0,40.0,41.0,981
2026-09-27T03:40:19+09:00,memory-3h,50.0,40.0,41.0,982
2026-09-27T03:40:24+09:00,memory-3h,48.0,40.0,41.0,981
2026-09-27T03:40:29+09:00,memory-3h,50.0,40.0,41.0,982
2026-09-27T03:40:34+09:00,memory-3h,50.0,40.0,41.0,982
2026-09-27T03:40:39+09:00,memory-3h,48.0,40.0,41.0,982
2026-09-27T03:40:44+09:00,memory-3h,48.0,40.0,41.0,982
2026-09-27T03:40:49+09:00,memory-3h,49.0,40.0,41.0,982
2026-09-27T03:40:54+09:00,memory-3h,48.0,40.0,41.0,982
2026-09-27T03:40:59+09:00,memory-3h,49.0,40.0,41.0,982
2026-09-27T03:41:04+09:00,memory-3h,48.0,40.0,41.0,982
2026-09-27T03:41:09+09:00,memory-3h,48.0,40.0,41.0,983
2026-09-27T03:41:14+09:00,memory-3h,48.0,40.0,41.0,980
2026-09-27T03:41:19+09:00,memory-3h,48.0,40.0,41.0,982
2026-09-27T03:41:24+09:00,memory-3h,47.0,40.0,41.0,982
2026-09-27T03:41:29+09:00,memory-3h,47.0,40.0,41.0,981
2026-09-27T03:41:34+09:00,memory-3h,50.0,40.0,41.0,982
2026-09-27T03:41:39+09:00,memory-3h,48.0,40.0,41.0,982
2026-09-27T03:41:44+09:00,memory-3h,48.0,40.0,41.0,982
2026-09-27T03:41:49+09:00,memory-3h,51.0,40.0,41.0,982
2026-09-27T03:41:54+09:00,memory-3h,49.0,40.0,41.0,981
2026-09-27T03:41:59+09:00,memory-3h,49.0,40.0,41.0,981
2026-09-27T03:42:04+09:00,memory-3h,52.0,40.0,41.0,982
2026-09-27T03:42:09+09:00,memory-3h,49.0,40.0,41.0,1017
2026-09-27T03:42:14+09:00,memory-3h,51.0,40.0,41.0,1000
2026-09-27T03:42:19+09:00,memory-3h,50.0,40.0,41.0,982
2026-09-27T03:42:24+09:00,memory-3h,49.0,40.0,41.0,983
2026-09-27T03:42:29+09:00,memory-3h,50.0,40.0,41.0,980
2026-09-27T03:42:34+09:00,memory-3h,47.0,40.0,41.0,982
2026-09-27T03:42:39+09:00,memory-3h,48.0,40.0,41.0,982
2026-09-27T03:42:44+09:00,memory-3h,48.0,40.0,41.0,980
2026-09-27T03:42:50+09:00,memory-3h,49.0,40.0,41.0,983
2026-09-27T03:42:55+09:00,memory-3h,48.0,40.0,41.0,981
2026-09-27T03:43:00+09:00,memory-3h,50.0,40.0,41.0,980
2026-09-27T03:43:05+09:00,memory-3h,51.0,40.0,41.0,984
2026-09-27T03:43:10+09:00,memory-3h,51.0,40.0,41.0,1024
2026-09-27T03:43:15+09:00,memory-3h,53.0,40.0,41.0,1016
2026-09-27T03:43:20+09:00,memory-3h,48.0,40.0,41.0,1052
2026-09-27T03:43:25+09:00,memory-3h,49.0,40.0,41.0,1064
2026-09-27T03:43:30+09:00,memory-3h,48.0,40.0,41.0,1008
2026-09-27T03:43:35+09:00,memory-3h,50.0,40.0,41.0,994
2026-09-27T03:43:40+09:00,memory-3h,51.0,40.0,41.0,1024
2026-09-27T03:43:45+09:00,memory-3h,48.0,40.0,41.0,1003
2026-09-27T03:43:50+09:00,memory-3h,48.0,40.0,41.0,982
2026-09-27T03:43:55+09:00,memory-3h,50.0,40.0,41.0,981
2026-09-27T03:44:00+09:00,memory-3h,50.0,40.0,41.0,983
2026-09-27T03:44:05+09:00,memory-3h,50.0,40.0,41.0,983
2026-09-27T03:44:10+09:00,memory-3h,51.0,40.0,41.0,1022
2026-09-27T03:44:15+09:00,memory-3h,48.0,40.0,41.0,996
2026-09-27T03:44:20+09:00,memory-3h,49.0,40.0,41.0,982
2026-09-27T03:44:25+09:00,memory-3h,48.0,40.0,41.0,982
2026-09-27T03:44:30+09:00,memory-3h,50.0,40.0,41.0,982
2026-09-27T03:44:35+09:00,memory-3h,48.0,40.0,41.0,986
2026-09-27T03:44:40+09:00,memory-3h,49.0,40.0,41.0,1022
2026-09-27T03:44:45+09:00,memory-3h,50.0,40.0,41.0,991
2026-09-27T03:44:50+09:00,memory-3h,52.0,40.0,41.0,981
2026-09-27T03:44:55+09:00,memory-3h,51.0,40.0,41.0,1013
2026-09-27T03:45:00+09:00,memory-3h,49.0,40.0,41.0,1014
2026-09-27T03:45:05+09:00,memory-3h,47.0,40.0,41.0,985
2026-09-27T03:45:10+09:00,memory-3h,48.0,40.0,41.0,981
2026-09-27T03:45:15+09:00,memory-3h,50.0,40.0,41.0,980
2026-09-27T03:45:20+09:00,memory-3h,51.0,40.0,41.0,982
2026-09-27T03:45:25+09:00,memory-3h,49.0,40.0,41.0,982
2026-09-27T03:45:30+09:00,memory-3h,49.0,40.0,41.0,982
2026-09-27T03:45:35+09:00,memory-3h,48.0,40.0,41.0,982
2026-09-27T03:45:40+09:00,memory-3h,48.0,40.0,41.0,982
2026-09-27T03:45:45+09:00,memory-3h,49.0,40.0,41.0,981
2026-09-27T03:45:50+09:00,memory-3h,50.0,40.0,41.0,980
2026-09-27T03:45:55+09:00,memory-3h,47.0,40.0,41.0,981
2026-09-27T03:46:01+09:00,memory-3h,47.0,40.0,41.0,982
2026-09-27T03:46:06+09:00,memory-3h,48.0,40.0,41.0,982
2026-09-27T03:46:11+09:00,memory-3h,50.0,40.0,41.0,981
2026-09-27T03:46:16+09:00,memory-3h,52.0,40.0,41.0,982
2026-09-27T03:46:21+09:00,memory-3h,51.0,40.0,41.0,1020
2026-09-27T03:46:26+09:00,memory-3h,50.0,40.0,41.0,1015
2026-09-27T03:46:31+09:00,memory-3h,50.0,40.0,41.0,1029
2026-09-27T03:46:36+09:00,memory-3h,49.0,40.0,41.0,995
2026-09-27T03:46:41+09:00,memory-3h,48.0,40.0,41.0,980
2026-09-27T03:46:46+09:00,memory-3h,48.0,40.0,41.0,982
2026-09-27T03:46:51+09:00,memory-3h,50.0,40.0,41.0,981
2026-09-27T03:46:56+09:00,memory-3h,48.0,40.0,41.0,982
2026-09-27T03:47:01+09:00,memory-3h,50.0,40.0,41.0,982
2026-09-27T03:47:06+09:00,memory-3h,48.0,40.0,41.0,982
2026-09-27T03:47:11+09:00,memory-3h,48.0,40.0,41.0,996
2026-09-27T03:47:16+09:00,memory-3h,51.0,40.0,41.0,1017
2026-09-27T03:47:21+09:00,memory-3h,51.0,40.0,41.0,987
2026-09-27T03:47:26+09:00,memory-3h,48.0,40.0,41.0,996
2026-09-27T03:47:31+09:00,memory-3h,51.0,40.0,41.0,1017
2026-09-27T03:47:36+09:00,memory-3h,49.0,40.0,41.0,1062
2026-09-27T03:47:41+09:00,memory-3h,49.0,40.0,41.0,1064
2026-09-27T03:47:46+09:00,memory-3h,49.0,40.0,41.0,1009
2026-09-27T03:47:51+09:00,memory-3h,51.0,40.0,41.0,995
2026-09-27T03:47:56+09:00,memory-3h,51.0,40.0,41.0,999
2026-09-27T03:48:01+09:00,memory-3h,51.0,40.0,41.0,1014
2026-09-27T03:48:06+09:00,memory-3h,49.0,40.0,41.0,1011
2026-09-27T03:48:11+09:00,memory-3h,49.0,40.0,41.0,986
2026-09-27T03:48:16+09:00,memory-3h,48.0,40.0,41.0,983
2026-09-27T03:48:21+09:00,memory-3h,48.0,40.0,41.0,982
2026-09-27T03:48:26+09:00,memory-3h,48.0,40.0,41.0,1020
2026-09-27T03:48:31+09:00,memory-3h,51.0,40.0,41.0,996
2026-09-27T03:48:36+09:00,memory-3h,50.0,40.0,41.0,981
2026-09-27T03:48:41+09:00,memory-3h,51.0,40.0,41.0,1005
2026-09-27T03:48:46+09:00,memory-3h,48.0,40.0,41.0,1015
2026-09-27T03:48:51+09:00,memory-3h,49.0,40.0,41.0,1025
2026-09-27T03:48:56+09:00,memory-3h,49.0,40.0,41.0,994
2026-09-27T03:49:01+09:00,memory-3h,50.0,40.0,41.0,981
2026-09-27T03:49:06+09:00,memory-3h,49.0,40.0,41.0,983
2026-09-27T03:49:11+09:00,memory-3h,48.0,40.0,41.0,983
2026-09-27T03:49:16+09:00,memory-3h,48.0,40.0,41.0,983
2026-09-27T03:49:22+09:00,memory-3h,48.0,40.0,41.0,980
2026-09-27T03:49:27+09:00,memory-3h,50.0,40.0,41.0,982
2026-09-27T03:49:32+09:00,memory-3h,50.0,40.0,41.0,982
2026-09-27T03:49:37+09:00,memory-3h,50.0,40.0,41.0,981
2026-09-27T03:49:42+09:00,memory-3h,49.0,40.0,41.0,998
2026-09-27T03:49:47+09:00,memory-3h,52.0,40.0,41.0,1017
2026-09-27T03:49:52+09:00,memory-3h,51.0,40.0,41.0,1027
2026-09-27T03:49:57+09:00,memory-3h,50.0,40.0,41.0,997
2026-09-27T03:50:02+09:00,memory-3h,51.0,40.0,41.0,980
2026-09-27T03:50:07+09:00,memory-3h,51.0,40.0,41.0,982
2026-09-27T03:50:12+09:00,memory-3h,51.0,40.0,41.0,983
2026-09-27T03:50:17+09:00,memory-3h,50.0,40.0,41.0,1023
2026-09-27T03:50:22+09:00,memory-3h,52.0,40.0,41.0,1004
2026-09-27T03:50:27+09:00,memory-3h,51.0,40.0,41.0,1022
2026-09-27T03:50:32+09:00,memory-3h,50.0,40.0,41.0,992
2026-09-27T03:50:37+09:00,memory-3h,52.0,40.0,41.0,979
2026-09-27T03:50:42+09:00,memory-3h,49.0,40.0,41.0,1017
2026-09-27T03:50:47+09:00,memory-3h,48.0,40.0,41.0,1006
2026-09-27T03:50:52+09:00,memory-3h,49.0,40.0,41.0,984
2026-09-27T03:50:57+09:00,memory-3h,52.0,40.0,41.0,982
2026-09-27T03:51:02+09:00,memory-3h,51.0,40.0,41.0,1016
2026-09-27T03:51:07+09:00,memory-3h,50.0,40.0,41.0,1028
2026-09-27T03:51:12+09:00,memory-3h,53.0,40.0,41.0,994
2026-09-27T03:51:17+09:00,memory-3h,50.0,40.0,41.0,1069
2026-09-27T03:51:22+09:00,memory-3h,51.0,40.0,41.0,1057
2026-09-27T03:51:27+09:00,memory-3h,52.0,40.0,41.0,1032
2026-09-27T03:51:32+09:00,memory-3h,49.0,40.0,41.0,1014
2026-09-27T03:51:37+09:00,memory-3h,49.0,40.0,41.0,986
2026-09-27T03:51:42+09:00,memory-3h,49.0,40.0,41.0,981
2026-09-27T03:51:47+09:00,memory-3h,51.0,40.0,41.0,981
2026-09-27T03:51:52+09:00,memory-3h,48.0,40.0,41.0,982
2026-09-27T03:51:57+09:00,memory-3h,49.0,40.0,41.0,982
2026-09-27T03:52:02+09:00,memory-3h,50.0,40.0,41.0,983
2026-09-27T03:52:07+09:00,memory-3h,48.0,40.0,41.0,1024
2026-09-27T03:52:12+09:00,memory-3h,52.0,40.0,41.0,1000
2026-09-27T03:52:17+09:00,memory-3h,53.0,40.0,41.0,1018
2026-09-27T03:52:22+09:00,memory-3h,50.0,40.0,41.0,1077
2026-09-27T03:52:27+09:00,memory-3h,49.0,40.0,41.0,1052
2026-09-27T03:52:32+09:00,memory-3h,50.0,40.0,41.0,1000
2026-09-27T03:52:38+09:00,memory-3h,50.0,40.0,41.0,1009
2026-09-27T03:52:43+09:00,memory-3h,50.0,40.0,41.0,1015
2026-09-27T03:52:48+09:00,memory-3h,51.0,40.0,41.0,989
2026-09-27T03:52:53+09:00,memory-3h,51.0,40.0,41.0,1022
2026-09-27T03:52:58+09:00,memory-3h,50.0,40.0,41.0,1030
2026-09-27T03:53:03+09:00,memory-3h,50.0,40.0,41.0,996
2026-09-27T03:53:08+09:00,memory-3h,51.0,40.0,41.0,980
2026-09-27T03:53:13+09:00,memory-3h,48.0,40.0,41.0,981
2026-09-27T03:53:18+09:00,memory-3h,48.0,40.0,41.0,981
2026-09-27T03:53:23+09:00,memory-3h,52.0,40.0,41.0,985
2026-09-27T03:53:28+09:00,memory-3h,50.0,40.0,41.0,1021
2026-09-27T03:53:33+09:00,memory-3h,51.0,40.0,41.0,1013
2026-09-27T03:53:38+09:00,memory-3h,51.0,40.0,41.0,1028
2026-09-27T03:53:43+09:00,memory-3h,50.0,40.0,41.0,1017
2026-09-27T03:53:48+09:00,memory-3h,51.0,40.0,41.0,1026
2026-09-27T03:53:53+09:00,memory-3h,51.0,40.0,41.0,1027
2026-09-27T03:53:58+09:00,memory-3h,50.0,40.0,41.0,1046
2026-09-27T03:54:03+09:00,memory-3h,49.0,40.0,41.0,1082
2026-09-27T03:54:08+09:00,memory-3h,50.0,40.0,41.0,1021
2026-09-27T03:54:13+09:00,memory-3h,51.0,41.0,41.0,997
2026-09-27T03:54:18+09:00,memory-3h,51.0,40.0,41.0,995
2026-09-27T03:54:23+09:00,memory-3h,53.0,40.0,41.0,1019
2026-09-27T03:54:28+09:00,memory-3h,51.0,41.0,41.0,1116
2026-09-27T03:54:33+09:00,memory-3h,52.0,40.0,41.0,1159
2026-09-27T03:54:38+09:00,memory-3h,50.0,40.0,41.0,1114
2026-09-27T03:54:43+09:00,memory-3h,52.0,41.0,41.0,1114
2026-09-27T03:54:48+09:00,memory-3h,49.0,40.0,41.0,1147
2026-09-27T03:54:53+09:00,memory-3h,53.0,40.0,41.0,1067
2026-09-27T03:54:58+09:00,memory-3h,49.0,40.0,41.0,1074
2026-09-27T03:55:03+09:00,memory-3h,52.0,41.0,41.0,1046
2026-09-27T03:55:08+09:00,memory-3h,50.0,40.0,41.0,1023
2026-09-27T03:55:13+09:00,memory-3h,50.0,40.0,41.0,1003
2026-09-27T03:55:18+09:00,memory-3h,49.0,40.0,41.0,981
2026-09-27T03:55:23+09:00,memory-3h,50.0,40.0,41.0,982
2026-09-27T03:55:28+09:00,memory-3h,49.0,40.0,41.0,982
2026-09-27T03:55:33+09:00,memory-3h,49.0,40.0,41.0,980
2026-09-27T03:55:38+09:00,memory-3h,50.0,41.0,41.0,1005
2026-09-27T03:55:43+09:00,memory-3h,48.0,41.0,41.0,1011
2026-09-27T03:55:48+09:00,memory-3h,50.0,41.0,41.0,984
2026-09-27T03:55:54+09:00,memory-3h,51.0,41.0,41.0,983
2026-09-27T03:55:59+09:00,memory-3h,52.0,41.0,41.0,1021
2026-09-27T03:56:04+09:00,memory-3h,53.0,41.0,41.0,1031
2026-09-27T03:56:09+09:00,memory-3h,49.0,41.0,41.0,1073
2026-09-27T03:56:14+09:00,memory-3h,49.0,40.0,41.0,1058
2026-09-27T03:56:19+09:00,memory-3h,49.0,41.0,41.0,1004
2026-09-27T03:56:24+09:00,memory-3h,49.0,40.0,41.0,995
2026-09-27T03:56:29+09:00,memory-3h,49.0,41.0,41.0,999
2026-09-27T03:56:34+09:00,memory-3h,48.0,40.0,41.0,996
2026-09-27T03:56:39+09:00,memory-3h,49.0,40.0,41.0,1003
2026-09-27T03:56:44+09:00,memory-3h,49.0,40.0,41.0,1023
2026-09-27T03:56:49+09:00,memory-3h,53.0,40.0,41.0,992
2026-09-27T03:56:54+09:00,memory-3h,51.0,40.0,42.0,1070
2026-09-27T03:56:59+09:00,memory-3h,53.0,40.0,41.0,1058
2026-09-27T03:57:04+09:00,memory-3h,52.0,40.0,41.0,1088
2026-09-27T03:57:09+09:00,memory-3h,50.0,41.0,41.0,1076
2026-09-27T03:57:14+09:00,memory-3h,50.0,40.0,41.0,1144
2026-09-27T03:57:19+09:00,memory-3h,50.0,40.0,41.0,1101
2026-09-27T03:57:24+09:00,memory-3h,50.0,41.0,41.0,1007
2026-09-27T03:57:29+09:00,memory-3h,53.0,40.0,41.0,986
2026-09-27T03:57:34+09:00,memory-3h,51.0,40.0,42.0,1067
2026-09-27T03:57:39+09:00,memory-3h,52.0,40.0,41.0,1148
2026-09-27T03:57:44+09:00,memory-3h,49.0,41.0,41.0,1098
2026-09-27T03:57:49+09:00,memory-3h,50.0,40.0,41.0,1064
2026-09-27T03:57:54+09:00,memory-3h,49.0,40.0,41.0,1083
2026-09-27T03:57:59+09:00,memory-3h,51.0,40.0,41.0,1029
2026-09-27T03:58:04+09:00,memory-3h,51.0,40.0,41.0,1076
2026-09-27T03:58:09+09:00,memory-3h,49.0,40.0,41.0,1055
2026-09-27T03:58:14+09:00,memory-3h,49.0,41.0,41.0,1041
2026-09-27T03:58:19+09:00,memory-3h,51.0,41.0,41.0,1076
2026-09-27T03:58:24+09:00,memory-3h,50.0,40.0,41.0,1020
2026-09-27T03:58:29+09:00,memory-3h,50.0,40.0,41.0,996
2026-09-27T03:58:34+09:00,memory-3h,49.0,40.0,41.0,996
2026-09-27T03:58:39+09:00,memory-3h,48.0,40.0,41.0,999
2026-09-27T03:58:44+09:00,memory-3h,52.0,41.0,41.0,1016
2026-09-27T03:58:49+09:00,memory-3h,50.0,40.0,41.0,1039
2026-09-27T03:58:54+09:00,memory-3h,50.0,40.0,41.0,1082
2026-09-27T03:58:59+09:00,memory-3h,49.0,41.0,41.0,1026
2026-09-27T03:59:04+09:00,memory-3h,51.0,41.0,41.0,997
2026-09-27T03:59:09+09:00,memory-3h,49.0,41.0,41.0,994
2026-09-27T03:59:15+09:00,memory-3h,50.0,40.0,41.0,996
2026-09-27T03:59:20+09:00,memory-3h,50.0,40.0,41.0,996
2026-09-27T03:59:25+09:00,memory-3h,52.0,40.0,41.0,1055
2026-09-27T03:59:30+09:00,memory-3h,48.0,40.0,41.0,1088
2026-09-27T03:59:35+09:00,memory-3h,49.0,40.0,41.0,1024
2026-09-27T03:59:40+09:00,memory-3h,49.0,40.0,41.0,998
2026-09-27T03:59:45+09:00,memory-3h,50.0,40.0,41.0,996
2026-09-27T03:59:50+09:00,memory-3h,48.0,40.0,41.0,996
2026-09-27T03:59:55+09:00,memory-3h,50.0,40.0,41.0,1011
2026-09-27T04:00:00+09:00,memory-3h,49.0,40.0,41.0,1016
2026-09-27T04:00:05+09:00,memory-3h,52.0,40.0,41.0,987
2026-09-27T04:00:10+09:00,memory-3h,49.0,40.0,41.0,1015
2026-09-27T04:00:15+09:00,memory-3h,49.0,40.0,41.0,999
2026-09-27T04:00:20+09:00,memory-3h,50.0,40.0,41.0,981
2026-09-27T04:00:25+09:00,memory-3h,48.0,40.0,41.0,982
2026-09-27T04:00:30+09:00,memory-3h,50.0,40.0,41.0,983
2026-09-27T04:00:35+09:00,memory-3h,49.0,40.0,41.0,981
2026-09-27T04:00:40+09:00,memory-3h,52.0,40.0,41.0,981
2026-09-27T04:00:45+09:00,memory-3h,50.0,40.0,41.0,1015
2026-09-27T04:00:50+09:00,memory-3h,50.0,40.0,41.0,1084
2026-09-27T04:00:55+09:00,memory-3h,49.0,40.0,41.0,1037
2026-09-27T04:01:00+09:00,memory-3h,49.0,40.0,41.0,1006
2026-09-27T04:01:05+09:00,memory-3h,51.0,40.0,41.0,1018
2026-09-27T04:01:10+09:00,memory-3h,51.0,40.0,41.0,989
2026-09-27T04:01:15+09:00,memory-3h,50.0,40.0,41.0,979
2026-09-27T04:01:20+09:00,memory-3h,50.0,40.0,41.0,982
2026-09-27T04:01:25+09:00,memory-3h,52.0,40.0,41.0,1001
2026-09-27T04:01:30+09:00,memory-3h,49.0,40.0,41.0,1015
2026-09-27T04:01:35+09:00,memory-3h,48.0,40.0,41.0,1022
2026-09-27T04:01:40+09:00,memory-3h,49.0,40.0,41.0,998
2026-09-27T04:01:45+09:00,memory-3h,49.0,40.0,41.0,981
2026-09-27T04:01:50+09:00,memory-3h,49.0,41.0,41.0,983
2026-09-27T04:01:55+09:00,memory-3h,49.0,40.0,41.0,982
2026-09-27T04:02:00+09:00,memory-3h,50.0,41.0,41.0,982
2026-09-27T04:02:05+09:00,memory-3h,50.0,40.0,41.0,980
2026-09-27T04:02:10+09:00,memory-3h,48.0,40.0,41.0,983
2026-09-27T04:02:15+09:00,memory-3h,49.0,40.0,41.0,981
2026-09-27T04:02:20+09:00,memory-3h,52.0,40.0,41.0,982
2026-09-27T04:02:25+09:00,memory-3h,50.0,40.0,41.0,1012
2026-09-27T04:02:31+09:00,memory-3h,48.0,40.0,41.0,1005
2026-09-27T04:02:36+09:00,memory-3h,48.0,40.0,41.0,982
2026-09-27T04:02:41+09:00,memory-3h,49.0,40.0,41.0,991
2026-09-27T04:02:46+09:00,memory-3h,49.0,41.0,41.0,1019
2026-09-27T04:02:51+09:00,memory-3h,49.0,40.0,41.0,988
2026-09-27T04:02:56+09:00,memory-3h,48.0,40.0,41.0,980
2026-09-27T04:03:01+09:00,memory-3h,48.0,40.0,41.0,981
2026-09-27T04:03:06+09:00,memory-3h,49.0,40.0,41.0,981
2026-09-27T04:03:11+09:00,memory-3h,49.0,40.0,41.0,981
2026-09-27T04:03:16+09:00,memory-3h,49.0,40.0,41.0,980
2026-09-27T04:03:21+09:00,memory-3h,50.0,40.0,41.0,982
2026-09-27T04:03:26+09:00,memory-3h,48.0,40.0,41.0,981
2026-09-27T04:03:31+09:00,memory-3h,48.0,40.0,41.0,982
2026-09-27T04:03:36+09:00,memory-3h,49.0,40.0,41.0,980
2026-09-27T04:03:41+09:00,memory-3h,48.0,40.0,41.0,982
2026-09-27T04:03:46+09:00,memory-3h,48.0,40.0,41.0,981
2026-09-27T04:03:51+09:00,memory-3h,50.0,40.0,41.0,986
2026-09-27T04:03:56+09:00,memory-3h,49.0,41.0,41.0,1023
2026-09-27T04:04:01+09:00,memory-3h,49.0,40.0,41.0,991
2026-09-27T04:04:06+09:00,memory-3h,49.0,40.0,41.0,980
2026-09-27T04:04:11+09:00,memory-3h,50.0,40.0,41.0,984
2026-09-27T04:04:16+09:00,memory-3h,52.0,40.0,41.0,981
2026-09-27T04:04:21+09:00,memory-3h,51.0,40.0,41.0,1019
2026-09-27T04:04:26+09:00,memory-3h,49.0,40.0,41.0,1017
2026-09-27T04:04:31+09:00,memory-3h,49.0,40.0,41.0,985
2026-09-27T04:04:36+09:00,memory-3h,49.0,40.0,41.0,980
2026-09-27T04:04:41+09:00,memory-3h,50.0,40.0,41.0,981
2026-09-27T04:04:46+09:00,memory-3h,50.0,40.0,41.0,981
2026-09-27T04:04:51+09:00,memory-3h,50.0,40.0,41.0,997
2026-09-27T04:04:56+09:00,memory-3h,49.0,40.0,41.0,1018
2026-09-27T04:05:01+09:00,memory-3h,49.0,40.0,41.0,1026
2026-09-27T04:05:06+09:00,memory-3h,48.0,40.0,41.0,997
2026-09-27T04:05:11+09:00,memory-3h,50.0,40.0,41.0,981
2026-09-27T04:05:16+09:00,memory-3h,48.0,40.0,41.0,982
2026-09-27T04:05:21+09:00,memory-3h,50.0,40.0,41.0,982
2026-09-27T04:05:26+09:00,memory-3h,48.0,40.0,41.0,980
2026-09-27T04:05:31+09:00,memory-3h,49.0,40.0,41.0,982
2026-09-27T04:05:36+09:00,memory-3h,49.0,40.0,41.0,980
2026-09-27T04:05:41+09:00,memory-3h,48.0,40.0,41.0,982
2026-09-27T04:05:46+09:00,memory-3h,49.0,40.0,41.0,981
2026-09-27T04:05:51+09:00,memory-3h,49.0,40.0,41.0,981
2026-09-27T04:05:56+09:00,memory-3h,50.0,40.0,41.0,981
2026-09-27T04:06:01+09:00,memory-3h,48.0,40.0,41.0,982
2026-09-27T04:06:07+09:00,memory-3h,49.0,41.0,41.0,981
2026-09-27T04:06:12+09:00,memory-3h,48.0,41.0,41.0,982
2026-09-27T04:06:17+09:00,memory-3h,48.0,41.0,41.0,982
2026-09-27T04:06:22+09:00,memory-3h,49.0,40.0,41.0,1006
2026-09-27T04:06:27+09:00,memory-3h,49.0,40.0,41.0,1016
2026-09-27T04:06:32+09:00,memory-3h,49.0,40.0,41.0,1024
2026-09-27T04:06:37+09:00,memory-3h,50.0,40.0,41.0,990
2026-09-27T04:06:42+09:00,memory-3h,49.0,40.0,41.0,980
2026-09-27T04:06:47+09:00,memory-3h,49.0,40.0,41.0,982
2026-09-27T04:06:52+09:00,memory-3h,50.0,40.0,41.0,983
2026-09-27T04:06:57+09:00,memory-3h,49.0,40.0,41.0,981
2026-09-27T04:07:02+09:00,memory-3h,49.0,40.0,41.0,980
2026-09-27T04:07:07+09:00,memory-3h,51.0,40.0,41.0,982
2026-09-27T04:07:12+09:00,memory-3h,50.0,40.0,41.0,981
2026-09-27T04:07:17+09:00,memory-3h,49.0,40.0,41.0,981
2026-09-27T04:07:22+09:00,memory-3h,50.0,40.0,41.0,982
2026-09-27T04:07:27+09:00,memory-3h,48.0,40.0,41.0,981
2026-09-27T04:07:32+09:00,memory-3h,51.0,40.0,41.0,982
2026-09-27T04:07:37+09:00,memory-3h,48.0,40.0,41.0,981
2026-09-27T04:07:42+09:00,memory-3h,50.0,40.0,41.0,982
2026-09-27T04:07:47+09:00,memory-3h,49.0,40.0,41.0,981
2026-09-27T04:07:52+09:00,memory-3h,47.0,40.0,41.0,981
2026-09-27T04:07:57+09:00,memory-3h,48.0,40.0,41.0,982
2026-09-27T04:08:02+09:00,memory-3h,48.0,40.0,41.0,981
2026-09-27T04:08:07+09:00,memory-3h,49.0,40.0,41.0,983
2026-09-27T04:08:12+09:00,memory-3h,48.0,41.0,41.0,980
2026-09-27T04:08:17+09:00,memory-3h,47.0,40.0,41.0,982
2026-09-27T04:08:22+09:00,memory-3h,48.0,40.0,41.0,982
2026-09-27T04:08:27+09:00,memory-3h,50.0,40.0,41.0,981
2026-09-27T04:08:32+09:00,memory-3h,49.0,40.0,41.0,983
2026-09-27T04:08:37+09:00,memory-3h,49.0,40.0,41.0,990
2026-09-27T04:08:42+09:00,memory-3h,48.0,40.0,41.0,1020
2026-09-27T04:08:47+09:00,memory-3h,48.0,41.0,41.0,990
2026-09-27T04:08:52+09:00,memory-3h,48.0,40.0,41.0,979
2026-09-27T04:08:57+09:00,memory-3h,49.0,40.0,41.0,980
2026-09-27T04:09:02+09:00,memory-3h,49.0,41.0,41.0,982
2026-09-27T04:09:07+09:00,memory-3h,49.0,41.0,41.0,982
2026-09-27T04:09:12+09:00,memory-3h,48.0,40.0,41.0,980
2026-09-27T04:09:17+09:00,memory-3h,49.0,40.0,41.0,981
2026-09-27T04:09:22+09:00,memory-3h,48.0,40.0,41.0,983
2026-09-27T04:09:27+09:00,memory-3h,48.0,40.0,41.0,982
2026-09-27T04:09:32+09:00,memory-3h,49.0,40.0,41.0,981
2026-09-27T04:09:37+09:00,memory-3h,48.0,40.0,41.0,983
2026-09-27T04:09:42+09:00,memory-3h,48.0,40.0,41.0,981
2026-09-27T04:09:48+09:00,memory-3h,48.0,40.0,41.0,981
2026-09-27T04:09:53+09:00,memory-3h,48.0,40.0,41.0,983
2026-09-27T04:09:58+09:00,memory-3h,48.0,40.0,41.0,982
2026-09-27T04:10:03+09:00,memory-3h,49.0,40.0,41.0,980
2026-09-27T04:10:08+09:00,memory-3h,48.0,40.0,41.0,982
2026-09-27T04:10:13+09:00,memory-3h,48.0,40.0,41.0,982
2026-09-27T04:10:18+09:00,memory-3h,49.0,40.0,41.0,980
2026-09-27T04:10:23+09:00,memory-3h,48.0,40.0,41.0,981
2026-09-27T04:10:28+09:00,memory-3h,48.0,40.0,41.0,981
2026-09-27T04:10:33+09:00,memory-3h,50.0,40.0,41.0,981
2026-09-27T04:10:38+09:00,memory-3h,49.0,40.0,41.0,982
2026-09-27T04:10:43+09:00,memory-3h,48.0,40.0,41.0,981
2026-09-27T04:10:48+09:00,memory-3h,50.0,40.0,41.0,982
2026-09-27T04:10:53+09:00,memory-3h,51.0,41.0,41.0,981
2026-09-27T04:10:58+09:00,memory-3h,51.0,40.0,41.0,981
2026-09-27T04:11:03+09:00,memory-3h,49.0,41.0,41.0,981
2026-09-27T04:11:08+09:00,memory-3h,51.0,41.0,41.0,981
2026-09-27T04:11:13+09:00,memory-3h,49.0,40.0,41.0,981
2026-09-27T04:11:18+09:00,memory-3h,50.0,41.0,41.0,981
2026-09-27T04:11:23+09:00,memory-3h,49.0,40.0,41.0,981
2026-09-27T04:11:28+09:00,memory-3h,49.0,40.0,41.0,981
2026-09-27T04:11:33+09:00,memory-3h,49.0,40.0,41.0,981
2026-09-27T04:11:38+09:00,memory-3h,48.0,40.0,41.0,983
2026-09-27T04:11:43+09:00,memory-3h,49.0,41.0,41.0,981
2026-09-27T04:11:48+09:00,memory-3h,48.0,41.0,41.0,980
2026-09-27T04:11:53+09:00,memory-3h,49.0,40.0,41.0,982
2026-09-27T04:11:58+09:00,memory-3h,49.0,41.0,41.0,982
2026-09-27T04:12:03+09:00,memory-3h,49.0,40.0,41.0,981
2026-09-27T04:12:08+09:00,memory-3h,49.0,41.0,41.0,980
2026-09-27T04:12:13+09:00,memory-3h,49.0,40.0,41.0,982
2026-09-27T04:12:18+09:00,memory-3h,49.0,40.0,41.0,982
2026-09-27T04:12:23+09:00,memory-3h,48.0,41.0,41.0,980
2026-09-27T04:12:28+09:00,memory-3h,49.0,40.0,41.0,982
2026-09-27T04:12:33+09:00,memory-3h,49.0,40.0,41.0,982
2026-09-27T04:12:38+09:00,memory-3h,49.0,40.0,41.0,981
2026-09-27T04:12:43+09:00,memory-3h,49.0,40.0,41.0,981
2026-09-27T04:12:48+09:00,memory-3h,48.0,40.0,41.0,982
2026-09-27T04:12:53+09:00,memory-3h,48.0,40.0,41.0,981
2026-09-27T04:12:58+09:00,memory-3h,48.0,40.0,41.0,982
2026-09-27T04:13:03+09:00,memory-3h,49.0,40.0,41.0,981
2026-09-27T04:13:08+09:00,memory-3h,50.0,40.0,41.0,982
2026-09-27T04:13:13+09:00,memory-3h,49.0,40.0,41.0,982
2026-09-27T04:13:19+09:00,memory-3h,48.0,40.0,41.0,982
2026-09-27T04:13:24+09:00,memory-3h,49.0,40.0,41.0,982
2026-09-27T04:13:29+09:00,memory-3h,48.0,40.0,41.0,981
2026-09-27T04:13:34+09:00,memory-3h,50.0,40.0,41.0,982
2026-09-27T04:13:39+09:00,memory-3h,49.0,40.0,41.0,982
2026-09-27T04:13:44+09:00,memory-3h,48.0,40.0,41.0,980
2026-09-27T04:13:49+09:00,memory-3h,50.0,40.0,41.0,981
2026-09-27T04:13:54+09:00,memory-3h,49.0,40.0,41.0,982
2026-09-27T04:13:59+09:00,memory-3h,49.0,40.0,41.0,980
2026-09-27T04:14:04+09:00,memory-3h,48.0,40.0,41.0,983
2026-09-27T04:14:09+09:00,memory-3h,49.0,40.0,41.0,1010
2026-09-27T04:14:14+09:00,memory-3h,48.0,40.0,41.0,1006
2026-09-27T04:14:19+09:00,memory-3h,48.0,40.0,41.0,983
2026-09-27T04:14:24+09:00,memory-3h,48.0,40.0,41.0,982
2026-09-27T04:14:29+09:00,memory-3h,50.0,40.0,41.0,982
2026-09-27T04:14:34+09:00,memory-3h,49.0,40.0,41.0,982
2026-09-27T04:14:39+09:00,memory-3h,48.0,40.0,41.0,982
2026-09-27T04:14:44+09:00,memory-3h,49.0,40.0,41.0,982
2026-09-27T04:14:49+09:00,memory-3h,48.0,40.0,41.0,982
2026-09-27T04:14:54+09:00,memory-3h,48.0,40.0,41.0,983
2026-09-27T04:14:59+09:00,memory-3h,48.0,40.0,41.0,982
2026-09-27T04:15:04+09:00,memory-3h,49.0,40.0,41.0,981
2026-09-27T04:15:09+09:00,memory-3h,50.0,40.0,41.0,982
2026-09-27T04:15:14+09:00,memory-3h,48.0,40.0,41.0,981
2026-09-27T04:15:19+09:00,memory-3h,48.0,40.0,41.0,981
2026-09-27T04:15:24+09:00,memory-3h,48.0,40.0,41.0,982
2026-09-27T04:15:29+09:00,memory-3h,49.0,40.0,41.0,981
2026-09-27T04:15:34+09:00,memory-3h,49.0,41.0,41.0,981
2026-09-27T04:15:39+09:00,memory-3h,48.0,40.0,41.0,980
2026-09-27T04:15:44+09:00,memory-3h,48.0,40.0,41.0,981
2026-09-27T04:15:49+09:00,memory-3h,50.0,40.0,41.0,981
2026-09-27T04:15:54+09:00,memory-3h,49.0,40.0,41.0,982
2026-09-27T04:15:59+09:00,memory-3h,49.0,40.0,41.0,983
2026-09-27T04:16:04+09:00,memory-3h,49.0,40.0,41.0,981
2026-09-27T04:16:09+09:00,memory-3h,48.0,40.0,41.0,980
2026-09-27T04:16:14+09:00,memory-3h,50.0,40.0,41.0,982
2026-09-27T04:16:19+09:00,memory-3h,49.0,40.0,41.0,981
2026-09-27T04:16:24+09:00,memory-3h,49.0,40.0,41.0,981
2026-09-27T04:16:29+09:00,memory-3h,49.0,40.0,41.0,981
2026-09-27T04:16:34+09:00,memory-3h,48.0,40.0,41.0,986
2026-09-27T04:16:39+09:00,memory-3h,48.0,40.0,41.0,1023
2026-09-27T04:16:44+09:00,memory-3h,50.0,40.0,41.0,991
2026-09-27T04:16:49+09:00,memory-3h,50.0,40.0,41.0,980
2026-09-27T04:16:54+09:00,memory-3h,49.0,41.0,41.0,982
2026-09-27T04:17:00+09:00,memory-3h,48.0,40.0,41.0,982
2026-09-27T04:17:05+09:00,memory-3h,51.0,40.0,41.0,982
2026-09-27T04:17:10+09:00,memory-3h,50.0,40.0,41.0,982
2026-09-27T04:17:15+09:00,memory-3h,51.0,40.0,41.0,982
2026-09-27T04:17:20+09:00,memory-3h,49.0,40.0,41.0,980
2026-09-27T04:17:25+09:00,memory-3h,48.0,40.0,41.0,982
2026-09-27T04:17:30+09:00,memory-3h,50.0,40.0,41.0,1012
2026-09-27T04:17:35+09:00,memory-3h,49.0,40.0,41.0,1010
2026-09-27T04:17:40+09:00,memory-3h,49.0,40.0,41.0,984
2026-09-27T04:17:45+09:00,memory-3h,49.0,40.0,41.0,981
2026-09-27T04:17:50+09:00,memory-3h,48.0,40.0,41.0,983
2026-09-27T04:17:55+09:00,memory-3h,49.0,40.0,41.0,1052
2026-09-27T04:18:00+09:00,memory-3h,51.0,40.0,41.0,1063
2026-09-27T04:18:05+09:00,memory-3h,50.0,40.0,41.0,1004
2026-09-27T04:18:10+09:00,memory-3h,49.0,40.0,41.0,995
2026-09-27T04:18:15+09:00,memory-3h,49.0,40.0,41.0,998
2026-09-27T04:18:20+09:00,memory-3h,50.0,40.0,41.0,999
2026-09-27T04:18:25+09:00,memory-3h,49.0,40.0,41.0,997
2026-09-27T04:18:30+09:00,memory-3h,49.0,40.0,41.0,997
2026-09-27T04:18:35+09:00,memory-3h,48.0,40.0,41.0,1013
2026-09-27T04:18:40+09:00,memory-3h,49.0,40.0,41.0,1013
2026-09-27T04:18:45+09:00,memory-3h,50.0,40.0,41.0,985
2026-09-27T04:18:50+09:00,memory-3h,49.0,40.0,41.0,980
2026-09-27T04:18:55+09:00,memory-3h,50.0,40.0,41.0,1026
2026-09-27T04:19:00+09:00,memory-3h,51.0,40.0,41.0,1086
2026-09-27T04:19:05+09:00,memory-3h,49.0,40.0,41.0,1030
2026-09-27T04:19:10+09:00,memory-3h,52.0,40.0,41.0,997
2026-09-27T04:19:15+09:00,memory-3h,50.0,40.0,41.0,1019
2026-09-27T04:19:20+09:00,memory-3h,49.0,40.0,41.0,1003
2026-09-27T04:19:25+09:00,memory-3h,48.0,40.0,41.0,981
2026-09-27T04:19:30+09:00,memory-3h,49.0,40.0,41.0,983
2026-09-27T04:19:35+09:00,memory-3h,51.0,40.0,41.0,981
2026-09-27T04:19:40+09:00,memory-3h,49.0,40.0,41.0,982
2026-09-27T04:19:45+09:00,memory-3h,52.0,40.0,41.0,980
2026-09-27T04:19:50+09:00,memory-3h,49.0,40.0,41.0,1012
2026-09-27T04:19:55+09:00,memory-3h,48.0,40.0,41.0,1003
2026-09-27T04:20:00+09:00,memory-3h,50.0,40.0,41.0,988
2026-09-27T04:20:05+09:00,memory-3h,50.0,40.0,41.0,1021
2026-09-27T04:20:10+09:00,memory-3h,51.0,40.0,41.0,991
2026-09-27T04:20:15+09:00,memory-3h,49.0,40.0,41.0,980
2026-09-27T04:20:20+09:00,memory-3h,49.0,40.0,41.0,981
2026-09-27T04:20:25+09:00,memory-3h,50.0,40.0,41.0,981
2026-09-27T04:20:31+09:00,memory-3h,51.0,40.0,41.0,981
2026-09-27T04:20:36+09:00,memory-3h,50.0,40.0,41.0,982
2026-09-27T04:20:41+09:00,memory-3h,49.0,40.0,41.0,981
2026-09-27T04:20:46+09:00,memory-3h,49.0,40.0,41.0,1015
2026-09-27T04:20:51+09:00,memory-3h,50.0,41.0,41.0,1003
2026-09-27T04:20:56+09:00,memory-3h,50.0,40.0,41.0,1022
2026-09-27T04:21:01+09:00,memory-3h,50.0,40.0,41.0,1002
2026-09-27T04:21:06+09:00,memory-3h,51.0,40.0,41.0,983
2026-09-27T04:21:11+09:00,memory-3h,51.0,40.0,41.0,1020
2026-09-27T04:21:16+09:00,memory-3h,51.0,40.0,41.0,1017
2026-09-27T04:21:21+09:00,memory-3h,51.0,41.0,41.0,1079
2026-09-27T04:21:26+09:00,memory-3h,49.0,40.0,41.0,1047
2026-09-27T04:21:31+09:00,memory-3h,50.0,40.0,41.0,1001
2026-09-27T04:21:36+09:00,memory-3h,51.0,40.0,41.0,995
2026-09-27T04:21:41+09:00,memory-3h,50.0,40.0,41.0,997
2026-09-27T04:21:46+09:00,memory-3h,50.0,40.0,41.0,996
2026-09-27T04:21:51+09:00,memory-3h,49.0,40.0,41.0,997
2026-09-27T04:21:56+09:00,memory-3h,51.0,40.0,41.0,999
2026-09-27T04:22:01+09:00,memory-3h,50.0,40.0,41.0,996
2026-09-27T04:22:06+09:00,memory-3h,51.0,40.0,41.0,998
2026-09-27T04:22:11+09:00,memory-3h,50.0,40.0,41.0,1025
2026-09-27T04:22:16+09:00,memory-3h,50.0,41.0,41.0,1000
2026-09-27T04:22:21+09:00,memory-3h,50.0,40.0,41.0,1121
2026-09-27T04:22:26+09:00,memory-3h,51.0,40.0,41.0,1118
2026-09-27T04:22:31+09:00,memory-3h,51.0,40.0,41.0,1085
2026-09-27T04:22:36+09:00,memory-3h,50.0,40.0,41.0,1037
2026-09-27T04:22:41+09:00,memory-3h,50.0,40.0,41.0,1016
2026-09-27T04:22:46+09:00,memory-3h,49.0,40.0,41.0,985
2026-09-27T04:22:51+09:00,memory-3h,52.0,40.0,41.0,979
2026-09-27T04:22:56+09:00,memory-3h,51.0,40.0,41.0,1064
2026-09-27T04:23:01+09:00,memory-3h,50.0,40.0,41.0,1141
2026-09-27T04:23:06+09:00,memory-3h,49.0,40.0,41.0,1060
2026-09-27T04:23:11+09:00,memory-3h,51.0,40.0,41.0,992
2026-09-27T04:23:16+09:00,memory-3h,50.0,40.0,41.0,986
2026-09-27T04:23:21+09:00,memory-3h,50.0,40.0,41.0,988
2026-09-27T04:23:26+09:00,memory-3h,50.0,40.0,41.0,989
2026-09-27T04:23:31+09:00,memory-3h,51.0,40.0,41.0,988
2026-09-27T04:23:36+09:00,memory-3h,50.0,40.0,41.0,988
2026-09-27T04:23:41+09:00,memory-3h,51.0,40.0,41.0,1015
2026-09-27T04:23:46+09:00,memory-3h,49.0,40.0,41.0,1083
2026-09-27T04:23:51+09:00,memory-3h,50.0,40.0,41.0,1041
2026-09-27T04:23:56+09:00,memory-3h,50.0,40.0,41.0,998
2026-09-27T04:24:01+09:00,memory-3h,50.0,40.0,41.0,995
2026-09-27T04:24:07+09:00,memory-3h,50.0,40.0,41.0,1017
2026-09-27T04:24:12+09:00,memory-3h,49.0,40.0,41.0,1017
2026-09-27T04:24:17+09:00,memory-3h,50.0,40.0,41.0,993
2026-09-27T04:24:22+09:00,memory-3h,49.0,40.0,41.0,1075
2026-09-27T04:24:27+09:00,memory-3h,50.0,40.0,41.0,1036
2026-09-27T04:24:32+09:00,memory-3h,50.0,40.0,41.0,998
2026-09-27T04:24:37+09:00,memory-3h,49.0,40.0,41.0,995
2026-09-27T04:24:42+09:00,memory-3h,49.0,40.0,41.0,999
2026-09-27T04:24:47+09:00,memory-3h,49.0,40.0,41.0,997
2026-09-27T04:24:52+09:00,memory-3h,49.0,40.0,41.0,997
2026-09-27T04:24:57+09:00,memory-3h,49.0,40.0,41.0,996
2026-09-27T04:25:02+09:00,memory-3h,50.0,40.0,41.0,999
2026-09-27T04:25:07+09:00,memory-3h,49.0,40.0,41.0,1058
2026-09-27T04:25:12+09:00,memory-3h,49.0,40.0,41.0,1138
2026-09-27T04:25:17+09:00,memory-3h,50.0,40.0,41.0,1053
2026-09-27T04:25:22+09:00,memory-3h,51.0,40.0,41.0,991
2026-09-27T04:25:27+09:00,memory-3h,49.0,40.0,41.0,986
2026-09-27T04:25:32+09:00,memory-3h,49.0,40.0,41.0,991
2026-09-27T04:25:37+09:00,memory-3h,53.0,40.0,41.0,1022
2026-09-27T04:25:42+09:00,memory-3h,50.0,40.0,41.0,1060
2026-09-27T04:25:47+09:00,memory-3h,50.0,40.0,41.0,1081
2026-09-27T04:25:52+09:00,memory-3h,50.0,40.0,41.0,1020
2026-09-27T04:25:57+09:00,memory-3h,49.0,40.0,41.0,1074
2026-09-27T04:26:02+09:00,memory-3h,49.0,40.0,41.0,1045
2026-09-27T04:26:07+09:00,memory-3h,50.0,40.0,41.0,1079
2026-09-27T04:26:12+09:00,memory-3h,48.0,40.0,41.0,1045
2026-09-27T04:26:17+09:00,memory-3h,50.0,40.0,41.0,1000
2026-09-27T04:26:22+09:00,memory-3h,50.0,40.0,41.0,995
2026-09-27T04:26:27+09:00,memory-3h,51.0,40.0,41.0,998
2026-09-27T04:26:32+09:00,memory-3h,50.0,40.0,41.0,997
2026-09-27T04:26:37+09:00,memory-3h,49.0,40.0,41.0,1055
2026-09-27T04:26:42+09:00,memory-3h,50.0,40.0,41.0,1065
2026-09-27T04:26:47+09:00,memory-3h,48.0,40.0,41.0,1008
2026-09-27T04:26:52+09:00,memory-3h,49.0,40.0,41.0,996
2026-09-27T04:26:57+09:00,memory-3h,49.0,40.0,41.0,995
2026-09-27T04:27:02+09:00,memory-3h,50.0,40.0,41.0,999
2026-09-27T04:27:07+09:00,memory-3h,50.0,40.0,41.0,999
2026-09-27T04:27:12+09:00,memory-3h,50.0,40.0,41.0,1005
2026-09-27T04:27:17+09:00,memory-3h,49.0,40.0,41.0,1079
2026-09-27T04:27:22+09:00,memory-3h,49.0,40.0,41.0,1037
2026-09-27T04:27:27+09:00,memory-3h,50.0,40.0,41.0,999
2026-09-27T04:27:32+09:00,memory-3h,50.0,40.0,41.0,996
2026-09-27T04:27:37+09:00,memory-3h,49.0,40.0,41.0,996
2026-09-27T04:27:43+09:00,memory-3h,49.0,40.0,41.0,996
2026-09-27T04:27:48+09:00,memory-3h,50.0,40.0,41.0,998
2026-09-27T04:27:53+09:00,memory-3h,49.0,40.0,41.0,997
2026-09-27T04:27:58+09:00,memory-3h,49.0,40.0,41.0,997
2026-09-27T04:28:03+09:00,memory-3h,50.0,40.0,41.0,998
2026-09-27T04:28:08+09:00,memory-3h,49.0,40.0,41.0,997
2026-09-27T04:28:13+09:00,memory-3h,49.0,40.0,41.0,997
2026-09-27T04:28:18+09:00,memory-3h,50.0,40.0,41.0,997
2026-09-27T04:28:23+09:00,memory-3h,50.0,40.0,41.0,1021
2026-09-27T04:28:28+09:00,memory-3h,49.0,40.0,41.0,1080
2026-09-27T04:28:33+09:00,memory-3h,49.0,40.0,41.0,1024
2026-09-27T04:28:38+09:00,memory-3h,49.0,40.0,41.0,998
2026-09-27T04:28:43+09:00,memory-3h,50.0,40.0,41.0,996
2026-09-27T04:28:48+09:00,memory-3h,50.0,40.0,41.0,995
2026-09-27T04:28:53+09:00,memory-3h,52.0,40.0,41.0,996
2026-09-27T04:28:58+09:00,memory-3h,50.0,40.0,41.0,1020
2026-09-27T04:29:03+09:00,memory-3h,51.0,40.0,41.0,1081
2026-09-27T04:29:08+09:00,memory-3h,50.0,40.0,41.0,1094
2026-09-27T04:29:13+09:00,memory-3h,49.0,40.0,41.0,1084
2026-09-27T04:29:18+09:00,memory-3h,53.0,40.0,41.0,1085
2026-09-27T04:29:23+09:00,memory-3h,49.0,40.0,41.0,1092
2026-09-27T04:29:28+09:00,memory-3h,49.0,40.0,41.0,1046
2026-09-27T04:29:33+09:00,memory-3h,50.0,40.0,41.0,1022
2026-09-27T04:29:38+09:00,memory-3h,48.0,40.0,41.0,1005
2026-09-27T04:29:43+09:00,memory-3h,48.0,40.0,41.0,982
2026-09-27T04:29:48+09:00,memory-3h,49.0,40.0,41.0,980
2026-09-27T04:29:53+09:00,memory-3h,49.0,40.0,41.0,981
2026-09-27T04:29:58+09:00,memory-3h,51.0,41.0,41.0,982
2026-09-27T04:30:03+09:00,memory-3h,50.0,40.0,41.0,982
2026-09-27T04:30:08+09:00,memory-3h,51.0,40.0,41.0,995
2026-09-27T04:30:13+09:00,memory-3h,50.0,40.0,41.0,1021
2026-09-27T04:30:18+09:00,memory-3h,49.0,40.0,41.0,990
2026-09-27T04:30:23+09:00,memory-3h,51.0,40.0,41.0,995
2026-09-27T04:30:28+09:00,memory-3h,49.0,40.0,41.0,1018
2026-09-27T04:30:33+09:00,memory-3h,48.0,40.0,41.0,1003
2026-09-27T04:30:38+09:00,memory-3h,49.0,40.0,41.0,1016
2026-09-27T04:30:43+09:00,memory-3h,50.0,40.0,41.0,1024
2026-09-27T04:30:48+09:00,memory-3h,48.0,40.0,41.0,1079
2026-09-27T04:30:53+09:00,memory-3h,49.0,40.0,41.0,1022
2026-09-27T04:30:58+09:00,memory-3h,49.0,40.0,41.0,997
2026-09-27T04:31:03+09:00,memory-3h,49.0,40.0,41.0,996
2026-09-27T04:31:09+09:00,memory-3h,48.0,40.0,41.0,996
2026-09-27T04:31:14+09:00,memory-3h,50.0,40.0,41.0,999
2026-09-27T04:31:19+09:00,memory-3h,49.0,40.0,41.0,997
2026-09-27T04:31:24+09:00,memory-3h,49.0,40.0,41.0,998
2026-09-27T04:31:29+09:00,memory-3h,51.0,40.0,41.0,997
2026-09-27T04:31:34+09:00,memory-3h,49.0,40.0,41.0,997
2026-09-27T04:31:39+09:00,memory-3h,48.0,40.0,41.0,997
2026-09-27T04:31:44+09:00,memory-3h,49.0,41.0,41.0,997
2026-09-27T04:31:49+09:00,memory-3h,49.0,41.0,41.0,998
2026-09-27T04:31:54+09:00,memory-3h,49.0,40.0,41.0,998
2026-09-27T04:31:59+09:00,memory-3h,50.0,40.0,41.0,997
2026-09-27T04:32:04+09:00,memory-3h,49.0,40.0,41.0,997
2026-09-27T04:32:09+09:00,memory-3h,49.0,40.0,41.0,997
2026-09-27T04:32:14+09:00,memory-3h,50.0,40.0,41.0,997
2026-09-27T04:32:19+09:00,memory-3h,50.0,40.0,41.0,997
2026-09-27T04:32:24+09:00,memory-3h,50.0,40.0,41.0,997
2026-09-27T04:32:29+09:00,memory-3h,48.0,40.0,41.0,998
2026-09-27T04:32:34+09:00,memory-3h,49.0,40.0,41.0,1021
2026-09-27T04:32:39+09:00,memory-3h,50.0,40.0,41.0,1012
2026-09-27T04:32:44+09:00,memory-3h,51.0,40.0,41.0,991
2026-09-27T04:32:49+09:00,memory-3h,50.0,40.0,41.0,1022
2026-09-27T04:32:54+09:00,memory-3h,49.0,40.0,41.0,990
2026-09-27T04:32:59+09:00,memory-3h,49.0,40.0,41.0,980
2026-09-27T04:33:04+09:00,memory-3h,52.0,40.0,41.0,982
2026-09-27T04:33:09+09:00,memory-3h,49.0,40.0,41.0,1017
2026-09-27T04:33:14+09:00,memory-3h,49.0,40.0,41.0,1000
2026-09-27T04:33:19+09:00,memory-3h,49.0,40.0,41.0,982
2026-09-27T04:33:24+09:00,memory-3h,49.0,40.0,41.0,981
2026-09-27T04:33:29+09:00,memory-3h,51.0,40.0,41.0,981
2026-09-27T04:33:34+09:00,memory-3h,50.0,41.0,41.0,997
2026-09-27T04:33:39+09:00,memory-3h,50.0,40.0,41.0,1049
2026-09-27T04:33:44+09:00,memory-3h,50.0,40.0,41.0,1082
2026-09-27T04:33:49+09:00,memory-3h,50.0,40.0,41.0,1019
2026-09-27T04:33:54+09:00,memory-3h,50.0,40.0,41.0,996
2026-09-27T04:33:59+09:00,memory-3h,50.0,40.0,41.0,995
2026-09-27T04:34:04+09:00,memory-3h,51.0,40.0,41.0,996
2026-09-27T04:34:09+09:00,memory-3h,51.0,40.0,41.0,1016
2026-09-27T04:34:14+09:00,memory-3h,49.0,40.0,41.0,1080
2026-09-27T04:34:19+09:00,memory-3h,50.0,40.0,41.0,1027
2026-09-27T04:34:24+09:00,memory-3h,50.0,40.0,41.0,997
2026-09-27T04:34:29+09:00,memory-3h,49.0,40.0,41.0,995
2026-09-27T04:34:34+09:00,memory-3h,49.0,40.0,41.0,998
2026-09-27T04:34:40+09:00,memory-3h,53.0,40.0,41.0,996
2026-09-27T04:34:45+09:00,memory-3h,49.0,40.0,41.0,1062
2026-09-27T04:34:50+09:00,memory-3h,49.0,40.0,41.0,1058
2026-09-27T04:34:55+09:00,memory-3h,48.0,40.0,41.0,1005
2026-09-27T04:35:00+09:00,memory-3h,48.0,40.0,41.0,995
2026-09-27T04:35:05+09:00,memory-3h,50.0,40.0,41.0,1000
2026-09-27T04:35:10+09:00,memory-3h,48.0,40.0,41.0,998
2026-09-27T04:35:15+09:00,memory-3h,49.0,40.0,41.0,998
2026-09-27T04:35:20+09:00,memory-3h,50.0,40.0,41.0,996
2026-09-27T04:35:25+09:00,post-memory-cool,48.0,40.0,41.0,998
2026-09-27T04:35:25+09:00,gpu-2h,48.0,40.0,41.0,998
2026-09-27T04:35:30+09:00,gpu-2h,48.0,40.0,46.0,998
2026-09-27T04:35:35+09:00,gpu-2h,48.0,40.0,47.0,996
2026-09-27T04:35:40+09:00,gpu-2h,47.0,40.0,48.0,997
2026-09-27T04:35:45+09:00,gpu-2h,49.0,40.0,49.0,999
2026-09-27T04:35:50+09:00,gpu-2h,48.0,40.0,49.0,997
2026-09-27T04:35:55+09:00,gpu-2h,48.0,40.0,50.0,1011
2026-09-27T04:36:00+09:00,gpu-2h,49.0,40.0,51.0,1030
2026-09-27T04:36:05+09:00,gpu-2h,51.0,41.0,48.0,1019
2026-09-27T04:36:10+09:00,gpu-2h,52.0,41.0,46.0,1131
2026-09-27T04:36:15+09:00,gpu-2h,51.0,41.0,45.0,1211
2026-09-27T04:36:20+09:00,gpu-2h,51.0,41.0,45.0,1222
2026-09-27T04:36:25+09:00,gpu-2h,50.0,41.0,45.0,1139
2026-09-27T04:36:30+09:00,gpu-2h,49.0,45.0,46.0,1021
2026-09-27T04:36:35+09:00,gpu-2h,50.0,44.0,47.0,976
2026-09-27T04:36:40+09:00,gpu-2h,50.0,44.0,48.0,979
2026-09-27T04:36:45+09:00,gpu-2h,49.0,44.0,49.0,980
2026-09-27T04:36:50+09:00,gpu-2h,50.0,44.0,52.0,980
2026-09-27T04:36:55+09:00,gpu-2h,50.0,44.0,51.0,1006
2026-09-27T04:37:00+09:00,gpu-2h,54.0,44.0,48.0,1030
2026-09-27T04:37:05+09:00,gpu-2h,51.0,44.0,47.0,1098
2026-09-27T04:37:10+09:00,gpu-2h,54.0,44.0,46.0,1156
2026-09-27T04:37:15+09:00,gpu-2h,52.0,44.0,45.0,1211
2026-09-27T04:37:20+09:00,gpu-2h,51.0,44.0,45.0,1279
2026-09-27T04:37:25+09:00,gpu-2h,52.0,46.0,47.0,1212
2026-09-27T04:37:30+09:00,gpu-2h,51.0,49.0,50.0,1125
2026-09-27T04:37:35+09:00,gpu-2h,51.0,50.0,51.0,1066
2026-09-27T04:37:41+09:00,gpu-2h,52.0,50.0,51.0,1149
2026-09-27T04:37:46+09:00,gpu-2h,53.0,51.0,51.0,1196
2026-09-27T04:37:51+09:00,gpu-2h,52.0,52.0,52.0,1169
2026-09-27T04:37:56+09:00,gpu-2h,53.0,53.0,53.0,1130
2026-09-27T04:38:01+09:00,gpu-2h,53.0,53.0,53.0,1261
2026-09-27T04:38:06+09:00,gpu-2h,55.0,53.0,53.0,1387
2026-09-27T04:38:11+09:00,gpu-2h,54.0,54.0,54.0,1526
2026-09-27T04:38:16+09:00,gpu-2h,54.0,54.0,54.0,1482
2026-09-27T04:38:21+09:00,gpu-2h,54.0,55.0,55.0,1367
2026-09-27T04:38:26+09:00,gpu-2h,56.0,54.0,54.0,1281
2026-09-27T04:38:31+09:00,gpu-2h,55.0,55.0,55.0,1282
2026-09-27T04:38:36+09:00,gpu-2h,55.0,56.0,56.0,1346
2026-09-27T04:38:41+09:00,gpu-2h,57.0,56.0,56.0,1466
2026-09-27T04:38:46+09:00,gpu-2h,55.0,56.0,56.0,1430
2026-09-27T04:38:51+09:00,gpu-2h,55.0,56.0,57.0,1367
2026-09-27T04:38:56+09:00,gpu-2h,56.0,57.0,57.0,1359
2026-09-27T04:39:01+09:00,gpu-2h,55.0,57.0,57.0,1365
2026-09-27T04:39:06+09:00,gpu-2h,57.0,56.0,57.0,1385
2026-09-27T04:39:11+09:00,gpu-2h,56.0,58.0,58.0,1522
2026-09-27T04:39:16+09:00,gpu-2h,56.0,58.0,58.0,1529
2026-09-27T04:39:21+09:00,gpu-2h,57.0,58.0,58.0,1520
2026-09-27T04:39:26+09:00,gpu-2h,60.0,56.0,56.0,1523
2026-09-27T04:39:31+09:00,gpu-2h,57.0,59.0,59.0,1650
2026-09-27T04:39:36+09:00,gpu-2h,57.0,59.0,59.0,1635
2026-09-27T04:39:41+09:00,gpu-2h,58.0,59.0,59.0,1589
2026-09-27T04:39:46+09:00,gpu-2h,57.0,57.0,57.0,1560
2026-09-27T04:39:51+09:00,gpu-2h,58.0,59.0,59.0,1533
2026-09-27T04:39:56+09:00,gpu-2h,58.0,59.0,60.0,1539
2026-09-27T04:40:01+09:00,gpu-2h,58.0,59.0,60.0,1561
2026-09-27T04:40:06+09:00,gpu-2h,59.0,58.0,58.0,1565
2026-09-27T04:40:11+09:00,gpu-2h,58.0,60.0,60.0,1561
2026-09-27T04:40:16+09:00,gpu-2h,59.0,60.0,60.0,1612
2026-09-27T04:40:21+09:00,gpu-2h,58.0,60.0,60.0,1637
2026-09-27T04:40:26+09:00,gpu-2h,58.0,59.0,60.0,1639
2026-09-27T04:40:31+09:00,gpu-2h,59.0,60.0,61.0,1635
2026-09-27T04:40:36+09:00,gpu-2h,59.0,61.0,61.0,1683
2026-09-27T04:40:42+09:00,gpu-2h,59.0,61.0,61.0,1700
2026-09-27T04:40:47+09:00,gpu-2h,59.0,59.0,61.0,1699
2026-09-27T04:40:52+09:00,gpu-2h,60.0,61.0,62.0,1703
2026-09-27T04:40:57+09:00,gpu-2h,59.0,61.0,62.0,1839
2026-09-27T04:41:02+09:00,gpu-2h,60.0,61.0,62.0,1829
2026-09-27T04:41:07+09:00,gpu-2h,60.0,59.0,62.0,1804
2026-09-27T04:41:12+09:00,gpu-2h,59.0,61.0,62.0,1766
2026-09-27T04:41:17+09:00,gpu-2h,60.0,61.0,62.0,1753
2026-09-27T04:41:22+09:00,gpu-2h,61.0,62.0,62.0,1750
2026-09-27T04:41:27+09:00,gpu-2h,60.0,60.0,62.0,1747
2026-09-27T04:41:32+09:00,gpu-2h,60.0,62.0,62.0,1730
2026-09-27T04:41:37+09:00,gpu-2h,60.0,62.0,62.0,1724
2026-09-27T04:41:42+09:00,gpu-2h,60.0,62.0,62.0,1724
2026-09-27T04:41:47+09:00,gpu-2h,60.0,61.0,62.0,1744
2026-09-27T04:41:52+09:00,gpu-2h,60.0,62.0,62.0,1762
2026-09-27T04:41:57+09:00,gpu-2h,60.0,63.0,63.0,1769
2026-09-27T04:42:02+09:00,gpu-2h,61.0,62.0,63.0,1769
2026-09-27T04:42:07+09:00,gpu-2h,60.0,61.0,62.0,1766
2026-09-27T04:42:12+09:00,gpu-2h,61.0,62.0,63.0,1760
2026-09-27T04:42:17+09:00,gpu-2h,61.0,63.0,63.0,1764
2026-09-27T04:42:22+09:00,gpu-2h,61.0,61.0,63.0,1767
2026-09-27T04:42:27+09:00,gpu-2h,61.0,61.0,61.0,1767
2026-09-27T04:42:32+09:00,gpu-2h,62.0,63.0,63.0,1765
2026-09-27T04:42:37+09:00,gpu-2h,61.0,63.0,63.0,1765
2026-09-27T04:42:42+09:00,gpu-2h,62.0,61.0,63.0,1768
2026-09-27T04:42:47+09:00,gpu-2h,62.0,62.0,62.0,1768
2026-09-27T04:42:52+09:00,gpu-2h,62.0,63.0,63.0,1811
2026-09-27T04:42:57+09:00,gpu-2h,61.0,63.0,63.0,1829
2026-09-27T04:43:02+09:00,gpu-2h,61.0,62.0,63.0,1832
2026-09-27T04:43:07+09:00,gpu-2h,63.0,61.0,62.0,1832
2026-09-27T04:43:12+09:00,gpu-2h,61.0,63.0,63.0,1817
2026-09-27T04:43:17+09:00,gpu-2h,61.0,63.0,64.0,1815
2026-09-27T04:43:22+09:00,gpu-2h,62.0,63.0,64.0,1826
2026-09-27T04:43:27+09:00,gpu-2h,62.0,62.0,62.0,1831
2026-09-27T04:43:32+09:00,gpu-2h,61.0,63.0,64.0,1825
2026-09-27T04:43:37+09:00,gpu-2h,62.0,64.0,64.0,1832
2026-09-27T04:43:43+09:00,gpu-2h,62.0,63.0,64.0,1833
2026-09-27T04:43:48+09:00,gpu-2h,62.0,62.0,62.0,1836
2026-09-27T04:43:53+09:00,gpu-2h,62.0,63.0,64.0,1877
2026-09-27T04:43:58+09:00,gpu-2h,61.0,64.0,64.0,1880
2026-09-27T04:44:03+09:00,gpu-2h,62.0,63.0,64.0,1876
2026-09-27T04:44:08+09:00,gpu-2h,62.0,62.0,62.0,1874
2026-09-27T04:44:13+09:00,gpu-2h,63.0,63.0,64.0,1850
2026-09-27T04:44:18+09:00,gpu-2h,61.0,64.0,64.0,1880
2026-09-27T04:44:23+09:00,gpu-2h,61.0,64.0,64.0,1895
2026-09-27T04:44:28+09:00,gpu-2h,62.0,62.0,62.0,1900
2026-09-27T04:44:33+09:00,gpu-2h,65.0,64.0,64.0,1873
2026-09-27T04:44:38+09:00,gpu-2h,61.0,64.0,64.0,1884
2026-09-27T04:44:43+09:00,gpu-2h,61.0,64.0,64.0,1896
2026-09-27T04:44:48+09:00,gpu-2h,64.0,62.0,63.0,1899
2026-09-27T04:44:53+09:00,gpu-2h,61.0,63.0,64.0,1885
2026-09-27T04:44:58+09:00,gpu-2h,62.0,64.0,64.0,1876
2026-09-27T04:45:03+09:00,gpu-2h,62.0,64.0,64.0,1875
2026-09-27T04:45:08+09:00,gpu-2h,62.0,62.0,63.0,1876
2026-09-27T04:45:13+09:00,gpu-2h,61.0,64.0,64.0,1861
2026-09-27T04:45:18+09:00,gpu-2h,61.0,64.0,64.0,1852
2026-09-27T04:45:23+09:00,gpu-2h,64.0,64.0,64.0,1849
2026-09-27T04:45:28+09:00,gpu-2h,61.0,62.0,63.0,1848
2026-09-27T04:45:33+09:00,gpu-2h,62.0,64.0,64.0,1848
2026-09-27T04:45:38+09:00,gpu-2h,61.0,64.0,64.0,1849
2026-09-27T04:45:43+09:00,gpu-2h,61.0,64.0,64.0,1851
2026-09-27T04:45:48+09:00,gpu-2h,61.0,62.0,62.0,1849
2026-09-27T04:45:53+09:00,gpu-2h,63.0,64.0,64.0,1848
2026-09-27T04:45:58+09:00,gpu-2h,62.0,64.0,64.0,1850
2026-09-27T04:46:03+09:00,gpu-2h,62.0,63.0,64.0,1849
2026-09-27T04:46:08+09:00,gpu-2h,64.0,62.0,63.0,1849
2026-09-27T04:46:13+09:00,gpu-2h,61.0,64.0,64.0,1850
2026-09-27T04:46:18+09:00,gpu-2h,62.0,64.0,64.0,1860
2026-09-27T04:46:23+09:00,gpu-2h,63.0,63.0,64.0,1888
2026-09-27T04:46:28+09:00,gpu-2h,62.0,63.0,63.0,1897
2026-09-27T04:46:33+09:00,gpu-2h,62.0,63.0,64.0,1889
2026-09-27T04:46:38+09:00,gpu-2h,61.0,64.0,64.0,1896
2026-09-27T04:46:44+09:00,gpu-2h,61.0,63.0,64.0,1898
2026-09-27T04:46:49+09:00,gpu-2h,61.0,63.0,63.0,1900
2026-09-27T04:46:54+09:00,gpu-2h,65.0,64.0,64.0,1888
2026-09-27T04:46:59+09:00,gpu-2h,62.0,64.0,64.0,1893
2026-09-27T04:47:04+09:00,gpu-2h,62.0,64.0,64.0,1898
2026-09-27T04:47:09+09:00,gpu-2h,62.0,63.0,63.0,1898
2026-09-27T04:47:14+09:00,gpu-2h,62.0,64.0,64.0,1872
2026-09-27T04:47:19+09:00,gpu-2h,62.0,64.0,64.0,1855
2026-09-27T04:47:24+09:00,gpu-2h,62.0,64.0,64.0,1849
2026-09-27T04:47:29+09:00,gpu-2h,62.0,63.0,63.0,1874
2026-09-27T04:47:34+09:00,gpu-2h,63.0,64.0,64.0,1881
2026-09-27T04:47:39+09:00,gpu-2h,62.0,64.0,64.0,1877
2026-09-27T04:47:44+09:00,gpu-2h,61.0,64.0,64.0,1875
2026-09-27T04:47:49+09:00,gpu-2h,62.0,63.0,63.0,1887
2026-09-27T04:47:54+09:00,gpu-2h,65.0,64.0,64.0,1883
2026-09-27T04:47:59+09:00,gpu-2h,62.0,64.0,64.0,1890
2026-09-27T04:48:04+09:00,gpu-2h,62.0,63.0,64.0,1897
2026-09-27T04:48:09+09:00,gpu-2h,63.0,63.0,63.0,1898
2026-09-27T04:48:14+09:00,gpu-2h,63.0,64.0,64.0,1871
2026-09-27T04:48:19+09:00,gpu-2h,62.0,64.0,64.0,1854
2026-09-27T04:48:24+09:00,gpu-2h,62.0,63.0,64.0,1849
2026-09-27T04:48:29+09:00,gpu-2h,63.0,63.0,63.0,1850
2026-09-27T04:48:34+09:00,gpu-2h,62.0,63.0,64.0,1881
2026-09-27T04:48:39+09:00,gpu-2h,61.0,64.0,64.0,1896
2026-09-27T04:48:44+09:00,gpu-2h,61.0,63.0,64.0,1898
2026-09-27T04:48:49+09:00,gpu-2h,63.0,63.0,63.0,1898
2026-09-27T04:48:54+09:00,gpu-2h,64.0,63.0,64.0,1888
2026-09-27T04:48:59+09:00,gpu-2h,62.0,64.0,64.0,1894
2026-09-27T04:49:04+09:00,gpu-2h,62.0,63.0,64.0,1898
2026-09-27T04:49:09+09:00,gpu-2h,64.0,63.0,63.0,1899
2026-09-27T04:49:14+09:00,gpu-2h,63.0,63.0,64.0,1899
2026-09-27T04:49:19+09:00,gpu-2h,62.0,64.0,64.0,1898
2026-09-27T04:49:24+09:00,gpu-2h,62.0,63.0,64.0,1899
2026-09-27T04:49:29+09:00,gpu-2h,63.0,63.0,63.0,1899
2026-09-27T04:49:34+09:00,gpu-2h,62.0,62.0,64.0,1886
2026-09-27T04:49:40+09:00,gpu-2h,62.0,64.0,64.0,1880
2026-09-27T04:49:45+09:00,gpu-2h,63.0,63.0,64.0,1894
2026-09-27T04:49:50+09:00,gpu-2h,62.0,62.0,63.0,1898
2026-09-27T04:49:55+09:00,gpu-2h,62.0,62.0,64.0,1874
2026-09-27T04:50:00+09:00,gpu-2h,62.0,64.0,64.0,1856
2026-09-27T04:50:05+09:00,gpu-2h,62.0,64.0,64.0,1850
2026-09-27T04:50:10+09:00,gpu-2h,63.0,63.0,63.0,1849
2026-09-27T04:50:15+09:00,gpu-2h,64.0,63.0,64.0,1849
2026-09-27T04:50:20+09:00,gpu-2h,62.0,64.0,64.0,1849
2026-09-27T04:50:25+09:00,gpu-2h,62.0,64.0,64.0,1849
2026-09-27T04:50:30+09:00,gpu-2h,64.0,62.0,63.0,1851
2026-09-27T04:50:35+09:00,gpu-2h,62.0,64.0,64.0,1882
2026-09-27T04:50:40+09:00,gpu-2h,62.0,64.0,64.0,1895
2026-09-27T04:50:45+09:00,gpu-2h,62.0,64.0,64.0,1899
2026-09-27T04:50:50+09:00,gpu-2h,63.0,63.0,63.0,1899
2026-09-27T04:50:55+09:00,gpu-2h,62.0,64.0,64.0,1884
2026-09-27T04:51:00+09:00,gpu-2h,63.0,64.0,64.0,1877
2026-09-27T04:51:05+09:00,gpu-2h,63.0,64.0,64.0,1873
2026-09-27T04:51:10+09:00,gpu-2h,63.0,63.0,63.0,1874
2026-09-27T04:51:15+09:00,gpu-2h,64.0,63.0,64.0,1865
2026-09-27T04:51:20+09:00,gpu-2h,62.0,64.0,64.0,1854
2026-09-27T04:51:25+09:00,gpu-2h,62.0,64.0,64.0,1849
2026-09-27T04:51:30+09:00,gpu-2h,64.0,63.0,63.0,1871
2026-09-27T04:51:35+09:00,gpu-2h,62.0,64.0,64.0,1893
2026-09-27T04:51:40+09:00,gpu-2h,62.0,64.0,64.0,1898
2026-09-27T04:51:45+09:00,gpu-2h,62.0,64.0,64.0,1900
2026-09-27T04:51:50+09:00,gpu-2h,61.0,63.0,63.0,1900
2026-09-27T04:51:55+09:00,gpu-2h,63.0,63.0,64.0,1888
2026-09-27T04:52:00+09:00,gpu-2h,61.0,64.0,64.0,1888
2026-09-27T04:52:05+09:00,gpu-2h,62.0,64.0,64.0,1896
2026-09-27T04:52:10+09:00,gpu-2h,63.0,63.0,63.0,1899
2026-09-27T04:52:15+09:00,gpu-2h,63.0,63.0,64.0,1886
2026-09-27T04:52:20+09:00,gpu-2h,64.0,64.0,64.0,1880
2026-09-27T04:52:25+09:00,gpu-2h,62.0,64.0,64.0,1892
2026-09-27T04:52:30+09:00,gpu-2h,62.0,63.0,63.0,1899
2026-09-27T04:52:36+09:00,gpu-2h,64.0,63.0,64.0,1888
2026-09-27T04:52:41+09:00,gpu-2h,64.0,64.0,64.0,1879
2026-09-27T04:52:46+09:00,gpu-2h,63.0,64.0,64.0,1874
2026-09-27T04:52:51+09:00,gpu-2h,63.0,63.0,63.0,1887
2026-09-27T04:52:56+09:00,gpu-2h,65.0,63.0,64.0,1877
2026-09-27T04:53:01+09:00,gpu-2h,62.0,64.0,64.0,1880
2026-09-27T04:53:06+09:00,gpu-2h,63.0,64.0,64.0,1895
2026-09-27T04:53:11+09:00,gpu-2h,65.0,63.0,65.0,1899
2026-09-27T04:53:16+09:00,gpu-2h,62.0,63.0,64.0,1890
2026-09-27T04:53:21+09:00,gpu-2h,62.0,64.0,64.0,1880
2026-09-27T04:53:26+09:00,gpu-2h,63.0,64.0,64.0,1880
2026-09-27T04:53:31+09:00,gpu-2h,63.0,63.0,64.0,1894
2026-09-27T04:53:36+09:00,gpu-2h,62.0,63.0,64.0,1895
2026-09-27T04:53:41+09:00,gpu-2h,62.0,64.0,64.0,1899
2026-09-27T04:53:46+09:00,gpu-2h,62.0,64.0,64.0,1900
2026-09-27T04:53:51+09:00,gpu-2h,63.0,63.0,65.0,1900
2026-09-27T04:53:56+09:00,gpu-2h,62.0,64.0,64.0,1878
2026-09-27T04:54:01+09:00,gpu-2h,64.0,64.0,64.0,1858
2026-09-27T04:54:06+09:00,gpu-2h,62.0,64.0,64.0,1850
2026-09-27T04:54:11+09:00,gpu-2h,65.0,63.0,65.0,1879
2026-09-27T04:54:16+09:00,gpu-2h,62.0,64.0,64.0,1886
2026-09-27T04:54:21+09:00,gpu-2h,63.0,64.0,64.0,1878
2026-09-27T04:54:26+09:00,gpu-2h,62.0,64.0,64.0,1880
2026-09-27T04:54:31+09:00,gpu-2h,62.0,63.0,65.0,1895
2026-09-27T04:54:36+09:00,gpu-2h,63.0,64.0,65.0,1899
2026-09-27T04:54:41+09:00,gpu-2h,63.0,64.0,64.0,1900
2026-09-27T04:54:46+09:00,gpu-2h,63.0,64.0,65.0,1900
2026-09-27T04:54:51+09:00,gpu-2h,62.0,63.0,64.0,1900
2026-09-27T04:54:56+09:00,gpu-2h,63.0,64.0,64.0,1877
2026-09-27T04:55:01+09:00,gpu-2h,62.0,64.0,64.0,1862
2026-09-27T04:55:06+09:00,gpu-2h,62.0,64.0,65.0,1885
2026-09-27T04:55:11+09:00,gpu-2h,63.0,63.0,65.0,1896
2026-09-27T04:55:16+09:00,gpu-2h,62.0,64.0,65.0,1890
2026-09-27T04:55:21+09:00,gpu-2h,62.0,64.0,64.0,1881
2026-09-27T04:55:26+09:00,gpu-2h,62.0,64.0,65.0,1893
2026-09-27T04:55:32+09:00,gpu-2h,62.0,63.0,65.0,1898
2026-09-27T04:55:37+09:00,gpu-2h,62.0,64.0,65.0,1889
2026-09-27T04:55:42+09:00,gpu-2h,63.0,64.0,64.0,1891
2026-09-27T04:55:47+09:00,gpu-2h,63.0,64.0,65.0,1897
2026-09-27T04:55:52+09:00,gpu-2h,62.0,63.0,65.0,1900
2026-09-27T04:55:57+09:00,gpu-2h,63.0,64.0,65.0,1888
2026-09-27T04:56:02+09:00,gpu-2h,63.0,64.0,64.0,1891
2026-09-27T04:56:07+09:00,gpu-2h,62.0,64.0,64.0,1896
2026-09-27T04:56:12+09:00,gpu-2h,62.0,64.0,65.0,1900
2026-09-27T04:56:17+09:00,gpu-2h,64.0,64.0,64.0,1900
2026-09-27T04:56:22+09:00,gpu-2h,63.0,63.0,64.0,1900
2026-09-27T04:56:27+09:00,gpu-2h,62.0,65.0,65.0,1900
2026-09-27T04:56:32+09:00,gpu-2h,62.0,63.0,65.0,1900
2026-09-27T04:56:37+09:00,gpu-2h,62.0,64.0,64.0,1881
2026-09-27T04:56:42+09:00,gpu-2h,65.0,63.0,64.0,1864
2026-09-27T04:56:47+09:00,gpu-2h,62.0,64.0,65.0,1888
2026-09-27T04:56:52+09:00,gpu-2h,62.0,65.0,65.0,1896
2026-09-27T04:56:57+09:00,gpu-2h,63.0,64.0,64.0,1883
2026-09-27T04:57:02+09:00,gpu-2h,62.0,64.0,64.0,1878
2026-09-27T04:57:07+09:00,gpu-2h,62.0,64.0,65.0,1895
2026-09-27T04:57:12+09:00,gpu-2h,63.0,65.0,65.0,1898
2026-09-27T04:57:17+09:00,gpu-2h,63.0,64.0,65.0,1900
2026-09-27T04:57:22+09:00,gpu-2h,62.0,64.0,65.0,1900
2026-09-27T04:57:27+09:00,gpu-2h,62.0,64.0,64.0,1900
2026-09-27T04:57:32+09:00,gpu-2h,62.0,65.0,65.0,1900
2026-09-27T04:57:37+09:00,gpu-2h,63.0,64.0,65.0,1892
2026-09-27T04:57:42+09:00,gpu-2h,63.0,64.0,65.0,1892
2026-09-27T04:57:47+09:00,gpu-2h,63.0,64.0,65.0,1896
2026-09-27T04:57:52+09:00,gpu-2h,62.0,65.0,65.0,1899
2026-09-27T04:57:57+09:00,gpu-2h,62.0,64.0,65.0,1891
2026-09-27T04:58:02+09:00,gpu-2h,62.0,64.0,65.0,1893
2026-09-27T04:58:07+09:00,gpu-2h,63.0,64.0,64.0,1897
2026-09-27T04:58:12+09:00,gpu-2h,62.0,65.0,65.0,1900
2026-09-27T04:58:17+09:00,gpu-2h,62.0,64.0,64.0,1891
2026-09-27T04:58:22+09:00,gpu-2h,63.0,64.0,65.0,1885
2026-09-27T04:58:27+09:00,gpu-2h,62.0,64.0,64.0,1896
2026-09-27T04:58:33+09:00,gpu-2h,62.0,65.0,65.0,1899
2026-09-27T04:58:38+09:00,gpu-2h,62.0,64.0,64.0,1893
2026-09-27T04:58:43+09:00,gpu-2h,63.0,63.0,64.0,1896
2026-09-27T04:58:48+09:00,gpu-2h,62.0,64.0,64.0,1898
2026-09-27T04:58:53+09:00,gpu-2h,62.0,65.0,65.0,1900
2026-09-27T04:58:58+09:00,gpu-2h,63.0,64.0,65.0,1896
2026-09-27T04:59:03+09:00,gpu-2h,64.0,64.0,65.0,1897
2026-09-27T04:59:08+09:00,gpu-2h,63.0,64.0,65.0,1900
2026-09-27T04:59:13+09:00,gpu-2h,62.0,65.0,65.0,1900
2026-09-27T04:59:18+09:00,gpu-2h,62.0,64.0,64.0,1891
2026-09-27T04:59:23+09:00,gpu-2h,62.0,63.0,65.0,1890
2026-09-27T04:59:28+09:00,gpu-2h,63.0,64.0,65.0,1897
2026-09-27T04:59:33+09:00,gpu-2h,61.0,65.0,65.0,1900
2026-09-27T04:59:38+09:00,gpu-2h,62.0,64.0,64.0,1900
2026-09-27T04:59:43+09:00,gpu-2h,62.0,63.0,65.0,1900
2026-09-27T04:59:48+09:00,gpu-2h,62.0,64.0,64.0,1900
2026-09-27T04:59:53+09:00,gpu-2h,62.0,65.0,65.0,1900
2026-09-27T04:59:58+09:00,gpu-2h,62.0,64.0,64.0,1900
2026-09-27T05:00:03+09:00,gpu-2h,62.0,63.0,65.0,1900
2026-09-27T05:00:08+09:00,gpu-2h,62.0,63.0,64.0,1900
2026-09-27T05:00:13+09:00,gpu-2h,61.0,65.0,65.0,1900
2026-09-27T05:00:18+09:00,gpu-2h,61.0,64.0,64.0,1894
2026-09-27T05:00:23+09:00,gpu-2h,66.0,64.0,64.0,1887
2026-09-27T05:00:28+09:00,gpu-2h,62.0,63.0,65.0,1896
2026-09-27T05:00:33+09:00,gpu-2h,61.0,65.0,65.0,1900
2026-09-27T05:00:38+09:00,gpu-2h,62.0,64.0,64.0,1894
2026-09-27T05:00:43+09:00,gpu-2h,62.0,64.0,65.0,1881
2026-09-27T05:00:48+09:00,gpu-2h,62.0,63.0,64.0,1890
2026-09-27T05:00:53+09:00,gpu-2h,62.0,64.0,65.0,1897
2026-09-27T05:00:58+09:00,gpu-2h,63.0,64.0,64.0,1900
2026-09-27T05:01:03+09:00,gpu-2h,62.0,64.0,65.0,1900
2026-09-27T05:01:08+09:00,gpu-2h,62.0,63.0,64.0,1900
2026-09-27T05:01:13+09:00,gpu-2h,63.0,64.0,65.0,1900
2026-09-27T05:01:18+09:00,gpu-2h,65.0,64.0,64.0,1892
2026-09-27T05:01:23+09:00,gpu-2h,62.0,64.0,64.0,1892
2026-09-27T05:01:29+09:00,gpu-2h,62.0,64.0,65.0,1896
2026-09-27T05:01:34+09:00,gpu-2h,62.0,64.0,65.0,1900
2026-09-27T05:01:39+09:00,gpu-2h,62.0,64.0,64.0,1891
2026-09-27T05:01:44+09:00,gpu-2h,63.0,65.0,65.0,1880
2026-09-27T05:01:49+09:00,gpu-2h,63.0,64.0,65.0,1894
2026-09-27T05:01:54+09:00,gpu-2h,62.0,65.0,65.0,1897
2026-09-27T05:01:59+09:00,gpu-2h,62.0,64.0,64.0,1900
2026-09-27T05:02:04+09:00,gpu-2h,63.0,64.0,65.0,1900
2026-09-27T05:02:09+09:00,gpu-2h,63.0,64.0,65.0,1900
2026-09-27T05:02:14+09:00,gpu-2h,63.0,64.0,64.0,1900
2026-09-27T05:02:19+09:00,gpu-2h,63.0,64.0,64.0,1900
2026-09-27T05:02:24+09:00,gpu-2h,63.0,64.0,64.0,1900
2026-09-27T05:02:29+09:00,gpu-2h,65.0,64.0,65.0,1900
2026-09-27T05:02:34+09:00,gpu-2h,62.0,64.0,65.0,1900
2026-09-27T05:02:39+09:00,gpu-2h,64.0,64.0,64.0,1897
2026-09-27T05:02:44+09:00,gpu-2h,62.0,64.0,64.0,1881
2026-09-27T05:02:49+09:00,gpu-2h,62.0,64.0,65.0,1891
2026-09-27T05:02:54+09:00,gpu-2h,63.0,65.0,65.0,1896
2026-09-27T05:02:59+09:00,gpu-2h,62.0,64.0,64.0,1897
2026-09-27T05:03:04+09:00,gpu-2h,63.0,64.0,65.0,1887
2026-09-27T05:03:09+09:00,gpu-2h,64.0,64.0,65.0,1896
2026-09-27T05:03:14+09:00,gpu-2h,63.0,64.0,64.0,1899
2026-09-27T05:03:19+09:00,gpu-2h,63.0,63.0,64.0,1900
2026-09-27T05:03:24+09:00,gpu-2h,61.0,64.0,64.0,1889
2026-09-27T05:03:29+09:00,gpu-2h,62.0,64.0,65.0,1896
2026-09-27T05:03:34+09:00,gpu-2h,62.0,64.0,64.0,1900
2026-09-27T05:03:39+09:00,gpu-2h,65.0,62.0,64.0,1897
2026-09-27T05:03:44+09:00,gpu-2h,62.0,64.0,65.0,1890
2026-09-27T05:03:49+09:00,gpu-2h,63.0,63.0,65.0,1896
2026-09-27T05:03:54+09:00,gpu-2h,63.0,64.0,65.0,1900
2026-09-27T05:03:59+09:00,gpu-2h,63.0,62.0,64.0,1899
2026-09-27T05:04:04+09:00,gpu-2h,62.0,64.0,65.0,1889
2026-09-27T05:04:09+09:00,gpu-2h,62.0,63.0,64.0,1896
2026-09-27T05:04:14+09:00,gpu-2h,63.0,64.0,65.0,1900
2026-09-27T05:04:19+09:00,gpu-2h,63.0,63.0,64.0,1900
2026-09-27T05:04:24+09:00,gpu-2h,62.0,64.0,64.0,1900
2026-09-27T05:04:29+09:00,gpu-2h,63.0,63.0,65.0,1900
2026-09-27T05:04:35+09:00,gpu-2h,62.0,64.0,64.0,1900
2026-09-27T05:04:40+09:00,gpu-2h,64.0,63.0,64.0,1900
2026-09-27T05:04:45+09:00,gpu-2h,63.0,64.0,64.0,1898
2026-09-27T05:04:50+09:00,gpu-2h,62.0,63.0,65.0,1899
2026-09-27T05:04:55+09:00,gpu-2h,62.0,63.0,64.0,1899
2026-09-27T05:05:00+09:00,gpu-2h,64.0,63.0,64.0,1898
2026-09-27T05:05:05+09:00,gpu-2h,62.0,64.0,65.0,1893
2026-09-27T05:05:10+09:00,gpu-2h,63.0,64.0,64.0,1897
2026-09-27T05:05:15+09:00,gpu-2h,63.0,63.0,65.0,1900
2026-09-27T05:05:20+09:00,gpu-2h,63.0,63.0,64.0,1900
2026-09-27T05:05:25+09:00,gpu-2h,62.0,64.0,64.0,1900
2026-09-27T05:05:30+09:00,gpu-2h,63.0,64.0,65.0,1900
2026-09-27T05:05:35+09:00,gpu-2h,62.0,63.0,65.0,1900
2026-09-27T05:05:40+09:00,gpu-2h,62.0,63.0,64.0,1900
2026-09-27T05:05:45+09:00,gpu-2h,62.0,64.0,65.0,1898
2026-09-27T05:05:50+09:00,gpu-2h,62.0,64.0,65.0,1899
2026-09-27T05:05:55+09:00,gpu-2h,62.0,65.0,65.0,1899
2026-09-27T05:06:00+09:00,gpu-2h,62.0,63.0,64.0,1900
2026-09-27T05:06:05+09:00,gpu-2h,62.0,64.0,64.0,1900
2026-09-27T05:06:10+09:00,gpu-2h,62.0,64.0,65.0,1899
2026-09-27T05:06:15+09:00,gpu-2h,63.0,64.0,65.0,1899
2026-09-27T05:06:20+09:00,gpu-2h,63.0,63.0,64.0,1899
2026-09-27T05:06:25+09:00,gpu-2h,62.0,63.0,64.0,1900
2026-09-27T05:06:30+09:00,gpu-2h,62.0,64.0,65.0,1899
2026-09-27T05:06:35+09:00,gpu-2h,63.0,64.0,65.0,1900
2026-09-27T05:06:40+09:00,gpu-2h,66.0,63.0,64.0,1899
2026-09-27T05:06:45+09:00,gpu-2h,61.0,63.0,64.0,1899
2026-09-27T05:06:50+09:00,gpu-2h,62.0,64.0,64.0,1900
2026-09-27T05:06:55+09:00,gpu-2h,62.0,64.0,65.0,1899
2026-09-27T05:07:00+09:00,gpu-2h,62.0,63.0,63.0,1899
2026-09-27T05:07:05+09:00,gpu-2h,62.0,63.0,64.0,1892
2026-09-27T05:07:10+09:00,gpu-2h,63.0,64.0,64.0,1897
2026-09-27T05:07:15+09:00,gpu-2h,62.0,64.0,65.0,1899
2026-09-27T05:07:20+09:00,gpu-2h,63.0,63.0,64.0,1900
2026-09-27T05:07:26+09:00,gpu-2h,62.0,63.0,64.0,1885
2026-09-27T05:07:31+09:00,gpu-2h,62.0,64.0,65.0,1884
2026-09-27T05:07:36+09:00,gpu-2h,63.0,64.0,65.0,1896
2026-09-27T05:07:41+09:00,gpu-2h,65.0,63.0,63.0,1899
2026-09-27T05:07:46+09:00,gpu-2h,62.0,63.0,64.0,1900
2026-09-27T05:07:51+09:00,gpu-2h,62.0,64.0,65.0,1899
2026-09-27T05:07:56+09:00,gpu-2h,63.0,64.0,64.0,1899
2026-09-27T05:08:01+09:00,gpu-2h,66.0,63.0,64.0,1899
2026-09-27T05:08:06+09:00,gpu-2h,62.0,64.0,64.0,1899
2026-09-27T05:08:11+09:00,gpu-2h,62.0,64.0,64.0,1899
2026-09-27T05:08:16+09:00,gpu-2h,63.0,64.0,64.0,1899
2026-09-27T05:08:21+09:00,gpu-2h,63.0,62.0,63.0,1899
2026-09-27T05:08:26+09:00,gpu-2h,62.0,63.0,64.0,1888
2026-09-27T05:08:31+09:00,gpu-2h,62.0,64.0,64.0,1896
2026-09-27T05:08:36+09:00,gpu-2h,62.0,64.0,65.0,1899
2026-09-27T05:08:41+09:00,gpu-2h,62.0,62.0,63.0,1900
2026-09-27T05:08:46+09:00,gpu-2h,63.0,64.0,64.0,1900
2026-09-27T05:08:51+09:00,gpu-2h,62.0,64.0,64.0,1899
2026-09-27T05:08:56+09:00,gpu-2h,62.0,64.0,64.0,1899
2026-09-27T05:09:01+09:00,gpu-2h,62.0,62.0,63.0,1899
2026-09-27T05:09:06+09:00,gpu-2h,62.0,64.0,64.0,1900
2026-09-27T05:09:11+09:00,gpu-2h,62.0,64.0,64.0,1899
2026-09-27T05:09:16+09:00,gpu-2h,62.0,64.0,64.0,1899
2026-09-27T05:09:21+09:00,gpu-2h,62.0,62.0,63.0,1899
2026-09-27T05:09:26+09:00,gpu-2h,62.0,64.0,64.0,1887
2026-09-27T05:09:31+09:00,gpu-2h,63.0,64.0,64.0,1877
2026-09-27T05:09:36+09:00,gpu-2h,62.0,63.0,64.0,1875
2026-09-27T05:09:41+09:00,gpu-2h,65.0,63.0,63.0,1875
2026-09-27T05:09:46+09:00,gpu-2h,62.0,64.0,64.0,1890
2026-09-27T05:09:51+09:00,gpu-2h,63.0,64.0,64.0,1896
2026-09-27T05:09:56+09:00,gpu-2h,62.0,63.0,64.0,1900
2026-09-27T05:10:01+09:00,gpu-2h,62.0,63.0,63.0,1900
2026-09-27T05:10:06+09:00,gpu-2h,61.0,64.0,64.0,1896
2026-09-27T05:10:11+09:00,gpu-2h,63.0,64.0,64.0,1896
2026-09-27T05:10:16+09:00,gpu-2h,62.0,64.0,64.0,1900
2026-09-27T05:10:22+09:00,gpu-2h,63.0,63.0,63.0,1899
2026-09-27T05:10:27+09:00,gpu-2h,63.0,64.0,64.0,1886
2026-09-27T05:10:32+09:00,gpu-2h,62.0,64.0,64.0,1889
2026-09-27T05:10:37+09:00,gpu-2h,61.0,64.0,64.0,1897
2026-09-27T05:10:42+09:00,gpu-2h,62.0,63.0,63.0,1899
2026-09-27T05:10:47+09:00,gpu-2h,68.0,64.0,64.0,1899
2026-09-27T05:10:52+09:00,gpu-2h,62.0,64.0,64.0,1899
2026-09-27T05:10:57+09:00,gpu-2h,62.0,64.0,64.0,1900
2026-09-27T05:11:02+09:00,gpu-2h,63.0,63.0,63.0,1899
2026-09-27T05:11:07+09:00,gpu-2h,62.0,64.0,64.0,1886
2026-09-27T05:11:12+09:00,gpu-2h,61.0,64.0,64.0,1877
2026-09-27T05:11:17+09:00,gpu-2h,62.0,64.0,65.0,1875
2026-09-27T05:11:22+09:00,gpu-2h,62.0,63.0,65.0,1889
2026-09-27T05:11:27+09:00,gpu-2h,62.0,64.0,64.0,1873
2026-09-27T05:11:32+09:00,gpu-2h,62.0,64.0,64.0,1856
2026-09-27T05:11:37+09:00,gpu-2h,62.0,64.0,64.0,1849
2026-09-27T05:11:42+09:00,gpu-2h,62.0,63.0,65.0,1849
2026-09-27T05:11:47+09:00,gpu-2h,62.0,64.0,64.0,1849
2026-09-27T05:11:52+09:00,gpu-2h,63.0,64.0,64.0,1868
2026-09-27T05:11:57+09:00,gpu-2h,62.0,65.0,65.0,1892
2026-09-27T05:12:02+09:00,gpu-2h,65.0,63.0,65.0,1897
2026-09-27T05:12:07+09:00,gpu-2h,63.0,64.0,65.0,1890
2026-09-27T05:12:12+09:00,gpu-2h,63.0,64.0,64.0,1891
2026-09-27T05:12:17+09:00,gpu-2h,63.0,64.0,64.0,1896
2026-09-27T05:12:22+09:00,gpu-2h,65.0,63.0,65.0,1899
2026-09-27T05:12:27+09:00,gpu-2h,62.0,63.0,64.0,1900
2026-09-27T05:12:32+09:00,gpu-2h,63.0,64.0,64.0,1900
2026-09-27T05:12:37+09:00,gpu-2h,62.0,64.0,65.0,1899
2026-09-27T05:12:42+09:00,gpu-2h,63.0,63.0,65.0,1900
2026-09-27T05:12:47+09:00,gpu-2h,62.0,63.0,64.0,1887
2026-09-27T05:12:52+09:00,gpu-2h,62.0,64.0,64.0,1877
2026-09-27T05:12:57+09:00,gpu-2h,63.0,64.0,64.0,1875
2026-09-27T05:13:02+09:00,gpu-2h,62.0,63.0,64.0,1884
2026-09-27T05:13:07+09:00,gpu-2h,62.0,63.0,64.0,1885
2026-09-27T05:13:12+09:00,gpu-2h,62.0,64.0,64.0,1878
2026-09-27T05:13:17+09:00,gpu-2h,61.0,64.0,64.0,1875
2026-09-27T05:13:23+09:00,gpu-2h,63.0,63.0,64.0,1874
2026-09-27T05:13:28+09:00,gpu-2h,63.0,64.0,64.0,1865
2026-09-27T05:13:33+09:00,gpu-2h,62.0,63.0,64.0,1853
2026-09-27T05:13:38+09:00,gpu-2h,62.0,64.0,64.0,1850
2026-09-27T05:13:43+09:00,gpu-2h,64.0,63.0,65.0,1872
2026-09-27T05:13:48+09:00,gpu-2h,63.0,64.0,64.0,1882
2026-09-27T05:13:53+09:00,gpu-2h,62.0,63.0,64.0,1876
2026-09-27T05:13:58+09:00,gpu-2h,61.0,64.0,65.0,1874
2026-09-27T05:14:03+09:00,gpu-2h,63.0,63.0,65.0,1881
2026-09-27T05:14:08+09:00,gpu-2h,62.0,64.0,65.0,1895
2026-09-27T05:14:13+09:00,gpu-2h,63.0,63.0,64.0,1899
2026-09-27T05:14:18+09:00,gpu-2h,62.0,64.0,64.0,1900
2026-09-27T05:14:23+09:00,gpu-2h,62.0,63.0,64.0,1900
2026-09-27T05:14:28+09:00,gpu-2h,62.0,64.0,64.0,1899
2026-09-27T05:14:33+09:00,gpu-2h,62.0,64.0,64.0,1899
2026-09-27T05:14:38+09:00,gpu-2h,61.0,64.0,64.0,1900
2026-09-27T05:14:43+09:00,gpu-2h,63.0,63.0,64.0,1899
2026-09-27T05:14:48+09:00,gpu-2h,62.0,64.0,64.0,1893
2026-09-27T05:14:53+09:00,gpu-2h,62.0,64.0,65.0,1896
2026-09-27T05:14:58+09:00,gpu-2h,62.0,64.0,64.0,1898
2026-09-27T05:15:03+09:00,gpu-2h,61.0,63.0,64.0,1899
2026-09-27T05:15:08+09:00,gpu-2h,62.0,64.0,64.0,1900
2026-09-27T05:15:13+09:00,gpu-2h,64.0,64.0,64.0,1900
2026-09-27T05:15:18+09:00,gpu-2h,64.0,64.0,64.0,1900
2026-09-27T05:15:23+09:00,gpu-2h,61.0,64.0,64.0,1900
2026-09-27T05:15:28+09:00,gpu-2h,62.0,64.0,64.0,1891
2026-09-27T05:15:33+09:00,gpu-2h,62.0,64.0,64.0,1880
2026-09-27T05:15:38+09:00,gpu-2h,62.0,64.0,64.0,1882
2026-09-27T05:15:43+09:00,gpu-2h,62.0,64.0,64.0,1895
2026-09-27T05:15:48+09:00,gpu-2h,62.0,64.0,64.0,1892
2026-09-27T05:15:53+09:00,gpu-2h,62.0,64.0,64.0,1896
2026-09-27T05:15:58+09:00,gpu-2h,62.0,64.0,64.0,1899
2026-09-27T05:16:03+09:00,gpu-2h,62.0,64.0,64.0,1900
2026-09-27T05:16:08+09:00,gpu-2h,62.0,64.0,64.0,1899
2026-09-27T05:16:13+09:00,gpu-2h,63.0,64.0,64.0,1900
2026-09-27T05:16:19+09:00,gpu-2h,63.0,64.0,64.0,1899
2026-09-27T05:16:24+09:00,gpu-2h,62.0,64.0,64.0,1899
2026-09-27T05:16:29+09:00,gpu-2h,63.0,64.0,64.0,1899
2026-09-27T05:16:34+09:00,gpu-2h,63.0,64.0,64.0,1899
2026-09-27T05:16:39+09:00,gpu-2h,65.0,64.0,64.0,1899
2026-09-27T05:16:44+09:00,gpu-2h,62.0,64.0,65.0,1899
2026-09-27T05:16:49+09:00,gpu-2h,62.0,64.0,64.0,1899
2026-09-27T05:16:54+09:00,gpu-2h,62.0,64.0,64.0,1899
2026-09-27T05:16:59+09:00,gpu-2h,62.0,64.0,64.0,1898
2026-09-27T05:17:04+09:00,gpu-2h,61.0,64.0,64.0,1898
2026-09-27T05:17:09+09:00,gpu-2h,62.0,64.0,64.0,1899
2026-09-27T05:17:14+09:00,gpu-2h,62.0,63.0,64.0,1900
2026-09-27T05:17:19+09:00,gpu-2h,63.0,64.0,64.0,1899
2026-09-27T05:17:24+09:00,gpu-2h,62.0,64.0,64.0,1899
2026-09-27T05:17:29+09:00,gpu-2h,62.0,64.0,64.0,1893
2026-09-27T05:17:34+09:00,gpu-2h,65.0,63.0,64.0,1880
2026-09-27T05:17:39+09:00,gpu-2h,61.0,63.0,64.0,1886
2026-09-27T05:17:44+09:00,gpu-2h,62.0,64.0,64.0,1896
2026-09-27T05:17:49+09:00,gpu-2h,61.0,64.0,64.0,1900
2026-09-27T05:17:54+09:00,gpu-2h,62.0,64.0,64.0,1900
2026-09-27T05:17:59+09:00,gpu-2h,63.0,62.0,64.0,1900
2026-09-27T05:18:04+09:00,gpu-2h,63.0,64.0,64.0,1899
2026-09-27T05:18:09+09:00,gpu-2h,62.0,64.0,64.0,1893
2026-09-27T05:18:14+09:00,gpu-2h,63.0,64.0,64.0,1880
2026-09-27T05:18:19+09:00,gpu-2h,63.0,63.0,64.0,1875
2026-09-27T05:18:24+09:00,gpu-2h,64.0,64.0,64.0,1889
2026-09-27T05:18:29+09:00,gpu-2h,64.0,64.0,64.0,1895
2026-09-27T05:18:34+09:00,gpu-2h,62.0,64.0,64.0,1881
2026-09-27T05:18:39+09:00,gpu-2h,62.0,63.0,64.0,1884
2026-09-27T05:18:44+09:00,gpu-2h,62.0,64.0,64.0,1896
2026-09-27T05:18:49+09:00,gpu-2h,64.0,64.0,64.0,1891
2026-09-27T05:18:54+09:00,gpu-2h,61.0,64.0,64.0,1863
2026-09-27T05:18:59+09:00,gpu-2h,62.0,63.0,64.0,1852
2026-09-27T05:19:04+09:00,gpu-2h,63.0,64.0,64.0,1850
2026-09-27T05:19:09+09:00,gpu-2h,63.0,64.0,64.0,1867
2026-09-27T05:19:14+09:00,gpu-2h,63.0,64.0,64.0,1891
2026-09-27T05:19:20+09:00,gpu-2h,61.0,64.0,64.0,1898
2026-09-27T05:19:25+09:00,gpu-2h,62.0,64.0,64.0,1900
2026-09-27T05:19:30+09:00,gpu-2h,62.0,64.0,64.0,1899
2026-09-27T05:19:35+09:00,gpu-2h,62.0,64.0,64.0,1899
2026-09-27T05:19:40+09:00,gpu-2h,62.0,64.0,64.0,1899
2026-09-27T05:19:45+09:00,gpu-2h,62.0,64.0,64.0,1899
2026-09-27T05:19:50+09:00,gpu-2h,63.0,64.0,64.0,1897
2026-09-27T05:19:55+09:00,gpu-2h,63.0,64.0,64.0,1896
2026-09-27T05:20:00+09:00,gpu-2h,62.0,64.0,64.0,1899
2026-09-27T05:20:05+09:00,gpu-2h,62.0,64.0,64.0,1899
2026-09-27T05:20:10+09:00,gpu-2h,64.0,64.0,64.0,1897
2026-09-27T05:20:15+09:00,gpu-2h,62.0,64.0,64.0,1881
2026-09-27T05:20:20+09:00,gpu-2h,62.0,64.0,64.0,1882
2026-09-27T05:20:25+09:00,gpu-2h,62.0,64.0,64.0,1896
2026-09-27T05:20:30+09:00,gpu-2h,63.0,64.0,64.0,1898
2026-09-27T05:20:35+09:00,gpu-2h,62.0,64.0,64.0,1899
2026-09-27T05:20:40+09:00,gpu-2h,64.0,64.0,64.0,1899
2026-09-27T05:20:45+09:00,gpu-2h,63.0,64.0,64.0,1900
2026-09-27T05:20:50+09:00,gpu-2h,63.0,64.0,64.0,1895
2026-09-27T05:20:55+09:00,gpu-2h,62.0,64.0,64.0,1881
2026-09-27T05:21:00+09:00,gpu-2h,64.0,64.0,64.0,1875
2026-09-27T05:21:05+09:00,gpu-2h,62.0,64.0,64.0,1874
2026-09-27T05:21:10+09:00,gpu-2h,63.0,64.0,64.0,1879
2026-09-27T05:21:15+09:00,gpu-2h,61.0,64.0,64.0,1893
2026-09-27T05:21:20+09:00,gpu-2h,62.0,64.0,64.0,1899
2026-09-27T05:21:25+09:00,gpu-2h,62.0,64.0,64.0,1899
2026-09-27T05:21:30+09:00,gpu-2h,65.0,64.0,64.0,1896
2026-09-27T05:21:35+09:00,gpu-2h,62.0,64.0,64.0,1894
2026-09-27T05:21:40+09:00,gpu-2h,62.0,63.0,64.0,1896
2026-09-27T05:21:45+09:00,gpu-2h,62.0,64.0,64.0,1899
2026-09-27T05:21:50+09:00,gpu-2h,63.0,64.0,64.0,1893
2026-09-27T05:21:55+09:00,gpu-2h,61.0,64.0,64.0,1865
2026-09-27T05:22:00+09:00,gpu-2h,64.0,63.0,64.0,1853
2026-09-27T05:22:05+09:00,gpu-2h,63.0,64.0,64.0,1850
2026-09-27T05:22:10+09:00,gpu-2h,62.0,64.0,64.0,1852
2026-09-27T05:22:15+09:00,gpu-2h,63.0,64.0,64.0,1882
2026-09-27T05:22:21+09:00,gpu-2h,63.0,63.0,64.0,1895
2026-09-27T05:22:26+09:00,gpu-2h,62.0,64.0,64.0,1899
2026-09-27T05:22:31+09:00,gpu-2h,62.0,63.0,64.0,1895
2026-09-27T05:22:36+09:00,gpu-2h,63.0,64.0,64.0,1864
2026-09-27T05:22:41+09:00,gpu-2h,62.0,63.0,64.0,1867
2026-09-27T05:22:46+09:00,gpu-2h,62.0,64.0,64.0,1890
2026-09-27T05:22:51+09:00,gpu-2h,65.0,63.0,64.0,1896
2026-09-27T05:22:56+09:00,gpu-2h,62.0,64.0,64.0,1894
2026-09-27T05:23:01+09:00,gpu-2h,62.0,63.0,64.0,1896
2026-09-27T05:23:06+09:00,gpu-2h,64.0,64.0,64.0,1900
2026-09-27T05:23:11+09:00,gpu-2h,63.0,62.0,64.0,1897
2026-09-27T05:23:16+09:00,gpu-2h,62.0,64.0,64.0,1882
2026-09-27T05:23:21+09:00,gpu-2h,64.0,64.0,64.0,1876
2026-09-27T05:23:26+09:00,gpu-2h,63.0,64.0,64.0,1875
2026-09-27T05:23:31+09:00,gpu-2h,63.0,62.0,64.0,1874
2026-09-27T05:23:36+09:00,gpu-2h,62.0,64.0,64.0,1859
2026-09-27T05:23:41+09:00,gpu-2h,61.0,64.0,64.0,1850
2026-09-27T05:23:46+09:00,gpu-2h,62.0,64.0,64.0,1849
2026-09-27T05:23:51+09:00,gpu-2h,64.0,63.0,64.0,1849
2026-09-27T05:23:56+09:00,gpu-2h,63.0,64.0,64.0,1850
2026-09-27T05:24:01+09:00,gpu-2h,62.0,64.0,65.0,1866
2026-09-27T05:24:06+09:00,gpu-2h,62.0,64.0,64.0,1890
2026-09-27T05:24:11+09:00,gpu-2h,62.0,63.0,64.0,1897
2026-09-27T05:24:16+09:00,gpu-2h,62.0,64.0,64.0,1899
2026-09-27T05:24:21+09:00,gpu-2h,62.0,64.0,64.0,1899
2026-09-27T05:24:26+09:00,gpu-2h,63.0,64.0,64.0,1900
2026-09-27T05:24:31+09:00,gpu-2h,68.0,62.0,64.0,1899
2026-09-27T05:24:36+09:00,gpu-2h,63.0,64.0,64.0,1897
2026-09-27T05:24:41+09:00,gpu-2h,63.0,64.0,64.0,1898
2026-09-27T05:24:46+09:00,gpu-2h,64.0,64.0,64.0,1899
2026-09-27T05:24:51+09:00,gpu-2h,66.0,62.0,64.0,1900
2026-09-27T05:24:56+09:00,gpu-2h,62.0,64.0,64.0,1897
2026-09-27T05:25:01+09:00,gpu-2h,63.0,64.0,64.0,1897
2026-09-27T05:25:06+09:00,gpu-2h,64.0,64.0,64.0,1900
2026-09-27T05:25:11+09:00,gpu-2h,65.0,64.0,64.0,1898
2026-09-27T05:25:17+09:00,gpu-2h,63.0,64.0,64.0,1896
2026-09-27T05:25:22+09:00,gpu-2h,62.0,64.0,64.0,1899
2026-09-27T05:25:27+09:00,gpu-2h,65.0,64.0,64.0,1900
2026-09-27T05:25:32+09:00,gpu-2h,63.0,63.0,64.0,1897
2026-09-27T05:25:37+09:00,gpu-2h,62.0,64.0,64.0,1871
2026-09-27T05:25:42+09:00,gpu-2h,61.0,64.0,65.0,1887
2026-09-27T05:25:47+09:00,gpu-2h,62.0,64.0,64.0,1896
2026-09-27T05:25:52+09:00,gpu-2h,63.0,63.0,64.0,1900
2026-09-27T05:25:57+09:00,gpu-2h,63.0,64.0,64.0,1882
2026-09-27T05:26:02+09:00,gpu-2h,61.0,64.0,64.0,1861
2026-09-27T05:26:07+09:00,gpu-2h,62.0,64.0,64.0,1851
2026-09-27T05:26:12+09:00,gpu-2h,65.0,63.0,64.0,1880
2026-09-27T05:26:17+09:00,gpu-2h,63.0,64.0,64.0,1893
2026-09-27T05:26:22+09:00,gpu-2h,61.0,64.0,64.0,1897
2026-09-27T05:26:27+09:00,gpu-2h,65.0,64.0,64.0,1900
2026-09-27T05:26:32+09:00,gpu-2h,64.0,62.0,64.0,1900
2026-09-27T05:26:37+09:00,gpu-2h,62.0,64.0,64.0,1884
2026-09-27T05:26:42+09:00,gpu-2h,62.0,64.0,65.0,1885
2026-09-27T05:26:47+09:00,gpu-2h,62.0,64.0,64.0,1896
2026-09-27T05:26:52+09:00,gpu-2h,63.0,63.0,64.0,1897
2026-09-27T05:26:57+09:00,gpu-2h,62.0,64.0,64.0,1866
2026-09-27T05:27:02+09:00,gpu-2h,63.0,64.0,65.0,1872
2026-09-27T05:27:07+09:00,gpu-2h,62.0,64.0,65.0,1893
2026-09-27T05:27:12+09:00,gpu-2h,64.0,63.0,64.0,1898
2026-09-27T05:27:17+09:00,gpu-2h,62.0,64.0,64.0,1900
2026-09-27T05:27:22+09:00,gpu-2h,61.0,64.0,65.0,1900
2026-09-27T05:27:27+09:00,gpu-2h,62.0,63.0,64.0,1900
2026-09-27T05:27:32+09:00,gpu-2h,64.0,63.0,64.0,1899
2026-09-27T05:27:37+09:00,gpu-2h,63.0,64.0,64.0,1900
2026-09-27T05:27:42+09:00,gpu-2h,62.0,64.0,64.0,1900
2026-09-27T05:27:47+09:00,gpu-2h,63.0,64.0,65.0,1900
2026-09-27T05:27:52+09:00,gpu-2h,63.0,63.0,64.0,1900
2026-09-27T05:27:57+09:00,gpu-2h,63.0,64.0,64.0,1900
2026-09-27T05:28:02+09:00,gpu-2h,62.0,64.0,65.0,1900
2026-09-27T05:28:07+09:00,gpu-2h,62.0,63.0,64.0,1900
2026-09-27T05:28:12+09:00,gpu-2h,64.0,63.0,64.0,1900
2026-09-27T05:28:18+09:00,gpu-2h,63.0,64.0,64.0,1900
2026-09-27T05:28:23+09:00,gpu-2h,62.0,64.0,65.0,1900
2026-09-27T05:28:28+09:00,gpu-2h,64.0,63.0,64.0,1899
2026-09-27T05:28:33+09:00,gpu-2h,64.0,63.0,63.0,1900
2026-09-27T05:28:38+09:00,gpu-2h,62.0,64.0,64.0,1900
2026-09-27T05:28:43+09:00,gpu-2h,63.0,64.0,64.0,1900
2026-09-27T05:28:48+09:00,gpu-2h,65.0,63.0,64.0,1900
2026-09-27T05:28:53+09:00,gpu-2h,63.0,63.0,63.0,1899
2026-09-27T05:28:58+09:00,gpu-2h,62.0,64.0,64.0,1889
2026-09-27T05:29:03+09:00,gpu-2h,62.0,64.0,65.0,1896
2026-09-27T05:29:08+09:00,gpu-2h,64.0,63.0,64.0,1900
2026-09-27T05:29:13+09:00,gpu-2h,63.0,63.0,63.0,1900
2026-09-27T05:29:18+09:00,gpu-2h,63.0,64.0,64.0,1888
2026-09-27T05:29:23+09:00,gpu-2h,63.0,64.0,65.0,1896
2026-09-27T05:29:28+09:00,gpu-2h,62.0,64.0,64.0,1899
2026-09-27T05:29:33+09:00,gpu-2h,63.0,63.0,63.0,1900
2026-09-27T05:29:38+09:00,gpu-2h,65.0,64.0,64.0,1888
2026-09-27T05:29:43+09:00,gpu-2h,61.0,64.0,65.0,1895
2026-09-27T05:29:48+09:00,gpu-2h,63.0,64.0,65.0,1898
2026-09-27T05:29:53+09:00,gpu-2h,62.0,63.0,63.0,1900
2026-09-27T05:29:58+09:00,gpu-2h,62.0,64.0,64.0,1885
2026-09-27T05:30:03+09:00,gpu-2h,62.0,64.0,65.0,1884
2026-09-27T05:30:08+09:00,gpu-2h,63.0,64.0,65.0,1895
2026-09-27T05:30:13+09:00,gpu-2h,67.0,63.0,64.0,1899
2026-09-27T05:30:18+09:00,gpu-2h,62.0,64.0,64.0,1900
2026-09-27T05:30:23+09:00,gpu-2h,62.0,64.0,65.0,1900
2026-09-27T05:30:28+09:00,gpu-2h,63.0,64.0,65.0,1900
2026-09-27T05:30:33+09:00,gpu-2h,64.0,63.0,64.0,1900
2026-09-27T05:30:38+09:00,gpu-2h,62.0,64.0,65.0,1900
2026-09-27T05:30:43+09:00,gpu-2h,61.0,64.0,65.0,1900
2026-09-27T05:30:48+09:00,gpu-2h,62.0,65.0,65.0,1900
2026-09-27T05:30:53+09:00,gpu-2h,63.0,63.0,64.0,1901
2026-09-27T05:30:58+09:00,gpu-2h,66.0,64.0,65.0,1888
2026-09-27T05:31:03+09:00,gpu-2h,62.0,64.0,65.0,1895
2026-09-27T05:31:08+09:00,gpu-2h,62.0,64.0,65.0,1899
2026-09-27T05:31:14+09:00,gpu-2h,64.0,63.0,64.0,1900
2026-09-27T05:31:19+09:00,gpu-2h,62.0,64.0,64.0,1899
2026-09-27T05:31:24+09:00,gpu-2h,62.0,64.0,65.0,1900
2026-09-27T05:31:29+09:00,gpu-2h,62.0,65.0,65.0,1900
2026-09-27T05:31:34+09:00,gpu-2h,62.0,63.0,64.0,1900
2026-09-27T05:31:39+09:00,gpu-2h,62.0,64.0,64.0,1888
2026-09-27T05:31:44+09:00,gpu-2h,63.0,65.0,65.0,1896
2026-09-27T05:31:49+09:00,gpu-2h,62.0,64.0,65.0,1899
2026-09-27T05:31:54+09:00,gpu-2h,65.0,63.0,64.0,1900
2026-09-27T05:31:59+09:00,gpu-2h,63.0,64.0,64.0,1900
2026-09-27T05:32:04+09:00,gpu-2h,63.0,64.0,65.0,1900
2026-09-27T05:32:09+09:00,gpu-2h,63.0,65.0,65.0,1900
2026-09-27T05:32:14+09:00,gpu-2h,62.0,63.0,64.0,1900
2026-09-27T05:32:19+09:00,gpu-2h,63.0,64.0,65.0,1885
2026-09-27T05:32:24+09:00,gpu-2h,62.0,64.0,65.0,1894
2026-09-27T05:32:29+09:00,gpu-2h,63.0,64.0,65.0,1898
2026-09-27T05:32:34+09:00,gpu-2h,62.0,63.0,64.0,1900
2026-09-27T05:32:39+09:00,gpu-2h,62.0,63.0,64.0,1885
2026-09-27T05:32:44+09:00,gpu-2h,63.0,65.0,65.0,1885
2026-09-27T05:32:49+09:00,gpu-2h,63.0,64.0,64.0,1895
2026-09-27T05:32:54+09:00,gpu-2h,63.0,63.0,63.0,1899
2026-09-27T05:32:59+09:00,gpu-2h,63.0,64.0,64.0,1892
2026-09-27T05:33:04+09:00,gpu-2h,62.0,64.0,65.0,1897
2026-09-27T05:33:09+09:00,gpu-2h,62.0,64.0,65.0,1900
2026-09-27T05:33:14+09:00,gpu-2h,66.0,63.0,63.0,1900
2026-09-27T05:33:19+09:00,gpu-2h,62.0,64.0,64.0,1900
2026-09-27T05:33:24+09:00,gpu-2h,62.0,64.0,65.0,1900
2026-09-27T05:33:29+09:00,gpu-2h,61.0,64.0,65.0,1900
2026-09-27T05:33:34+09:00,gpu-2h,65.0,63.0,63.0,1900
2026-09-27T05:33:39+09:00,gpu-2h,62.0,64.0,65.0,1900
2026-09-27T05:33:44+09:00,gpu-2h,62.0,65.0,65.0,1900
2026-09-27T05:33:49+09:00,gpu-2h,62.0,64.0,65.0,1900
2026-09-27T05:33:54+09:00,gpu-2h,67.0,63.0,63.0,1900
2026-09-27T05:33:59+09:00,gpu-2h,62.0,64.0,64.0,1900
2026-09-27T05:34:04+09:00,gpu-2h,63.0,64.0,65.0,1900
2026-09-27T05:34:09+09:00,gpu-2h,62.0,64.0,64.0,1900
2026-09-27T05:34:15+09:00,gpu-2h,62.0,63.0,63.0,1900
2026-09-27T05:34:20+09:00,gpu-2h,63.0,65.0,65.0,1888
2026-09-27T05:34:25+09:00,gpu-2h,62.0,64.0,65.0,1896
2026-09-27T05:34:30+09:00,gpu-2h,63.0,64.0,64.0,1898
2026-09-27T05:34:35+09:00,gpu-2h,62.0,63.0,64.0,1900
2026-09-27T05:34:40+09:00,gpu-2h,62.0,64.0,64.0,1892
2026-09-27T05:34:45+09:00,gpu-2h,62.0,64.0,65.0,1897
2026-09-27T05:34:50+09:00,gpu-2h,62.0,64.0,65.0,1899
2026-09-27T05:34:55+09:00,gpu-2h,62.0,63.0,65.0,1900
2026-09-27T05:35:00+09:00,gpu-2h,61.0,64.0,64.0,1888
2026-09-27T05:35:05+09:00,gpu-2h,62.0,64.0,65.0,1896
2026-09-27T05:35:10+09:00,gpu-2h,62.0,63.0,64.0,1898
2026-09-27T05:35:15+09:00,gpu-2h,61.0,63.0,65.0,1900
2026-09-27T05:35:20+09:00,gpu-2h,64.0,64.0,65.0,1900
2026-09-27T05:35:25+09:00,gpu-2h,64.0,64.0,64.0,1900
2026-09-27T05:35:30+09:00,gpu-2h,61.0,63.0,64.0,1900
2026-09-27T05:35:35+09:00,gpu-2h,63.0,63.0,64.0,1900
2026-09-27T05:35:40+09:00,gpu-2h,62.0,64.0,64.0,1888
2026-09-27T05:35:45+09:00,gpu-2h,62.0,64.0,65.0,1896
2026-09-27T05:35:50+09:00,gpu-2h,62.0,64.0,65.0,1898
2026-09-27T05:35:55+09:00,gpu-2h,62.0,63.0,65.0,1900
2026-09-27T05:36:00+09:00,gpu-2h,63.0,64.0,64.0,1900
2026-09-27T05:36:05+09:00,gpu-2h,62.0,64.0,64.0,1900
2026-09-27T05:36:10+09:00,gpu-2h,62.0,64.0,65.0,1900
2026-09-27T05:36:15+09:00,gpu-2h,67.0,63.0,65.0,1900
2026-09-27T05:36:20+09:00,gpu-2h,65.0,64.0,64.0,1889
2026-09-27T05:36:25+09:00,gpu-2h,63.0,64.0,64.0,1891
2026-09-27T05:36:30+09:00,gpu-2h,61.0,64.0,65.0,1897
2026-09-27T05:36:35+09:00,gpu-2h,64.0,63.0,65.0,1900
2026-09-27T05:36:40+09:00,gpu-2h,62.0,64.0,64.0,1889
2026-09-27T05:36:45+09:00,gpu-2h,61.0,63.0,64.0,1895
2026-09-27T05:36:50+09:00,gpu-2h,63.0,65.0,65.0,1898
2026-09-27T05:36:55+09:00,gpu-2h,62.0,63.0,65.0,1900
2026-09-27T05:37:00+09:00,gpu-2h,62.0,64.0,64.0,1897
2026-09-27T05:37:06+09:00,gpu-2h,63.0,63.0,64.0,1897
2026-09-27T05:37:11+09:00,gpu-2h,62.0,64.0,65.0,1900
2026-09-27T05:37:16+09:00,gpu-2h,62.0,63.0,65.0,1900
2026-09-27T05:37:21+09:00,gpu-2h,63.0,64.0,64.0,1900
2026-09-27T05:37:26+09:00,gpu-2h,62.0,64.0,65.0,1900
2026-09-27T05:37:31+09:00,gpu-2h,62.0,64.0,65.0,1900
2026-09-27T05:37:36+09:00,gpu-2h,66.0,63.0,64.0,1900
2026-09-27T05:37:41+09:00,gpu-2h,62.0,63.0,64.0,1900
2026-09-27T05:37:46+09:00,gpu-2h,62.0,64.0,64.0,1900
2026-09-27T05:37:51+09:00,gpu-2h,62.0,64.0,64.0,1900
2026-09-27T05:37:56+09:00,gpu-2h,64.0,63.0,65.0,1900
2026-09-27T05:38:01+09:00,gpu-2h,62.0,63.0,64.0,1900
2026-09-27T05:38:06+09:00,gpu-2h,62.0,64.0,65.0,1900
2026-09-27T05:38:11+09:00,gpu-2h,63.0,64.0,65.0,1900
2026-09-27T05:38:16+09:00,gpu-2h,63.0,63.0,65.0,1900
2026-09-27T05:38:21+09:00,gpu-2h,62.0,63.0,64.0,1900
2026-09-27T05:38:26+09:00,gpu-2h,62.0,64.0,65.0,1900
2026-09-27T05:38:31+09:00,gpu-2h,62.0,64.0,65.0,1900
2026-09-27T05:38:36+09:00,gpu-2h,62.0,63.0,65.0,1900
2026-09-27T05:38:41+09:00,gpu-2h,62.0,63.0,64.0,1900
2026-09-27T05:38:46+09:00,gpu-2h,63.0,64.0,65.0,1900
2026-09-27T05:38:51+09:00,gpu-2h,62.0,64.0,65.0,1899
2026-09-27T05:38:56+09:00,gpu-2h,63.0,64.0,65.0,1900
2026-09-27T05:39:01+09:00,gpu-2h,62.0,64.0,64.0,1900
2026-09-27T05:39:06+09:00,gpu-2h,63.0,64.0,64.0,1900
2026-09-27T05:39:11+09:00,gpu-2h,62.0,64.0,65.0,1900
2026-09-27T05:39:16+09:00,gpu-2h,64.0,63.0,65.0,1900
2026-09-27T05:39:21+09:00,gpu-2h,63.0,63.0,64.0,1900
2026-09-27T05:39:26+09:00,gpu-2h,63.0,64.0,65.0,1900
2026-09-27T05:39:31+09:00,gpu-2h,63.0,65.0,65.0,1900
2026-09-27T05:39:36+09:00,gpu-2h,64.0,63.0,64.0,1900
2026-09-27T05:39:41+09:00,gpu-2h,62.0,63.0,64.0,1900
2026-09-27T05:39:46+09:00,gpu-2h,62.0,64.0,64.0,1900
2026-09-27T05:39:51+09:00,gpu-2h,62.0,64.0,65.0,1900
2026-09-27T05:39:56+09:00,gpu-2h,64.0,63.0,64.0,1900
2026-09-27T05:40:01+09:00,gpu-2h,62.0,63.0,64.0,1900
2026-09-27T05:40:07+09:00,gpu-2h,61.0,64.0,64.0,1900
2026-09-27T05:40:12+09:00,gpu-2h,62.0,64.0,64.0,1900
2026-09-27T05:40:17+09:00,gpu-2h,64.0,63.0,64.0,1899
2026-09-27T05:40:22+09:00,gpu-2h,62.0,63.0,64.0,1899
2026-09-27T05:40:27+09:00,gpu-2h,62.0,64.0,64.0,1899
2026-09-27T05:40:32+09:00,gpu-2h,63.0,64.0,65.0,1898
2026-09-27T05:40:37+09:00,gpu-2h,62.0,63.0,64.0,1899
2026-09-27T05:40:42+09:00,gpu-2h,62.0,63.0,64.0,1900
2026-09-27T05:40:47+09:00,gpu-2h,62.0,64.0,64.0,1899
2026-09-27T05:40:52+09:00,gpu-2h,61.0,63.0,64.0,1900
2026-09-27T05:40:57+09:00,gpu-2h,64.0,63.0,64.0,1900
2026-09-27T05:41:02+09:00,gpu-2h,63.0,64.0,64.0,1900
2026-09-27T05:41:07+09:00,gpu-2h,62.0,64.0,64.0,1900
2026-09-27T05:41:12+09:00,gpu-2h,61.0,63.0,64.0,1900
2026-09-27T05:41:17+09:00,gpu-2h,63.0,63.0,64.0,1898
2026-09-27T05:41:22+09:00,gpu-2h,64.0,63.0,64.0,1900
2026-09-27T05:41:27+09:00,gpu-2h,62.0,64.0,64.0,1898
2026-09-27T05:41:32+09:00,gpu-2h,62.0,63.0,64.0,1898
2026-09-27T05:41:37+09:00,gpu-2h,64.0,63.0,64.0,1900
2026-09-27T05:41:42+09:00,gpu-2h,61.0,63.0,64.0,1899
2026-09-27T05:41:47+09:00,gpu-2h,62.0,64.0,64.0,1900
2026-09-27T05:41:52+09:00,gpu-2h,65.0,63.0,64.0,1899
2026-09-27T05:41:57+09:00,gpu-2h,65.0,63.0,64.0,1899
2026-09-27T05:42:02+09:00,gpu-2h,64.0,63.0,64.0,1899
2026-09-27T05:42:07+09:00,gpu-2h,61.0,64.0,64.0,1900
2026-09-27T05:42:12+09:00,gpu-2h,61.0,64.0,64.0,1900
2026-09-27T05:42:17+09:00,gpu-2h,63.0,63.0,64.0,1899
2026-09-27T05:42:22+09:00,gpu-2h,61.0,63.0,64.0,1899
2026-09-27T05:42:27+09:00,gpu-2h,61.0,64.0,64.0,1899
2026-09-27T05:42:32+09:00,gpu-2h,62.0,64.0,64.0,1900
2026-09-27T05:42:37+09:00,gpu-2h,62.0,63.0,64.0,1900
2026-09-27T05:42:42+09:00,gpu-2h,63.0,63.0,64.0,1899
2026-09-27T05:42:47+09:00,gpu-2h,61.0,64.0,64.0,1899
2026-09-27T05:42:52+09:00,gpu-2h,62.0,64.0,64.0,1899
2026-09-27T05:42:57+09:00,gpu-2h,64.0,63.0,64.0,1899
2026-09-27T05:43:02+09:00,gpu-2h,62.0,64.0,64.0,1900
2026-09-27T05:43:07+09:00,gpu-2h,62.0,64.0,64.0,1899
2026-09-27T05:43:13+09:00,gpu-2h,62.0,64.0,64.0,1900
2026-09-27T05:43:18+09:00,gpu-2h,62.0,63.0,64.0,1899
2026-09-27T05:43:23+09:00,gpu-2h,63.0,63.0,64.0,1900
2026-09-27T05:43:28+09:00,gpu-2h,63.0,64.0,64.0,1898
2026-09-27T05:43:33+09:00,gpu-2h,62.0,64.0,64.0,1899
2026-09-27T05:43:38+09:00,gpu-2h,64.0,62.0,64.0,1900
2026-09-27T05:43:43+09:00,gpu-2h,63.0,62.0,63.0,1900
2026-09-27T05:43:48+09:00,gpu-2h,61.0,64.0,64.0,1885
2026-09-27T05:43:53+09:00,gpu-2h,61.0,64.0,64.0,1877
2026-09-27T05:43:58+09:00,gpu-2h,61.0,63.0,64.0,1875
2026-09-27T05:44:03+09:00,gpu-2h,62.0,63.0,63.0,1875
2026-09-27T05:44:08+09:00,gpu-2h,61.0,64.0,64.0,1862
2026-09-27T05:44:13+09:00,gpu-2h,62.0,64.0,64.0,1852
2026-09-27T05:44:18+09:00,gpu-2h,63.0,63.0,64.0,1849
2026-09-27T05:44:23+09:00,gpu-2h,62.0,63.0,64.0,1849
2026-09-27T05:44:28+09:00,gpu-2h,63.0,64.0,64.0,1849
2026-09-27T05:44:33+09:00,gpu-2h,62.0,64.0,64.0,1856
2026-09-27T05:44:38+09:00,gpu-2h,62.0,63.0,64.0,1886
2026-09-27T05:44:43+09:00,gpu-2h,63.0,62.0,64.0,1895
2026-09-27T05:44:48+09:00,gpu-2h,64.0,64.0,64.0,1899
2026-09-27T05:44:53+09:00,gpu-2h,61.0,64.0,64.0,1899
2026-09-27T05:44:58+09:00,gpu-2h,63.0,63.0,64.0,1899
2026-09-27T05:45:03+09:00,gpu-2h,62.0,62.0,64.0,1899
2026-09-27T05:45:08+09:00,gpu-2h,62.0,64.0,64.0,1899
2026-09-27T05:45:13+09:00,gpu-2h,61.0,64.0,65.0,1899
2026-09-27T05:45:18+09:00,gpu-2h,63.0,64.0,64.0,1900
2026-09-27T05:45:23+09:00,gpu-2h,62.0,62.0,64.0,1899
2026-09-27T05:45:28+09:00,gpu-2h,61.0,64.0,64.0,1899
2026-09-27T05:45:33+09:00,gpu-2h,62.0,64.0,64.0,1899
2026-09-27T05:45:38+09:00,gpu-2h,62.0,64.0,64.0,1899
2026-09-27T05:45:43+09:00,gpu-2h,62.0,63.0,64.0,1899
2026-09-27T05:45:48+09:00,gpu-2h,62.0,64.0,64.0,1899
2026-09-27T05:45:53+09:00,gpu-2h,61.0,64.0,64.0,1899
2026-09-27T05:45:58+09:00,gpu-2h,61.0,62.0,64.0,1899
2026-09-27T05:46:04+09:00,gpu-2h,62.0,63.0,64.0,1899
2026-09-27T05:46:09+09:00,gpu-2h,61.0,63.0,64.0,1899
2026-09-27T05:46:14+09:00,gpu-2h,61.0,64.0,64.0,1899
2026-09-27T05:46:19+09:00,gpu-2h,61.0,63.0,64.0,1899
2026-09-27T05:46:24+09:00,gpu-2h,63.0,63.0,64.0,1898
2026-09-27T05:46:29+09:00,gpu-2h,63.0,63.0,64.0,1899
2026-09-27T05:46:34+09:00,gpu-2h,61.0,64.0,64.0,1899
2026-09-27T05:46:39+09:00,gpu-2h,61.0,63.0,64.0,1899
2026-09-27T05:46:44+09:00,gpu-2h,61.0,63.0,64.0,1899
2026-09-27T05:46:49+09:00,gpu-2h,61.0,63.0,64.0,1899
2026-09-27T05:46:54+09:00,gpu-2h,62.0,64.0,64.0,1899
2026-09-27T05:46:59+09:00,gpu-2h,61.0,64.0,64.0,1899
2026-09-27T05:47:04+09:00,gpu-2h,61.0,62.0,64.0,1898
2026-09-27T05:47:09+09:00,gpu-2h,63.0,63.0,64.0,1899
2026-09-27T05:47:14+09:00,gpu-2h,61.0,64.0,64.0,1899
2026-09-27T05:47:19+09:00,gpu-2h,62.0,64.0,64.0,1899
2026-09-27T05:47:24+09:00,gpu-2h,62.0,62.0,64.0,1899
2026-09-27T05:47:29+09:00,gpu-2h,61.0,64.0,64.0,1899
2026-09-27T05:47:34+09:00,gpu-2h,61.0,64.0,64.0,1899
2026-09-27T05:47:39+09:00,gpu-2h,62.0,64.0,64.0,1899
2026-09-27T05:47:44+09:00,gpu-2h,64.0,63.0,64.0,1898
2026-09-27T05:47:49+09:00,gpu-2h,61.0,63.0,64.0,1900
2026-09-27T05:47:54+09:00,gpu-2h,62.0,64.0,64.0,1899
2026-09-27T05:47:59+09:00,gpu-2h,62.0,64.0,64.0,1899
2026-09-27T05:48:04+09:00,gpu-2h,62.0,62.0,64.0,1900
2026-09-27T05:48:09+09:00,gpu-2h,62.0,62.0,64.0,1893
2026-09-27T05:48:14+09:00,gpu-2h,61.0,64.0,64.0,1880
2026-09-27T05:48:19+09:00,gpu-2h,61.0,64.0,64.0,1869
2026-09-27T05:48:24+09:00,gpu-2h,62.0,63.0,64.0,1874
2026-09-27T05:48:29+09:00,gpu-2h,61.0,62.0,64.0,1893
2026-09-27T05:48:34+09:00,gpu-2h,62.0,64.0,64.0,1884
2026-09-27T05:48:39+09:00,gpu-2h,61.0,64.0,64.0,1879
2026-09-27T05:48:44+09:00,gpu-2h,63.0,62.0,64.0,1866
2026-09-27T05:48:49+09:00,gpu-2h,67.0,63.0,64.0,1854
2026-09-27T05:48:55+09:00,gpu-2h,63.0,64.0,64.0,1872
2026-09-27T05:49:00+09:00,gpu-2h,61.0,64.0,64.0,1894
2026-09-27T05:49:05+09:00,gpu-2h,63.0,62.0,64.0,1889
2026-09-27T05:49:10+09:00,gpu-2h,61.0,63.0,64.0,1879
2026-09-27T05:49:15+09:00,gpu-2h,62.0,64.0,64.0,1874
2026-09-27T05:49:20+09:00,gpu-2h,61.0,64.0,64.0,1890
2026-09-27T05:49:25+09:00,gpu-2h,61.0,62.0,64.0,1898
2026-09-27T05:49:30+09:00,gpu-2h,61.0,64.0,64.0,1894
2026-09-27T05:49:35+09:00,gpu-2h,62.0,64.0,64.0,1888
2026-09-27T05:49:40+09:00,gpu-2h,62.0,64.0,64.0,1895
2026-09-27T05:49:45+09:00,gpu-2h,61.0,62.0,64.0,1899
2026-09-27T05:49:50+09:00,gpu-2h,62.0,64.0,64.0,1893
2026-09-27T05:49:55+09:00,gpu-2h,62.0,64.0,64.0,1879
2026-09-27T05:50:00+09:00,gpu-2h,61.0,64.0,64.0,1860
2026-09-27T05:50:05+09:00,gpu-2h,64.0,62.0,64.0,1851
2026-09-27T05:50:10+09:00,gpu-2h,61.0,64.0,64.0,1860
2026-09-27T05:50:15+09:00,gpu-2h,64.0,64.0,64.0,1888
2026-09-27T05:50:20+09:00,gpu-2h,62.0,64.0,64.0,1898
2026-09-27T05:50:25+09:00,gpu-2h,61.0,63.0,64.0,1898
2026-09-27T05:50:30+09:00,gpu-2h,61.0,64.0,64.0,1899
2026-09-27T05:50:35+09:00,gpu-2h,63.0,63.0,64.0,1900
2026-09-27T05:50:40+09:00,gpu-2h,62.0,64.0,64.0,1901
2026-09-27T05:50:45+09:00,gpu-2h,61.0,63.0,64.0,1899
2026-09-27T05:50:50+09:00,gpu-2h,61.0,64.0,64.0,1899
2026-09-27T05:50:55+09:00,gpu-2h,62.0,63.0,64.0,1891
2026-09-27T05:51:00+09:00,gpu-2h,61.0,64.0,64.0,1879
2026-09-27T05:51:05+09:00,gpu-2h,62.0,64.0,64.0,1875
2026-09-27T05:51:10+09:00,gpu-2h,62.0,64.0,64.0,1874
2026-09-27T05:51:15+09:00,gpu-2h,63.0,63.0,64.0,1874
2026-09-27T05:51:20+09:00,gpu-2h,61.0,64.0,64.0,1874
2026-09-27T05:51:25+09:00,gpu-2h,62.0,64.0,64.0,1868
2026-09-27T05:51:30+09:00,gpu-2h,61.0,64.0,64.0,1856
2026-09-27T05:51:35+09:00,gpu-2h,62.0,63.0,64.0,1849
2026-09-27T05:51:40+09:00,gpu-2h,61.0,64.0,64.0,1849
2026-09-27T05:51:45+09:00,gpu-2h,61.0,64.0,64.0,1849
2026-09-27T05:51:50+09:00,gpu-2h,62.0,64.0,64.0,1849
2026-09-27T05:51:56+09:00,gpu-2h,66.0,63.0,63.0,1850
2026-09-27T05:52:01+09:00,gpu-2h,61.0,64.0,64.0,1877
2026-09-27T05:52:06+09:00,gpu-2h,61.0,64.0,64.0,1894
2026-09-27T05:52:11+09:00,gpu-2h,62.0,64.0,64.0,1894
2026-09-27T05:52:16+09:00,gpu-2h,63.0,63.0,63.0,1888
2026-09-27T05:52:21+09:00,gpu-2h,62.0,64.0,64.0,1895
2026-09-27T05:52:26+09:00,gpu-2h,61.0,64.0,64.0,1898
2026-09-27T05:52:31+09:00,gpu-2h,61.0,64.0,64.0,1896
2026-09-27T05:52:36+09:00,gpu-2h,62.0,63.0,63.0,1881
2026-09-27T05:52:41+09:00,gpu-2h,61.0,64.0,64.0,1876
2026-09-27T05:52:46+09:00,gpu-2h,63.0,64.0,64.0,1891
2026-09-27T05:52:51+09:00,gpu-2h,61.0,64.0,64.0,1898
2026-09-27T05:52:56+09:00,gpu-2h,61.0,62.0,64.0,1898
2026-09-27T05:53:01+09:00,gpu-2h,62.0,64.0,64.0,1898
2026-09-27T05:53:06+09:00,gpu-2h,63.0,64.0,64.0,1886
2026-09-27T05:53:11+09:00,gpu-2h,61.0,64.0,64.0,1895
2026-09-27T05:53:16+09:00,gpu-2h,62.0,63.0,64.0,1898
2026-09-27T05:53:21+09:00,gpu-2h,62.0,64.0,64.0,1899
2026-09-27T05:53:26+09:00,gpu-2h,62.0,63.0,64.0,1898
2026-09-27T05:53:31+09:00,gpu-2h,61.0,64.0,64.0,1899
2026-09-27T05:53:36+09:00,gpu-2h,62.0,62.0,64.0,1893
2026-09-27T05:53:41+09:00,gpu-2h,61.0,64.0,64.0,1879
2026-09-27T05:53:46+09:00,gpu-2h,61.0,63.0,64.0,1874
2026-09-27T05:53:51+09:00,gpu-2h,61.0,64.0,64.0,1874
2026-09-27T05:53:56+09:00,gpu-2h,61.0,63.0,64.0,1882
2026-09-27T05:54:01+09:00,gpu-2h,61.0,64.0,64.0,1894
2026-09-27T05:54:06+09:00,gpu-2h,61.0,63.0,64.0,1895
2026-09-27T05:54:11+09:00,gpu-2h,62.0,64.0,64.0,1879
2026-09-27T05:54:16+09:00,gpu-2h,61.0,63.0,64.0,1860
2026-09-27T05:54:21+09:00,gpu-2h,61.0,64.0,64.0,1851
2026-09-27T05:54:26+09:00,gpu-2h,63.0,63.0,64.0,1849
2026-09-27T05:54:31+09:00,gpu-2h,61.0,64.0,64.0,1849
2026-09-27T05:54:36+09:00,gpu-2h,61.0,64.0,64.0,1849
2026-09-27T05:54:41+09:00,gpu-2h,64.0,64.0,64.0,1849
2026-09-27T05:54:46+09:00,gpu-2h,65.0,63.0,64.0,1850
2026-09-27T05:54:51+09:00,gpu-2h,61.0,64.0,64.0,1879
2026-09-27T05:54:56+09:00,gpu-2h,61.0,64.0,64.0,1894
2026-09-27T05:55:02+09:00,gpu-2h,66.0,64.0,64.0,1888
2026-09-27T05:55:07+09:00,gpu-2h,61.0,63.0,64.0,1892
2026-09-27T05:55:12+09:00,gpu-2h,61.0,64.0,64.0,1898
2026-09-27T05:55:17+09:00,gpu-2h,61.0,63.0,64.0,1899
2026-09-27T05:55:22+09:00,gpu-2h,62.0,64.0,64.0,1899
2026-09-27T05:55:27+09:00,gpu-2h,62.0,64.0,64.0,1894
2026-09-27T05:55:32+09:00,gpu-2h,61.0,64.0,64.0,1879
2026-09-27T05:55:37+09:00,gpu-2h,61.0,63.0,64.0,1860
2026-09-27T05:55:42+09:00,gpu-2h,62.0,64.0,64.0,1850
2026-09-27T05:55:47+09:00,gpu-2h,62.0,63.0,64.0,1851
2026-09-27T05:55:52+09:00,gpu-2h,62.0,64.0,64.0,1849
2026-09-27T05:55:57+09:00,gpu-2h,62.0,64.0,64.0,1850
2026-09-27T05:56:02+09:00,gpu-2h,62.0,64.0,64.0,1849
2026-09-27T05:56:07+09:00,gpu-2h,61.0,63.0,64.0,1849
2026-09-27T05:56:12+09:00,gpu-2h,61.0,64.0,64.0,1854
2026-09-27T05:56:17+09:00,gpu-2h,61.0,64.0,64.0,1883
2026-09-27T05:56:22+09:00,gpu-2h,63.0,64.0,64.0,1896
2026-09-27T05:56:27+09:00,gpu-2h,61.0,62.0,64.0,1899
2026-09-27T05:56:32+09:00,gpu-2h,62.0,64.0,64.0,1897
2026-09-27T05:56:37+09:00,gpu-2h,62.0,64.0,64.0,1883
2026-09-27T05:56:42+09:00,gpu-2h,63.0,64.0,64.0,1877
2026-09-27T05:56:47+09:00,gpu-2h,62.0,62.0,64.0,1860
2026-09-27T05:56:52+09:00,gpu-2h,62.0,64.0,64.0,1853
2026-09-27T05:56:57+09:00,gpu-2h,61.0,64.0,64.0,1849
2026-09-27T05:57:02+09:00,gpu-2h,64.0,64.0,64.0,1849
2026-09-27T05:57:07+09:00,gpu-2h,62.0,62.0,64.0,1849
2026-09-27T05:57:12+09:00,gpu-2h,62.0,64.0,64.0,1849
2026-09-27T05:57:17+09:00,gpu-2h,61.0,64.0,64.0,1849
2026-09-27T05:57:22+09:00,gpu-2h,62.0,64.0,64.0,1849
2026-09-27T05:57:27+09:00,gpu-2h,61.0,63.0,64.0,1849
2026-09-27T05:57:32+09:00,gpu-2h,62.0,64.0,64.0,1874
2026-09-27T05:57:37+09:00,gpu-2h,61.0,64.0,64.0,1893
2026-09-27T05:57:42+09:00,gpu-2h,63.0,62.0,64.0,1898
2026-09-27T05:57:47+09:00,gpu-2h,62.0,63.0,64.0,1898
2026-09-27T05:57:52+09:00,gpu-2h,63.0,64.0,64.0,1900
2026-09-27T05:57:57+09:00,gpu-2h,61.0,64.0,64.0,1884
2026-09-27T05:58:03+09:00,gpu-2h,63.0,63.0,64.0,1868
2026-09-27T05:58:08+09:00,gpu-2h,61.0,63.0,64.0,1854
2026-09-27T05:58:13+09:00,gpu-2h,61.0,63.0,64.0,1849
2026-09-27T05:58:18+09:00,gpu-2h,61.0,64.0,64.0,1850
2026-09-27T05:58:23+09:00,gpu-2h,61.0,63.0,64.0,1849
2026-09-27T05:58:28+09:00,gpu-2h,61.0,63.0,64.0,1849
2026-09-27T05:58:33+09:00,gpu-2h,61.0,63.0,64.0,1850
2026-09-27T05:58:38+09:00,gpu-2h,62.0,64.0,64.0,1849
2026-09-27T05:58:43+09:00,gpu-2h,61.0,63.0,64.0,1849
2026-09-27T05:58:48+09:00,gpu-2h,62.0,63.0,64.0,1849
2026-09-27T05:58:53+09:00,gpu-2h,62.0,64.0,64.0,1848
2026-09-27T05:58:58+09:00,gpu-2h,62.0,64.0,64.0,1849
2026-09-27T05:59:03+09:00,gpu-2h,65.0,63.0,63.0,1849
2026-09-27T05:59:08+09:00,gpu-2h,62.0,63.0,64.0,1876
2026-09-27T05:59:13+09:00,gpu-2h,65.0,64.0,64.0,1893
2026-09-27T05:59:18+09:00,gpu-2h,61.0,64.0,64.0,1898
2026-09-27T05:59:23+09:00,gpu-2h,62.0,63.0,63.0,1898
2026-09-27T05:59:28+09:00,gpu-2h,62.0,63.0,64.0,1886
2026-09-27T05:59:33+09:00,gpu-2h,63.0,63.0,64.0,1878
2026-09-27T05:59:38+09:00,gpu-2h,61.0,64.0,64.0,1860
2026-09-27T05:59:43+09:00,gpu-2h,63.0,63.0,64.0,1852
2026-09-27T05:59:48+09:00,gpu-2h,61.0,63.0,64.0,1850
2026-09-27T05:59:53+09:00,gpu-2h,62.0,63.0,64.0,1848
2026-09-27T05:59:58+09:00,gpu-2h,61.0,64.0,64.0,1850
2026-09-27T06:00:03+09:00,gpu-2h,62.0,62.0,63.0,1862
2026-09-27T06:00:08+09:00,gpu-2h,62.0,63.0,64.0,1890
2026-09-27T06:00:13+09:00,gpu-2h,62.0,63.0,64.0,1897
2026-09-27T06:00:18+09:00,gpu-2h,61.0,64.0,64.0,1897
2026-09-27T06:00:23+09:00,gpu-2h,61.0,63.0,63.0,1899
2026-09-27T06:00:28+09:00,gpu-2h,61.0,63.0,64.0,1885
2026-09-27T06:00:33+09:00,gpu-2h,61.0,64.0,64.0,1862
2026-09-27T06:00:38+09:00,gpu-2h,62.0,64.0,64.0,1853
2026-09-27T06:00:43+09:00,gpu-2h,62.0,63.0,63.0,1851
2026-09-27T06:00:48+09:00,gpu-2h,63.0,63.0,64.0,1849
2026-09-27T06:00:53+09:00,gpu-2h,63.0,63.0,64.0,1850
2026-09-27T06:00:59+09:00,gpu-2h,62.0,64.0,64.0,1849
2026-09-27T06:01:04+09:00,gpu-2h,61.0,62.0,64.0,1864
2026-09-27T06:01:09+09:00,gpu-2h,61.0,63.0,64.0,1890
2026-09-27T06:01:14+09:00,gpu-2h,62.0,63.0,64.0,1897
2026-09-27T06:01:19+09:00,gpu-2h,61.0,64.0,64.0,1884
2026-09-27T06:01:24+09:00,gpu-2h,61.0,63.0,64.0,1869
2026-09-27T06:01:29+09:00,gpu-2h,61.0,63.0,64.0,1855
2026-09-27T06:01:34+09:00,gpu-2h,62.0,63.0,64.0,1850
2026-09-27T06:01:39+09:00,gpu-2h,61.0,64.0,64.0,1850
2026-09-27T06:01:44+09:00,gpu-2h,61.0,62.0,64.0,1849
2026-09-27T06:01:49+09:00,gpu-2h,62.0,63.0,64.0,1849
2026-09-27T06:01:54+09:00,gpu-2h,61.0,63.0,64.0,1848
2026-09-27T06:01:59+09:00,gpu-2h,61.0,64.0,64.0,1849
2026-09-27T06:02:04+09:00,gpu-2h,61.0,62.0,64.0,1849
2026-09-27T06:02:09+09:00,gpu-2h,62.0,63.0,64.0,1849
2026-09-27T06:02:14+09:00,gpu-2h,63.0,64.0,64.0,1848
2026-09-27T06:02:19+09:00,gpu-2h,61.0,64.0,64.0,1850
2026-09-27T06:02:24+09:00,gpu-2h,62.0,62.0,64.0,1848
2026-09-27T06:02:29+09:00,gpu-2h,62.0,63.0,64.0,1848
2026-09-27T06:02:34+09:00,gpu-2h,61.0,63.0,64.0,1849
2026-09-27T06:02:39+09:00,gpu-2h,61.0,64.0,64.0,1849
2026-09-27T06:02:44+09:00,gpu-2h,61.0,63.0,64.0,1849
2026-09-27T06:02:49+09:00,gpu-2h,61.0,63.0,64.0,1849
2026-09-27T06:02:54+09:00,gpu-2h,61.0,63.0,63.0,1849
2026-09-27T06:02:59+09:00,gpu-2h,61.0,64.0,64.0,1849
2026-09-27T06:03:04+09:00,gpu-2h,61.0,64.0,64.0,1850
2026-09-27T06:03:09+09:00,gpu-2h,62.0,63.0,64.0,1849
2026-09-27T06:03:14+09:00,gpu-2h,62.0,63.0,64.0,1878
2026-09-27T06:03:19+09:00,gpu-2h,62.0,64.0,64.0,1881
2026-09-27T06:03:24+09:00,gpu-2h,61.0,64.0,64.0,1877
2026-09-27T06:03:29+09:00,gpu-2h,62.0,63.0,64.0,1875
2026-09-27T06:03:34+09:00,gpu-2h,62.0,63.0,64.0,1873
2026-09-27T06:03:39+09:00,gpu-2h,62.0,64.0,64.0,1873
2026-09-27T06:03:44+09:00,gpu-2h,61.0,64.0,64.0,1859
2026-09-27T06:03:49+09:00,gpu-2h,62.0,63.0,64.0,1852
2026-09-27T06:03:55+09:00,gpu-2h,63.0,62.0,63.0,1851
2026-09-27T06:04:00+09:00,gpu-2h,62.0,64.0,64.0,1849
2026-09-27T06:04:05+09:00,gpu-2h,62.0,64.0,64.0,1860
2026-09-27T06:04:10+09:00,gpu-2h,63.0,62.0,64.0,1888
2026-09-27T06:04:15+09:00,gpu-2h,62.0,63.0,63.0,1897
2026-09-27T06:04:20+09:00,gpu-2h,61.0,64.0,64.0,1887
2026-09-27T06:04:25+09:00,gpu-2h,61.0,64.0,64.0,1878
2026-09-27T06:04:30+09:00,gpu-2h,63.0,62.0,64.0,1873
2026-09-27T06:04:35+09:00,gpu-2h,60.0,63.0,63.0,1860
2026-09-27T06:04:40+09:00,gpu-2h,61.0,64.0,64.0,1853
2026-09-27T06:04:45+09:00,gpu-2h,61.0,64.0,64.0,1879
2026-09-27T06:04:50+09:00,gpu-2h,61.0,62.0,64.0,1895
2026-09-27T06:04:55+09:00,gpu-2h,61.0,62.0,63.0,1897
2026-09-27T06:05:00+09:00,gpu-2h,62.0,64.0,64.0,1888
2026-09-27T06:05:05+09:00,gpu-2h,61.0,64.0,64.0,1872
2026-09-27T06:05:10+09:00,gpu-2h,62.0,62.0,64.0,1857
2026-09-27T06:05:15+09:00,gpu-2h,64.0,62.0,64.0,1850
2026-09-27T06:05:20+09:00,gpu-2h,61.0,64.0,64.0,1851
2026-09-27T06:05:25+09:00,gpu-2h,62.0,64.0,64.0,1849
2026-09-27T06:05:30+09:00,gpu-2h,64.0,62.0,63.0,1849
2026-09-27T06:05:35+09:00,gpu-2h,64.0,61.0,64.0,1848
2026-09-27T06:05:40+09:00,gpu-2h,61.0,64.0,64.0,1850
2026-09-27T06:05:45+09:00,gpu-2h,61.0,64.0,64.0,1850
2026-09-27T06:05:50+09:00,gpu-2h,62.0,62.0,64.0,1848
2026-09-27T06:05:55+09:00,gpu-2h,62.0,61.0,64.0,1849
2026-09-27T06:06:00+09:00,gpu-2h,61.0,64.0,64.0,1851
2026-09-27T06:06:05+09:00,gpu-2h,61.0,64.0,64.0,1849
2026-09-27T06:06:10+09:00,gpu-2h,61.0,63.0,64.0,1849
2026-09-27T06:06:15+09:00,gpu-2h,61.0,62.0,64.0,1849
2026-09-27T06:06:20+09:00,gpu-2h,61.0,64.0,64.0,1850
2026-09-27T06:06:25+09:00,gpu-2h,61.0,64.0,64.0,1880
2026-09-27T06:06:30+09:00,gpu-2h,61.0,62.0,64.0,1896
2026-09-27T06:06:35+09:00,gpu-2h,61.0,62.0,64.0,1898
2026-09-27T06:06:40+09:00,gpu-2h,62.0,64.0,64.0,1900
2026-09-27T06:06:45+09:00,gpu-2h,61.0,64.0,64.0,1881
2026-09-27T06:06:51+09:00,gpu-2h,63.0,62.0,63.0,1859
2026-09-27T06:06:56+09:00,gpu-2h,61.0,62.0,64.0,1852
2026-09-27T06:07:01+09:00,gpu-2h,62.0,63.0,64.0,1875
2026-09-27T06:07:06+09:00,gpu-2h,62.0,64.0,64.0,1891
2026-09-27T06:07:11+09:00,gpu-2h,63.0,63.0,63.0,1880
2026-09-27T06:07:16+09:00,gpu-2h,61.0,62.0,64.0,1863
2026-09-27T06:07:21+09:00,gpu-2h,61.0,63.0,64.0,1853
2026-09-27T06:07:26+09:00,gpu-2h,61.0,64.0,64.0,1849
2026-09-27T06:07:31+09:00,gpu-2h,62.0,62.0,64.0,1848
2026-09-27T06:07:36+09:00,gpu-2h,61.0,62.0,64.0,1849
2026-09-27T06:07:41+09:00,gpu-2h,61.0,63.0,63.0,1849
2026-09-27T06:07:46+09:00,gpu-2h,62.0,64.0,64.0,1848
2026-09-27T06:07:51+09:00,gpu-2h,62.0,63.0,64.0,1850
2026-09-27T06:07:56+09:00,gpu-2h,61.0,62.0,64.0,1849
2026-09-27T06:08:01+09:00,gpu-2h,62.0,64.0,64.0,1849
2026-09-27T06:08:06+09:00,gpu-2h,61.0,64.0,64.0,1850
2026-09-27T06:08:11+09:00,gpu-2h,61.0,63.0,64.0,1862
2026-09-27T06:08:16+09:00,gpu-2h,62.0,62.0,64.0,1889
2026-09-27T06:08:21+09:00,gpu-2h,61.0,62.0,63.0,1897
2026-09-27T06:08:26+09:00,gpu-2h,61.0,64.0,64.0,1885
2026-09-27T06:08:31+09:00,gpu-2h,62.0,64.0,64.0,1877
2026-09-27T06:08:36+09:00,gpu-2h,62.0,62.0,64.0,1864
2026-09-27T06:08:41+09:00,gpu-2h,61.0,63.0,63.0,1854
2026-09-27T06:08:46+09:00,gpu-2h,61.0,63.0,64.0,1848
2026-09-27T06:08:51+09:00,gpu-2h,61.0,64.0,64.0,1850
2026-09-27T06:08:56+09:00,gpu-2h,62.0,62.0,64.0,1849
2026-09-27T06:09:01+09:00,gpu-2h,61.0,62.0,64.0,1849
2026-09-27T06:09:06+09:00,gpu-2h,62.0,64.0,64.0,1872
2026-09-27T06:09:11+09:00,gpu-2h,62.0,64.0,64.0,1889
2026-09-27T06:09:16+09:00,gpu-2h,62.0,63.0,64.0,1879
2026-09-27T06:09:21+09:00,gpu-2h,61.0,62.0,64.0,1867
2026-09-27T06:09:26+09:00,gpu-2h,61.0,64.0,64.0,1855
2026-09-27T06:09:31+09:00,gpu-2h,61.0,64.0,64.0,1851
2026-09-27T06:09:36+09:00,gpu-2h,65.0,62.0,64.0,1849
2026-09-27T06:09:41+09:00,gpu-2h,61.0,62.0,64.0,1877
2026-09-27T06:09:47+09:00,gpu-2h,62.0,64.0,64.0,1894
2026-09-27T06:09:52+09:00,gpu-2h,61.0,64.0,64.0,1897
2026-09-27T06:09:57+09:00,gpu-2h,61.0,62.0,64.0,1901
2026-09-27T06:10:02+09:00,gpu-2h,61.0,62.0,64.0,1880
2026-09-27T06:10:07+09:00,gpu-2h,62.0,64.0,64.0,1859
2026-09-27T06:10:12+09:00,gpu-2h,61.0,64.0,64.0,1852
2026-09-27T06:10:17+09:00,gpu-2h,61.0,62.0,63.0,1848
2026-09-27T06:10:22+09:00,gpu-2h,61.0,62.0,64.0,1865
2026-09-27T06:10:27+09:00,gpu-2h,61.0,64.0,64.0,1890
2026-09-27T06:10:32+09:00,gpu-2h,62.0,64.0,64.0,1897
2026-09-27T06:10:37+09:00,gpu-2h,62.0,62.0,63.0,1893
2026-09-27T06:10:42+09:00,gpu-2h,62.0,62.0,64.0,1864
2026-09-27T06:10:47+09:00,gpu-2h,64.0,63.0,64.0,1854
2026-09-27T06:10:52+09:00,gpu-2h,60.0,64.0,64.0,1848
2026-09-27T06:10:57+09:00,gpu-2h,63.0,62.0,63.0,1850
2026-09-27T06:11:02+09:00,gpu-2h,61.0,64.0,64.0,1848
2026-09-27T06:11:07+09:00,gpu-2h,62.0,63.0,63.0,1849
2026-09-27T06:11:12+09:00,gpu-2h,61.0,63.0,64.0,1850
2026-09-27T06:11:17+09:00,gpu-2h,62.0,62.0,63.0,1851
2026-09-27T06:11:22+09:00,gpu-2h,62.0,63.0,64.0,1850
2026-09-27T06:11:27+09:00,gpu-2h,61.0,63.0,63.0,1849
2026-09-27T06:11:32+09:00,gpu-2h,61.0,64.0,64.0,1850
2026-09-27T06:11:37+09:00,gpu-2h,60.0,62.0,63.0,1850
2026-09-27T06:11:42+09:00,gpu-2h,61.0,64.0,64.0,1851
2026-09-27T06:11:47+09:00,gpu-2h,63.0,62.0,63.0,1848
2026-09-27T06:11:52+09:00,gpu-2h,61.0,64.0,64.0,1849
2026-09-27T06:11:57+09:00,gpu-2h,61.0,63.0,64.0,1849
2026-09-27T06:12:02+09:00,gpu-2h,61.0,63.0,64.0,1850
2026-09-27T06:12:07+09:00,gpu-2h,62.0,62.0,63.0,1849
2026-09-27T06:12:12+09:00,gpu-2h,62.0,63.0,64.0,1849
2026-09-27T06:12:17+09:00,gpu-2h,62.0,63.0,64.0,1850
2026-09-27T06:12:22+09:00,gpu-2h,61.0,63.0,63.0,1850
2026-09-27T06:12:27+09:00,gpu-2h,63.0,62.0,63.0,1851
2026-09-27T06:12:32+09:00,gpu-2h,61.0,64.0,64.0,1849
2026-09-27T06:12:37+09:00,gpu-2h,62.0,63.0,64.0,1850
2026-09-27T06:12:42+09:00,gpu-2h,61.0,64.0,64.0,1849
2026-09-27T06:12:48+09:00,gpu-2h,61.0,63.0,63.0,1850
2026-09-27T06:12:53+09:00,gpu-2h,61.0,64.0,64.0,1850
2026-09-27T06:12:58+09:00,gpu-2h,61.0,63.0,64.0,1859
2026-09-27T06:13:03+09:00,gpu-2h,62.0,63.0,64.0,1886
2026-09-27T06:13:08+09:00,gpu-2h,61.0,63.0,63.0,1870
2026-09-27T06:13:13+09:00,gpu-2h,61.0,64.0,64.0,1855
2026-09-27T06:13:18+09:00,gpu-2h,62.0,63.0,64.0,1851
2026-09-27T06:13:23+09:00,gpu-2h,61.0,63.0,64.0,1850
2026-09-27T06:13:28+09:00,gpu-2h,61.0,62.0,64.0,1849
2026-09-27T06:13:33+09:00,gpu-2h,62.0,63.0,64.0,1849
2026-09-27T06:13:38+09:00,gpu-2h,61.0,63.0,64.0,1850
2026-09-27T06:13:43+09:00,gpu-2h,61.0,64.0,64.0,1850
2026-09-27T06:13:48+09:00,gpu-2h,62.0,62.0,64.0,1851
2026-09-27T06:13:53+09:00,gpu-2h,62.0,64.0,64.0,1848
2026-09-27T06:13:58+09:00,gpu-2h,61.0,63.0,64.0,1848
2026-09-27T06:14:03+09:00,gpu-2h,61.0,64.0,64.0,1850
2026-09-27T06:14:08+09:00,gpu-2h,61.0,62.0,64.0,1848
2026-09-27T06:14:13+09:00,gpu-2h,61.0,63.0,64.0,1850
2026-09-27T06:14:18+09:00,gpu-2h,61.0,63.0,64.0,1849
2026-09-27T06:14:23+09:00,gpu-2h,61.0,63.0,64.0,1849
2026-09-27T06:14:28+09:00,gpu-2h,61.0,62.0,64.0,1848
2026-09-27T06:14:33+09:00,gpu-2h,61.0,64.0,64.0,1848
2026-09-27T06:14:38+09:00,gpu-2h,62.0,63.0,64.0,1850
2026-09-27T06:14:43+09:00,gpu-2h,61.0,63.0,64.0,1850
2026-09-27T06:14:48+09:00,gpu-2h,61.0,64.0,64.0,1849
2026-09-27T06:14:53+09:00,gpu-2h,62.0,63.0,64.0,1850
2026-09-27T06:14:58+09:00,gpu-2h,61.0,62.0,64.0,1849
2026-09-27T06:15:03+09:00,gpu-2h,62.0,63.0,64.0,1850
2026-09-27T06:15:08+09:00,gpu-2h,61.0,64.0,64.0,1850
2026-09-27T06:15:13+09:00,gpu-2h,64.0,63.0,64.0,1848
2026-09-27T06:15:18+09:00,gpu-2h,62.0,62.0,64.0,1848
2026-09-27T06:15:23+09:00,gpu-2h,61.0,63.0,64.0,1849
2026-09-27T06:15:28+09:00,gpu-2h,60.0,64.0,64.0,1850
2026-09-27T06:15:33+09:00,gpu-2h,61.0,63.0,63.0,1849
2026-09-27T06:15:38+09:00,gpu-2h,62.0,62.0,64.0,1848
2026-09-27T06:15:43+09:00,gpu-2h,62.0,63.0,63.0,1849
2026-09-27T06:15:49+09:00,gpu-2h,61.0,64.0,64.0,1849
2026-09-27T06:15:54+09:00,gpu-2h,62.0,63.0,63.0,1850
2026-09-27T06:15:59+09:00,gpu-2h,62.0,62.0,64.0,1849
2026-09-27T06:16:04+09:00,gpu-2h,62.0,63.0,63.0,1850
2026-09-27T06:16:09+09:00,gpu-2h,62.0,63.0,64.0,1849
2026-09-27T06:16:14+09:00,gpu-2h,62.0,63.0,63.0,1850
2026-09-27T06:16:19+09:00,gpu-2h,61.0,62.0,63.0,1850
2026-09-27T06:16:24+09:00,gpu-2h,61.0,63.0,63.0,1849
2026-09-27T06:16:29+09:00,gpu-2h,61.0,64.0,64.0,1855
2026-09-27T06:16:34+09:00,gpu-2h,64.0,63.0,63.0,1885
2026-09-27T06:16:39+09:00,gpu-2h,61.0,62.0,64.0,1896
2026-09-27T06:16:44+09:00,gpu-2h,61.0,63.0,63.0,1875
2026-09-27T06:16:49+09:00,gpu-2h,60.0,63.0,64.0,1858
2026-09-27T06:16:54+09:00,gpu-2h,62.0,62.0,63.0,1852
2026-09-27T06:16:59+09:00,gpu-2h,61.0,62.0,63.0,1851
2026-09-27T06:17:04+09:00,gpu-2h,61.0,63.0,63.0,1850
2026-09-27T06:17:09+09:00,gpu-2h,61.0,63.0,64.0,1850
2026-09-27T06:17:14+09:00,gpu-2h,61.0,62.0,63.0,1850
2026-09-27T06:17:19+09:00,gpu-2h,62.0,62.0,64.0,1848
2026-09-27T06:17:24+09:00,gpu-2h,62.0,63.0,64.0,1850
2026-09-27T06:17:29+09:00,gpu-2h,61.0,64.0,64.0,1858
2026-09-27T06:17:34+09:00,gpu-2h,61.0,62.0,63.0,1887
2026-09-27T06:17:39+09:00,gpu-2h,62.0,62.0,64.0,1886
2026-09-27T06:17:44+09:00,gpu-2h,62.0,63.0,63.0,1869
2026-09-27T06:17:49+09:00,gpu-2h,61.0,64.0,64.0,1862
2026-09-27T06:17:54+09:00,gpu-2h,61.0,63.0,63.0,1888
2026-09-27T06:17:59+09:00,gpu-2h,61.0,62.0,63.0,1896
2026-09-27T06:18:04+09:00,gpu-2h,63.0,63.0,63.0,1879
2026-09-27T06:18:09+09:00,gpu-2h,61.0,63.0,64.0,1859
2026-09-27T06:18:14+09:00,gpu-2h,63.0,63.0,64.0,1851
2026-09-27T06:18:19+09:00,gpu-2h,62.0,62.0,63.0,1850
2026-09-27T06:18:24+09:00,gpu-2h,65.0,63.0,63.0,1878
2026-09-27T06:18:29+09:00,gpu-2h,61.0,63.0,64.0,1893
2026-09-27T06:18:34+09:00,gpu-2h,62.0,62.0,64.0,1873
2026-09-27T06:18:39+09:00,gpu-2h,61.0,63.0,63.0,1857
2026-09-27T06:18:44+09:00,gpu-2h,61.0,63.0,63.0,1852
2026-09-27T06:18:50+09:00,gpu-2h,61.0,64.0,64.0,1852
2026-09-27T06:18:55+09:00,gpu-2h,61.0,63.0,64.0,1883
2026-09-27T06:19:00+09:00,gpu-2h,61.0,63.0,63.0,1890
2026-09-27T06:19:05+09:00,gpu-2h,64.0,62.0,63.0,1893
2026-09-27T06:19:10+09:00,gpu-2h,61.0,63.0,64.0,1873
2026-09-27T06:19:15+09:00,gpu-2h,62.0,63.0,64.0,1858
2026-09-27T06:19:20+09:00,gpu-2h,63.0,62.0,63.0,1852
2026-09-27T06:19:25+09:00,gpu-2h,61.0,62.0,63.0,1848
2026-09-27T06:19:30+09:00,gpu-2h,61.0,63.0,63.0,1849
2026-09-27T06:19:35+09:00,gpu-2h,61.0,64.0,64.0,1849
2026-09-27T06:19:40+09:00,gpu-2h,61.0,62.0,63.0,1849
2026-09-27T06:19:45+09:00,gpu-2h,62.0,62.0,63.0,1848
2026-09-27T06:19:50+09:00,gpu-2h,61.0,64.0,64.0,1849
2026-09-27T06:19:55+09:00,gpu-2h,60.0,64.0,64.0,1850
2026-09-27T06:20:00+09:00,gpu-2h,63.0,63.0,63.0,1849
2026-09-27T06:20:05+09:00,gpu-2h,61.0,62.0,63.0,1849
2026-09-27T06:20:10+09:00,gpu-2h,61.0,63.0,64.0,1849
2026-09-27T06:20:15+09:00,gpu-2h,62.0,63.0,64.0,1850
2026-09-27T06:20:20+09:00,gpu-2h,61.0,62.0,63.0,1865
2026-09-27T06:20:25+09:00,gpu-2h,61.0,62.0,63.0,1880
2026-09-27T06:20:30+09:00,gpu-2h,61.0,63.0,63.0,1860
2026-09-27T06:20:35+09:00,gpu-2h,61.0,63.0,64.0,1852
2026-09-27T06:20:40+09:00,gpu-2h,65.0,62.0,63.0,1849
2026-09-27T06:20:45+09:00,gpu-2h,66.0,61.0,64.0,1874
2026-09-27T06:20:50+09:00,gpu-2h,61.0,63.0,64.0,1883
2026-09-27T06:20:55+09:00,gpu-2h,60.0,63.0,64.0,1862
2026-09-27T06:21:00+09:00,gpu-2h,61.0,62.0,63.0,1852
2026-09-27T06:21:05+09:00,gpu-2h,61.0,61.0,64.0,1854
2026-09-27T06:21:10+09:00,gpu-2h,61.0,63.0,63.0,1884
2026-09-27T06:21:15+09:00,gpu-2h,61.0,63.0,64.0,1868
2026-09-27T06:21:20+09:00,gpu-2h,65.0,62.0,63.0,1855
2026-09-27T06:21:25+09:00,gpu-2h,62.0,62.0,64.0,1879
2026-09-27T06:21:30+09:00,gpu-2h,60.0,63.0,63.0,1867
2026-09-27T06:21:35+09:00,gpu-2h,61.0,63.0,64.0,1855
2026-09-27T06:21:41+09:00,gpu-2h,61.0,62.0,63.0,1851
2026-09-27T06:21:46+09:00,gpu-2h,62.0,61.0,63.0,1850
2026-09-27T06:21:51+09:00,gpu-2h,62.0,63.0,63.0,1851
2026-09-27T06:21:56+09:00,gpu-2h,61.0,64.0,64.0,1880
2026-09-27T06:22:01+09:00,gpu-2h,63.0,62.0,63.0,1880
2026-09-27T06:22:06+09:00,gpu-2h,61.0,61.0,63.0,1863
2026-09-27T06:22:11+09:00,gpu-2h,61.0,63.0,63.0,1853
2026-09-27T06:22:16+09:00,gpu-2h,61.0,63.0,64.0,1849
2026-09-27T06:22:21+09:00,gpu-2h,61.0,62.0,63.0,1849
2026-09-27T06:22:26+09:00,gpu-2h,61.0,62.0,63.0,1848
2026-09-27T06:22:31+09:00,gpu-2h,60.0,63.0,63.0,1849
2026-09-27T06:22:36+09:00,gpu-2h,62.0,63.0,64.0,1849
2026-09-27T06:22:41+09:00,gpu-2h,60.0,62.0,64.0,1850
2026-09-27T06:22:46+09:00,gpu-2h,62.0,62.0,63.0,1850
2026-09-27T06:22:51+09:00,gpu-2h,61.0,63.0,63.0,1850
2026-09-27T06:22:56+09:00,gpu-2h,62.0,63.0,63.0,1848
2026-09-27T06:23:01+09:00,gpu-2h,62.0,63.0,64.0,1851
2026-09-27T06:23:06+09:00,gpu-2h,61.0,62.0,63.0,1849
2026-09-27T06:23:11+09:00,gpu-2h,64.0,63.0,63.0,1848
2026-09-27T06:23:16+09:00,gpu-2h,60.0,63.0,64.0,1851
2026-09-27T06:23:21+09:00,gpu-2h,62.0,62.0,64.0,1848
2026-09-27T06:23:26+09:00,gpu-2h,62.0,62.0,63.0,1848
2026-09-27T06:23:31+09:00,gpu-2h,63.0,63.0,63.0,1869
2026-09-27T06:23:36+09:00,gpu-2h,61.0,63.0,63.0,1891
2026-09-27T06:23:41+09:00,gpu-2h,61.0,62.0,64.0,1868
2026-09-27T06:23:46+09:00,gpu-2h,62.0,62.0,63.0,1855
2026-09-27T06:23:51+09:00,gpu-2h,61.0,62.0,63.0,1851
2026-09-27T06:23:56+09:00,gpu-2h,61.0,63.0,63.0,1849
2026-09-27T06:24:01+09:00,gpu-2h,61.0,62.0,64.0,1850
2026-09-27T06:24:06+09:00,gpu-2h,61.0,62.0,63.0,1849
2026-09-27T06:24:11+09:00,gpu-2h,61.0,62.0,63.0,1849
2026-09-27T06:24:16+09:00,gpu-2h,61.0,63.0,63.0,1849
2026-09-27T06:24:21+09:00,gpu-2h,61.0,62.0,64.0,1848
2026-09-27T06:24:26+09:00,gpu-2h,61.0,62.0,63.0,1851
2026-09-27T06:24:31+09:00,gpu-2h,61.0,63.0,63.0,1848
2026-09-27T06:24:37+09:00,gpu-2h,61.0,63.0,63.0,1849
2026-09-27T06:24:42+09:00,gpu-2h,61.0,64.0,64.0,1848
2026-09-27T06:24:47+09:00,gpu-2h,62.0,62.0,63.0,1850
2026-09-27T06:24:52+09:00,gpu-2h,61.0,63.0,63.0,1850
2026-09-27T06:24:57+09:00,gpu-2h,62.0,63.0,63.0,1850
2026-09-27T06:25:02+09:00,gpu-2h,61.0,63.0,64.0,1850
2026-09-27T06:25:07+09:00,gpu-2h,62.0,62.0,63.0,1849
2026-09-27T06:25:12+09:00,gpu-2h,63.0,63.0,64.0,1850
2026-09-27T06:25:17+09:00,gpu-2h,61.0,63.0,64.0,1851
2026-09-27T06:25:22+09:00,gpu-2h,61.0,63.0,64.0,1850
2026-09-27T06:25:27+09:00,gpu-2h,63.0,62.0,63.0,1849
2026-09-27T06:25:32+09:00,gpu-2h,62.0,63.0,64.0,1850
2026-09-27T06:25:37+09:00,gpu-2h,61.0,63.0,63.0,1849
2026-09-27T06:25:42+09:00,gpu-2h,61.0,64.0,64.0,1851
2026-09-27T06:25:47+09:00,gpu-2h,62.0,62.0,63.0,1853
2026-09-27T06:25:52+09:00,gpu-2h,61.0,61.0,64.0,1883
2026-09-27T06:25:57+09:00,gpu-2h,63.0,63.0,63.0,1888
2026-09-27T06:26:02+09:00,gpu-2h,61.0,63.0,63.0,1864
2026-09-27T06:26:07+09:00,gpu-2h,62.0,62.0,63.0,1853
2026-09-27T06:26:12+09:00,gpu-2h,61.0,62.0,63.0,1851
2026-09-27T06:26:17+09:00,gpu-2h,62.0,63.0,63.0,1850
2026-09-27T06:26:22+09:00,gpu-2h,61.0,63.0,64.0,1848
2026-09-27T06:26:27+09:00,gpu-2h,62.0,62.0,63.0,1849
2026-09-27T06:26:32+09:00,gpu-2h,64.0,61.0,64.0,1848
2026-09-27T06:26:37+09:00,gpu-2h,63.0,63.0,63.0,1865
2026-09-27T06:26:42+09:00,gpu-2h,61.0,63.0,64.0,1890
2026-09-27T06:26:47+09:00,gpu-2h,62.0,61.0,63.0,1878
2026-09-27T06:26:52+09:00,gpu-2h,61.0,62.0,63.0,1859
2026-09-27T06:26:57+09:00,gpu-2h,62.0,62.0,63.0,1852
2026-09-27T06:27:02+09:00,gpu-2h,61.0,63.0,64.0,1848
2026-09-27T06:27:07+09:00,gpu-2h,61.0,61.0,63.0,1849
2026-09-27T06:27:12+09:00,gpu-2h,61.0,63.0,63.0,1849
2026-09-27T06:27:17+09:00,gpu-2h,60.0,63.0,64.0,1850
2026-09-27T06:27:22+09:00,gpu-2h,61.0,63.0,63.0,1877
2026-09-27T06:27:27+09:00,gpu-2h,62.0,61.0,63.0,1868
2026-09-27T06:27:32+09:00,gpu-2h,61.0,63.0,63.0,1855
2026-09-27T06:27:37+09:00,gpu-2h,62.0,63.0,63.0,1851
2026-09-27T06:27:43+09:00,gpu-2h,62.0,63.0,63.0,1849
2026-09-27T06:27:48+09:00,gpu-2h,62.0,61.0,63.0,1850
2026-09-27T06:27:53+09:00,gpu-2h,62.0,63.0,64.0,1854
2026-09-27T06:27:58+09:00,gpu-2h,61.0,63.0,64.0,1884
2026-09-27T06:28:03+09:00,gpu-2h,61.0,63.0,63.0,1882
2026-09-27T06:28:08+09:00,gpu-2h,65.0,62.0,63.0,1862
2026-09-27T06:28:13+09:00,gpu-2h,61.0,63.0,63.0,1884
2026-09-27T06:28:18+09:00,gpu-2h,62.0,63.0,64.0,1863
2026-09-27T06:28:23+09:00,gpu-2h,60.0,63.0,63.0,1853
2026-09-27T06:28:28+09:00,gpu-2h,64.0,62.0,63.0,1850
2026-09-27T06:28:33+09:00,gpu-2h,61.0,63.0,63.0,1850
2026-09-27T06:28:38+09:00,gpu-2h,62.0,63.0,64.0,1851
2026-09-27T06:28:43+09:00,gpu-2h,64.0,63.0,63.0,1850
2026-09-27T06:28:48+09:00,gpu-2h,61.0,62.0,62.0,1849
2026-09-27T06:28:53+09:00,gpu-2h,61.0,63.0,63.0,1851
2026-09-27T06:28:58+09:00,gpu-2h,61.0,63.0,63.0,1848
2026-09-27T06:29:03+09:00,gpu-2h,61.0,63.0,63.0,1850
2026-09-27T06:29:08+09:00,gpu-2h,61.0,62.0,63.0,1851
2026-09-27T06:29:13+09:00,gpu-2h,61.0,63.0,63.0,1851
2026-09-27T06:29:18+09:00,gpu-2h,61.0,63.0,63.0,1850
2026-09-27T06:29:23+09:00,gpu-2h,62.0,63.0,63.0,1848
2026-09-27T06:29:28+09:00,gpu-2h,61.0,62.0,62.0,1848
2026-09-27T06:29:33+09:00,gpu-2h,61.0,63.0,63.0,1851
2026-09-27T06:29:38+09:00,gpu-2h,63.0,63.0,63.0,1850
2026-09-27T06:29:43+09:00,gpu-2h,62.0,63.0,63.0,1850
2026-09-27T06:29:48+09:00,gpu-2h,66.0,62.0,63.0,1848
2026-09-27T06:29:53+09:00,gpu-2h,61.0,63.0,63.0,1873
2026-09-27T06:29:58+09:00,gpu-2h,61.0,63.0,64.0,1879
2026-09-27T06:30:03+09:00,gpu-2h,62.0,63.0,63.0,1892
2026-09-27T06:30:08+09:00,gpu-2h,61.0,62.0,64.0,1875
2026-09-27T06:30:13+09:00,gpu-2h,62.0,63.0,63.0,1858
2026-09-27T06:30:18+09:00,gpu-2h,61.0,62.0,63.0,1851
2026-09-27T06:30:23+09:00,gpu-2h,61.0,63.0,63.0,1849
2026-09-27T06:30:28+09:00,gpu-2h,62.0,62.0,63.0,1848
2026-09-27T06:30:34+09:00,gpu-2h,61.0,63.0,63.0,1849
2026-09-27T06:30:39+09:00,gpu-2h,63.0,61.0,63.0,1850
2026-09-27T06:30:44+09:00,gpu-2h,62.0,61.0,63.0,1850
2026-09-27T06:30:49+09:00,gpu-2h,61.0,62.0,64.0,1851
2026-09-27T06:30:54+09:00,gpu-2h,61.0,63.0,63.0,1868
2026-09-27T06:30:59+09:00,gpu-2h,61.0,62.0,63.0,1875
2026-09-27T06:31:04+09:00,gpu-2h,62.0,63.0,63.0,1858
2026-09-27T06:31:09+09:00,gpu-2h,61.0,62.0,63.0,1851
2026-09-27T06:31:14+09:00,gpu-2h,61.0,63.0,63.0,1851
2026-09-27T06:31:19+09:00,gpu-2h,61.0,62.0,64.0,1850
2026-09-27T06:31:24+09:00,gpu-2h,61.0,63.0,63.0,1849
2026-09-27T06:31:29+09:00,gpu-2h,61.0,62.0,63.0,1848
2026-09-27T06:31:34+09:00,gpu-2h,61.0,63.0,63.0,1848
2026-09-27T06:31:39+09:00,gpu-2h,62.0,62.0,63.0,1849
2026-09-27T06:31:44+09:00,gpu-2h,61.0,63.0,64.0,1850
2026-09-27T06:31:49+09:00,gpu-2h,62.0,62.0,64.0,1850
2026-09-27T06:31:54+09:00,gpu-2h,61.0,63.0,63.0,1870
2026-09-27T06:31:59+09:00,gpu-2h,61.0,63.0,63.0,1876
2026-09-27T06:32:04+09:00,gpu-2h,61.0,63.0,64.0,1858
2026-09-27T06:32:09+09:00,gpu-2h,61.0,62.0,64.0,1851
2026-09-27T06:32:14+09:00,gpu-2h,61.0,63.0,63.0,1850
2026-09-27T06:32:19+09:00,gpu-2h,61.0,63.0,63.0,1848
2026-09-27T06:32:24+09:00,gpu-2h,61.0,63.0,64.0,1849
2026-09-27T06:32:29+09:00,gpu-2h,63.0,61.0,62.0,1849
2026-09-27T06:32:34+09:00,gpu-2h,61.0,58.0,60.0,1827
2026-09-27T06:32:39+09:00,gpu-2h,61.0,57.0,58.0,1763
2026-09-27T06:32:44+09:00,gpu-2h,60.0,56.0,57.0,1710
2026-09-27T06:32:49+09:00,gpu-2h,61.0,55.0,57.0,1661
2026-09-27T06:32:54+09:00,gpu-2h,60.0,55.0,56.0,1652
2026-09-27T06:32:59+09:00,gpu-2h,60.0,54.0,55.0,1651
2026-09-27T06:33:04+09:00,gpu-2h,59.0,53.0,55.0,1639
2026-09-27T06:33:09+09:00,gpu-2h,59.0,53.0,54.0,1610
2026-09-27T06:33:14+09:00,gpu-2h,59.0,53.0,54.0,1592
2026-09-27T06:33:19+09:00,gpu-2h,58.0,52.0,53.0,1566
2026-09-27T06:33:24+09:00,gpu-2h,58.0,52.0,53.0,1533
2026-09-27T06:33:29+09:00,gpu-2h,57.0,51.0,52.0,1509
2026-09-27T06:33:35+09:00,gpu-2h,57.0,51.0,54.0,1460
2026-09-27T06:33:40+09:00,gpu-2h,57.0,50.0,57.0,1449
2026-09-27T06:33:45+09:00,gpu-2h,57.0,50.0,58.0,1449
2026-09-27T06:33:50+09:00,gpu-2h,56.0,50.0,58.0,1449
2026-09-27T06:33:55+09:00,gpu-2h,56.0,50.0,59.0,1468
2026-09-27T06:34:00+09:00,gpu-2h,56.0,49.0,59.0,1500
2026-09-27T06:34:05+09:00,gpu-2h,56.0,49.0,59.0,1552
2026-09-27T06:34:10+09:00,gpu-2h,59.0,49.0,56.0,1561
2026-09-27T06:34:15+09:00,gpu-2h,57.0,48.0,54.0,1504
2026-09-27T06:34:20+09:00,gpu-2h,61.0,48.0,53.0,1494
2026-09-27T06:34:25+09:00,gpu-2h,58.0,48.0,53.0,1595
2026-09-27T06:34:30+09:00,gpu-2h,56.0,48.0,52.0,1587
2026-09-27T06:34:35+09:00,gpu-2h,56.0,51.0,52.0,1498
2026-09-27T06:34:40+09:00,gpu-2h,55.0,51.0,54.0,1415
2026-09-27T06:34:45+09:00,gpu-2h,55.0,50.0,55.0,1342
2026-09-27T06:34:50+09:00,gpu-2h,56.0,50.0,56.0,1310
2026-09-27T06:34:55+09:00,gpu-2h,55.0,50.0,56.0,1312
2026-09-27T06:35:00+09:00,gpu-2h,56.0,49.0,56.0,1336
2026-09-27T06:35:05+09:00,gpu-2h,55.0,49.0,57.0,1415
2026-09-27T06:35:10+09:00,gpu-2h,57.0,49.0,54.0,1417
2026-09-27T06:35:15+09:00,gpu-2h,57.0,49.0,51.0,1394
2026-09-27T06:35:20+09:00,gpu-2h,57.0,48.0,51.0,1429
2026-09-27T06:35:25+09:00,gpu-2h,57.0,48.0,50.0,1483
2026-09-27T06:35:30+09:00,gpu-2h,55.0,48.0,49.0,1457
2026-09-27T06:35:35+09:00,post-gpu-cool,55.0,48.0,49.0,1382
2026-09-27T06:35:35+09:00,cpu-mixed-1h,55.0,48.0,49.0,1382
2026-09-27T06:35:40+09:00,cpu-mixed-1h,66.0,48.0,49.0,1479
2026-09-27T06:35:45+09:00,cpu-mixed-1h,67.0,47.0,48.0,1805
2026-09-27T06:35:50+09:00,cpu-mixed-1h,57.0,47.0,48.0,1884
2026-09-27T06:35:55+09:00,cpu-mixed-1h,57.0,47.0,47.0,1888
2026-09-27T06:36:00+09:00,cpu-mixed-1h,58.0,47.0,47.0,1895
2026-09-27T06:36:05+09:00,cpu-mixed-1h,64.0,47.0,47.0,1895
2026-09-27T06:36:10+09:00,cpu-mixed-1h,63.0,47.0,47.0,1869
2026-09-27T06:36:15+09:00,cpu-mixed-1h,57.0,46.0,47.0,1869
2026-09-27T06:36:20+09:00,cpu-mixed-1h,61.0,46.0,47.0,1883
2026-09-27T06:36:26+09:00,cpu-mixed-1h,65.0,46.0,46.0,1817
2026-09-27T06:36:31+09:00,cpu-mixed-1h,56.0,46.0,46.0,1834
2026-09-27T06:36:36+09:00,cpu-mixed-1h,57.0,46.0,46.0,1853
2026-09-27T06:36:41+09:00,cpu-mixed-1h,55.0,45.0,46.0,1779
2026-09-27T06:36:46+09:00,cpu-mixed-1h,55.0,45.0,45.0,1762
2026-09-27T06:36:51+09:00,cpu-mixed-1h,63.0,45.0,46.0,1711
2026-09-27T06:36:56+09:00,cpu-mixed-1h,59.0,45.0,45.0,1732
2026-09-27T06:37:01+09:00,cpu-mixed-1h,63.0,45.0,45.0,1743
2026-09-27T06:37:06+09:00,cpu-mixed-1h,59.0,44.0,45.0,1754
2026-09-27T06:37:11+09:00,cpu-mixed-1h,55.0,44.0,45.0,1725
2026-09-27T06:37:16+09:00,cpu-mixed-1h,58.0,44.0,45.0,1667
2026-09-27T06:37:21+09:00,cpu-mixed-1h,57.0,44.0,45.0,1777
2026-09-27T06:37:26+09:00,cpu-mixed-1h,61.0,44.0,45.0,1760
2026-09-27T06:37:31+09:00,cpu-mixed-1h,55.0,44.0,44.0,1669
2026-09-27T06:37:36+09:00,cpu-mixed-1h,58.0,43.0,44.0,1669
2026-09-27T06:37:41+09:00,cpu-mixed-1h,57.0,43.0,44.0,1726
2026-09-27T06:37:46+09:00,cpu-mixed-1h,59.0,43.0,44.0,1658
2026-09-27T06:37:51+09:00,cpu-mixed-1h,54.0,43.0,44.0,1550
2026-09-27T06:37:56+09:00,cpu-mixed-1h,59.0,43.0,44.0,1474
2026-09-27T06:38:01+09:00,cpu-mixed-1h,56.0,43.0,44.0,1633
2026-09-27T06:38:06+09:00,cpu-mixed-1h,53.0,42.0,44.0,1634
2026-09-27T06:38:11+09:00,cpu-mixed-1h,53.0,42.0,43.0,1543
2026-09-27T06:38:16+09:00,cpu-mixed-1h,62.0,42.0,43.0,1470
2026-09-27T06:38:21+09:00,cpu-mixed-1h,55.0,42.0,43.0,1611
2026-09-27T06:38:26+09:00,cpu-mixed-1h,60.0,42.0,43.0,1662
2026-09-27T06:38:31+09:00,cpu-mixed-1h,52.0,42.0,43.0,1639
2026-09-27T06:38:36+09:00,cpu-mixed-1h,61.0,42.0,43.0,1573
2026-09-27T06:38:41+09:00,cpu-mixed-1h,56.0,42.0,43.0,1589
2026-09-27T06:38:46+09:00,cpu-mixed-1h,55.0,42.0,43.0,1591
2026-09-27T06:38:51+09:00,cpu-mixed-1h,54.0,42.0,43.0,1497
2026-09-27T06:38:56+09:00,cpu-mixed-1h,54.0,42.0,43.0,1421
2026-09-27T06:39:02+09:00,cpu-mixed-1h,55.0,42.0,43.0,1524
2026-09-27T06:39:07+09:00,cpu-mixed-1h,54.0,42.0,43.0,1495
2026-09-27T06:39:12+09:00,cpu-mixed-1h,57.0,42.0,42.0,1443
2026-09-27T06:39:17+09:00,cpu-mixed-1h,57.0,41.0,42.0,1515
2026-09-27T06:39:22+09:00,cpu-mixed-1h,56.0,42.0,42.0,1592
2026-09-27T06:39:27+09:00,cpu-mixed-1h,57.0,41.0,42.0,1537
2026-09-27T06:39:32+09:00,cpu-mixed-1h,58.0,41.0,42.0,1459
2026-09-27T06:39:37+09:00,cpu-mixed-1h,54.0,41.0,42.0,1588
2026-09-27T06:39:42+09:00,cpu-mixed-1h,55.0,41.0,42.0,1666
2026-09-27T06:39:47+09:00,cpu-mixed-1h,58.0,41.0,42.0,1581
2026-09-27T06:39:52+09:00,cpu-mixed-1h,57.0,41.0,42.0,1483
2026-09-27T06:39:57+09:00,cpu-mixed-1h,57.0,41.0,42.0,1413
2026-09-27T06:40:02+09:00,cpu-mixed-1h,53.0,41.0,42.0,1395
2026-09-27T06:40:07+09:00,cpu-mixed-1h,62.0,41.0,42.0,1523
2026-09-27T06:40:12+09:00,cpu-mixed-1h,52.0,41.0,42.0,1629
2026-09-27T06:40:17+09:00,cpu-mixed-1h,53.0,41.0,42.0,1659
2026-09-27T06:40:22+09:00,cpu-mixed-1h,59.0,41.0,42.0,1559
2026-09-27T06:40:27+09:00,cpu-mixed-1h,56.0,41.0,42.0,1498
2026-09-27T06:40:32+09:00,cpu-mixed-1h,52.0,41.0,42.0,1487
2026-09-27T06:40:37+09:00,cpu-mixed-1h,53.0,41.0,42.0,1566
2026-09-27T06:40:42+09:00,cpu-mixed-1h,54.0,41.0,41.0,1655
2026-09-27T06:40:47+09:00,cpu-mixed-1h,54.0,41.0,41.0,1674
2026-09-27T06:40:52+09:00,cpu-mixed-1h,56.0,40.0,41.0,1587
2026-09-27T06:40:57+09:00,cpu-mixed-1h,53.0,40.0,41.0,1471
2026-09-27T06:41:02+09:00,cpu-mixed-1h,54.0,40.0,41.0,1368
2026-09-27T06:41:07+09:00,cpu-mixed-1h,57.0,40.0,41.0,1373
2026-09-27T06:41:12+09:00,cpu-mixed-1h,61.0,40.0,41.0,1566
2026-09-27T06:41:17+09:00,cpu-mixed-1h,56.0,40.0,41.0,1671
2026-09-27T06:41:22+09:00,cpu-mixed-1h,59.0,40.0,41.0,1607
2026-09-27T06:41:27+09:00,cpu-mixed-1h,51.0,40.0,41.0,1564
2026-09-27T06:41:33+09:00,cpu-mixed-1h,52.0,40.0,41.0,1544
2026-09-27T06:41:38+09:00,cpu-mixed-1h,51.0,40.0,41.0,1466
2026-09-27T06:41:43+09:00,cpu-mixed-1h,56.0,40.0,41.0,1531
2026-09-27T06:41:48+09:00,cpu-mixed-1h,56.0,40.0,41.0,1505
2026-09-27T06:41:53+09:00,cpu-mixed-1h,56.0,40.0,41.0,1406
2026-09-27T06:41:58+09:00,cpu-mixed-1h,50.0,40.0,41.0,1379
2026-09-27T06:42:03+09:00,cpu-mixed-1h,56.0,40.0,41.0,1415
2026-09-27T06:42:08+09:00,cpu-mixed-1h,54.0,40.0,41.0,1451
2026-09-27T06:42:13+09:00,cpu-mixed-1h,56.0,40.0,41.0,1466
2026-09-27T06:42:18+09:00,cpu-mixed-1h,52.0,40.0,41.0,1466
2026-09-27T06:42:23+09:00,cpu-mixed-1h,59.0,40.0,41.0,1535
2026-09-27T06:42:28+09:00,cpu-mixed-1h,60.0,40.0,41.0,1544
2026-09-27T06:42:33+09:00,cpu-mixed-1h,51.0,40.0,41.0,1552
2026-09-27T06:42:38+09:00,cpu-mixed-1h,53.0,40.0,41.0,1470
2026-09-27T06:42:43+09:00,cpu-mixed-1h,56.0,40.0,41.0,1341
2026-09-27T06:42:48+09:00,cpu-mixed-1h,52.0,40.0,41.0,1319
2026-09-27T06:42:53+09:00,cpu-mixed-1h,60.0,40.0,41.0,1355
2026-09-27T06:42:58+09:00,cpu-mixed-1h,50.0,40.0,41.0,1495
2026-09-27T06:43:03+09:00,cpu-mixed-1h,59.0,40.0,41.0,1516
2026-09-27T06:43:08+09:00,cpu-mixed-1h,54.0,40.0,41.0,1487
2026-09-27T06:43:13+09:00,cpu-mixed-1h,59.0,40.0,41.0,1474
2026-09-27T06:43:18+09:00,cpu-mixed-1h,61.0,40.0,41.0,1485
2026-09-27T06:43:23+09:00,cpu-mixed-1h,53.0,40.0,41.0,1582
2026-09-27T06:43:28+09:00,cpu-mixed-1h,53.0,40.0,41.0,1584
2026-09-27T06:43:33+09:00,cpu-mixed-1h,57.0,40.0,41.0,1522
2026-09-27T06:43:38+09:00,cpu-mixed-1h,54.0,40.0,41.0,1538
2026-09-27T06:43:44+09:00,cpu-mixed-1h,54.0,40.0,41.0,1558
2026-09-27T06:43:49+09:00,cpu-mixed-1h,52.0,40.0,41.0,1553
2026-09-27T06:43:54+09:00,cpu-mixed-1h,58.0,40.0,41.0,1459
2026-09-27T06:43:59+09:00,cpu-mixed-1h,53.0,40.0,40.0,1428
2026-09-27T06:44:04+09:00,cpu-mixed-1h,56.0,40.0,40.0,1385
2026-09-27T06:44:09+09:00,cpu-mixed-1h,55.0,40.0,41.0,1315
2026-09-27T06:44:14+09:00,cpu-mixed-1h,56.0,40.0,41.0,1258
2026-09-27T06:44:19+09:00,cpu-mixed-1h,51.0,40.0,41.0,1414
2026-09-27T06:44:24+09:00,cpu-mixed-1h,55.0,40.0,41.0,1454
2026-09-27T06:44:29+09:00,cpu-mixed-1h,52.0,40.0,41.0,1364
2026-09-27T06:44:34+09:00,cpu-mixed-1h,56.0,40.0,41.0,1304
2026-09-27T06:44:39+09:00,cpu-mixed-1h,53.0,40.0,41.0,1343
2026-09-27T06:44:44+09:00,cpu-mixed-1h,54.0,40.0,41.0,1276
2026-09-27T06:44:49+09:00,cpu-mixed-1h,54.0,40.0,41.0,1306
2026-09-27T06:44:54+09:00,cpu-mixed-1h,55.0,40.0,41.0,1403
2026-09-27T06:44:59+09:00,cpu-mixed-1h,53.0,40.0,40.0,1353
2026-09-27T06:45:04+09:00,cpu-mixed-1h,55.0,40.0,41.0,1245
2026-09-27T06:45:09+09:00,cpu-mixed-1h,49.0,39.0,41.0,1375
2026-09-27T06:45:14+09:00,cpu-mixed-1h,51.0,40.0,40.0,1452
2026-09-27T06:45:19+09:00,cpu-mixed-1h,51.0,40.0,41.0,1365
2026-09-27T06:45:24+09:00,cpu-mixed-1h,52.0,40.0,41.0,1288
2026-09-27T06:45:29+09:00,cpu-mixed-1h,53.0,40.0,41.0,1342
2026-09-27T06:45:34+09:00,cpu-mixed-1h,52.0,40.0,40.0,1438
2026-09-27T06:45:39+09:00,cpu-mixed-1h,54.0,40.0,41.0,1483
2026-09-27T06:45:44+09:00,cpu-mixed-1h,53.0,40.0,41.0,1429
2026-09-27T06:45:49+09:00,cpu-mixed-1h,59.0,40.0,40.0,1450
2026-09-27T06:45:54+09:00,cpu-mixed-1h,51.0,39.0,40.0,1528
2026-09-27T06:45:59+09:00,cpu-mixed-1h,51.0,40.0,41.0,1506
2026-09-27T06:46:04+09:00,cpu-mixed-1h,54.0,40.0,41.0,1470
2026-09-27T06:46:10+09:00,cpu-mixed-1h,51.0,40.0,41.0,1376
2026-09-27T06:46:15+09:00,cpu-mixed-1h,56.0,40.0,41.0,1257
2026-09-27T06:46:20+09:00,cpu-mixed-1h,53.0,40.0,41.0,1273
2026-09-27T06:46:25+09:00,cpu-mixed-1h,58.0,40.0,41.0,1247
2026-09-27T06:46:30+09:00,cpu-mixed-1h,51.0,40.0,41.0,1348
2026-09-27T06:46:35+09:00,cpu-mixed-1h,55.0,40.0,41.0,1392
2026-09-27T06:46:40+09:00,cpu-mixed-1h,51.0,40.0,41.0,1474
2026-09-27T06:46:45+09:00,cpu-mixed-1h,54.0,40.0,41.0,1536
2026-09-27T06:46:50+09:00,cpu-mixed-1h,58.0,40.0,40.0,1452
2026-09-27T06:46:55+09:00,cpu-mixed-1h,56.0,40.0,40.0,1419
2026-09-27T06:47:00+09:00,cpu-mixed-1h,56.0,40.0,40.0,1394
2026-09-27T06:47:05+09:00,cpu-mixed-1h,59.0,40.0,40.0,1305
2026-09-27T06:47:10+09:00,cpu-mixed-1h,58.0,40.0,41.0,1401
2026-09-27T06:47:15+09:00,cpu-mixed-1h,51.0,40.0,40.0,1466
2026-09-27T06:47:20+09:00,cpu-mixed-1h,53.0,40.0,40.0,1385
2026-09-27T06:47:25+09:00,cpu-mixed-1h,49.0,40.0,40.0,1311
2026-09-27T06:47:30+09:00,cpu-mixed-1h,50.0,40.0,41.0,1281
2026-09-27T06:47:35+09:00,cpu-mixed-1h,53.0,39.0,41.0,1445
2026-09-27T06:47:40+09:00,cpu-mixed-1h,55.0,40.0,40.0,1423
2026-09-27T06:47:45+09:00,cpu-mixed-1h,51.0,40.0,41.0,1328
2026-09-27T06:47:50+09:00,cpu-mixed-1h,52.0,39.0,40.0,1211
2026-09-27T06:47:55+09:00,cpu-mixed-1h,51.0,40.0,40.0,1222
2026-09-27T06:48:00+09:00,cpu-mixed-1h,52.0,40.0,41.0,1263
2026-09-27T06:48:05+09:00,cpu-mixed-1h,58.0,40.0,41.0,1277
2026-09-27T06:48:10+09:00,cpu-mixed-1h,55.0,40.0,41.0,1391
2026-09-27T06:48:15+09:00,cpu-mixed-1h,54.0,40.0,41.0,1420
2026-09-27T06:48:20+09:00,cpu-mixed-1h,54.0,40.0,41.0,1478
2026-09-27T06:48:25+09:00,cpu-mixed-1h,55.0,39.0,41.0,1450
2026-09-27T06:48:31+09:00,cpu-mixed-1h,55.0,40.0,41.0,1419
2026-09-27T06:48:36+09:00,cpu-mixed-1h,51.0,39.0,40.0,1521
2026-09-27T06:48:41+09:00,cpu-mixed-1h,55.0,39.0,40.0,1504
2026-09-27T06:48:46+09:00,cpu-mixed-1h,54.0,40.0,40.0,1454
2026-09-27T06:48:51+09:00,cpu-mixed-1h,50.0,39.0,41.0,1476
2026-09-27T06:48:56+09:00,cpu-mixed-1h,52.0,40.0,41.0,1402
2026-09-27T06:49:01+09:00,cpu-mixed-1h,56.0,39.0,41.0,1306
2026-09-27T06:49:06+09:00,cpu-mixed-1h,55.0,39.0,40.0,1284
2026-09-27T06:49:11+09:00,cpu-mixed-1h,51.0,39.0,41.0,1285
2026-09-27T06:49:16+09:00,cpu-mixed-1h,54.0,39.0,41.0,1450
2026-09-27T06:49:21+09:00,cpu-mixed-1h,56.0,39.0,41.0,1491
2026-09-27T06:49:26+09:00,cpu-mixed-1h,56.0,39.0,41.0,1541
2026-09-27T06:49:31+09:00,cpu-mixed-1h,52.0,39.0,41.0,1469
2026-09-27T06:49:36+09:00,cpu-mixed-1h,59.0,40.0,41.0,1366
2026-09-27T06:49:41+09:00,cpu-mixed-1h,55.0,39.0,40.0,1432
2026-09-27T06:49:46+09:00,cpu-mixed-1h,54.0,39.0,40.0,1460
2026-09-27T06:49:51+09:00,cpu-mixed-1h,55.0,39.0,40.0,1397
2026-09-27T06:49:56+09:00,cpu-mixed-1h,50.0,39.0,41.0,1362
2026-09-27T06:50:01+09:00,cpu-mixed-1h,50.0,40.0,40.0,1337
2026-09-27T06:50:06+09:00,cpu-mixed-1h,50.0,39.0,40.0,1237
2026-09-27T06:50:11+09:00,cpu-mixed-1h,60.0,40.0,40.0,1136
2026-09-27T06:50:16+09:00,cpu-mixed-1h,59.0,40.0,40.0,1413
2026-09-27T06:50:21+09:00,cpu-mixed-1h,51.0,39.0,40.0,1527
2026-09-27T06:50:26+09:00,cpu-mixed-1h,55.0,40.0,40.0,1468
2026-09-27T06:50:31+09:00,cpu-mixed-1h,54.0,40.0,40.0,1483
2026-09-27T06:50:36+09:00,cpu-mixed-1h,52.0,40.0,40.0,1474
2026-09-27T06:50:41+09:00,cpu-mixed-1h,59.0,39.0,40.0,1539
2026-09-27T06:50:46+09:00,cpu-mixed-1h,56.0,39.0,40.0,1520
2026-09-27T06:50:51+09:00,cpu-mixed-1h,51.0,39.0,41.0,1548
2026-09-27T06:50:57+09:00,cpu-mixed-1h,60.0,39.0,40.0,1510
2026-09-27T06:51:02+09:00,cpu-mixed-1h,52.0,39.0,40.0,1536
2026-09-27T06:51:07+09:00,cpu-mixed-1h,51.0,39.0,40.0,1520
2026-09-27T06:51:12+09:00,cpu-mixed-1h,50.0,39.0,40.0,1420
2026-09-27T06:51:17+09:00,cpu-mixed-1h,50.0,39.0,40.0,1353
2026-09-27T06:51:22+09:00,cpu-mixed-1h,53.0,39.0,40.0,1361
2026-09-27T06:51:27+09:00,cpu-mixed-1h,58.0,39.0,40.0,1305
2026-09-27T06:51:32+09:00,cpu-mixed-1h,56.0,39.0,40.0,1374
2026-09-27T06:51:37+09:00,cpu-mixed-1h,56.0,39.0,40.0,1382
2026-09-27T06:51:42+09:00,cpu-mixed-1h,53.0,40.0,40.0,1424
2026-09-27T06:51:47+09:00,cpu-mixed-1h,54.0,39.0,41.0,1471
2026-09-27T06:51:52+09:00,cpu-mixed-1h,51.0,39.0,40.0,1540
2026-09-27T06:51:57+09:00,cpu-mixed-1h,59.0,39.0,40.0,1504
2026-09-27T06:52:02+09:00,cpu-mixed-1h,55.0,39.0,40.0,1489
2026-09-27T06:52:07+09:00,cpu-mixed-1h,51.0,39.0,40.0,1477
2026-09-27T06:52:12+09:00,cpu-mixed-1h,56.0,39.0,40.0,1487
2026-09-27T06:52:17+09:00,cpu-mixed-1h,55.0,39.0,40.0,1416
2026-09-27T06:52:22+09:00,cpu-mixed-1h,56.0,39.0,40.0,1400
2026-09-27T06:52:27+09:00,cpu-mixed-1h,52.0,39.0,40.0,1467
2026-09-27T06:52:32+09:00,cpu-mixed-1h,53.0,39.0,40.0,1413
2026-09-27T06:52:37+09:00,cpu-mixed-1h,56.0,39.0,40.0,1325
2026-09-27T06:52:42+09:00,cpu-mixed-1h,55.0,39.0,40.0,1290
2026-09-27T06:52:47+09:00,cpu-mixed-1h,54.0,39.0,40.0,1292
2026-09-27T06:52:52+09:00,cpu-mixed-1h,55.0,39.0,40.0,1258
2026-09-27T06:52:57+09:00,cpu-mixed-1h,53.0,39.0,40.0,1401
2026-09-27T06:53:02+09:00,cpu-mixed-1h,56.0,39.0,40.0,1456
2026-09-27T06:53:07+09:00,cpu-mixed-1h,51.0,39.0,40.0,1382
2026-09-27T06:53:12+09:00,cpu-mixed-1h,54.0,39.0,40.0,1303
2026-09-27T06:53:18+09:00,cpu-mixed-1h,52.0,39.0,40.0,1444
2026-09-27T06:53:23+09:00,cpu-mixed-1h,57.0,39.0,40.0,1446
2026-09-27T06:53:28+09:00,cpu-mixed-1h,52.0,39.0,40.0,1426
2026-09-27T06:53:33+09:00,cpu-mixed-1h,57.0,39.0,40.0,1345
2026-09-27T06:53:38+09:00,cpu-mixed-1h,51.0,39.0,40.0,1487
2026-09-27T06:53:43+09:00,cpu-mixed-1h,51.0,39.0,40.0,1509
2026-09-27T06:53:48+09:00,cpu-mixed-1h,56.0,39.0,40.0,1413
2026-09-27T06:53:53+09:00,cpu-mixed-1h,60.0,39.0,40.0,1340
2026-09-27T06:53:58+09:00,cpu-mixed-1h,52.0,39.0,40.0,1462
2026-09-27T06:54:03+09:00,cpu-mixed-1h,55.0,39.0,40.0,1523
2026-09-27T06:54:08+09:00,cpu-mixed-1h,60.0,39.0,40.0,1454
2026-09-27T06:54:13+09:00,cpu-mixed-1h,51.0,39.0,40.0,1520
2026-09-27T06:54:18+09:00,cpu-mixed-1h,51.0,39.0,40.0,1513
2026-09-27T06:54:23+09:00,cpu-mixed-1h,52.0,39.0,40.0,1410
2026-09-27T06:54:28+09:00,cpu-mixed-1h,50.0,39.0,40.0,1282
2026-09-27T06:54:33+09:00,cpu-mixed-1h,51.0,39.0,40.0,1190
2026-09-27T06:54:38+09:00,cpu-mixed-1h,55.0,39.0,40.0,1212
2026-09-27T06:54:43+09:00,cpu-mixed-1h,51.0,39.0,40.0,1458
2026-09-27T06:54:48+09:00,cpu-mixed-1h,57.0,39.0,40.0,1521
2026-09-27T06:54:53+09:00,cpu-mixed-1h,55.0,39.0,40.0,1433
2026-09-27T06:54:58+09:00,cpu-mixed-1h,53.0,39.0,40.0,1416
2026-09-27T06:55:03+09:00,cpu-mixed-1h,55.0,39.0,40.0,1466
2026-09-27T06:55:08+09:00,cpu-mixed-1h,53.0,39.0,40.0,1404
2026-09-27T06:55:13+09:00,cpu-mixed-1h,51.0,39.0,40.0,1347
2026-09-27T06:55:18+09:00,cpu-mixed-1h,53.0,39.0,40.0,1353
2026-09-27T06:55:23+09:00,cpu-mixed-1h,53.0,39.0,40.0,1301
2026-09-27T06:55:28+09:00,cpu-mixed-1h,56.0,39.0,40.0,1255
2026-09-27T06:55:33+09:00,cpu-mixed-1h,53.0,39.0,40.0,1345
2026-09-27T06:55:39+09:00,cpu-mixed-1h,50.0,39.0,40.0,1418
2026-09-27T06:55:44+09:00,cpu-mixed-1h,51.0,39.0,40.0,1421
2026-09-27T06:55:49+09:00,cpu-mixed-1h,59.0,39.0,40.0,1342
2026-09-27T06:55:54+09:00,cpu-mixed-1h,51.0,39.0,40.0,1443
2026-09-27T06:55:59+09:00,cpu-mixed-1h,51.0,39.0,40.0,1440
2026-09-27T06:56:04+09:00,cpu-mixed-1h,50.0,39.0,40.0,1403
2026-09-27T06:56:09+09:00,cpu-mixed-1h,54.0,39.0,40.0,1470
2026-09-27T06:56:14+09:00,cpu-mixed-1h,52.0,39.0,40.0,1492
2026-09-27T06:56:19+09:00,cpu-mixed-1h,55.0,39.0,40.0,1446
2026-09-27T06:56:24+09:00,cpu-mixed-1h,52.0,39.0,40.0,1407
2026-09-27T06:56:29+09:00,cpu-mixed-1h,53.0,39.0,40.0,1470
2026-09-27T06:56:34+09:00,cpu-mixed-1h,53.0,39.0,40.0,1451
2026-09-27T06:56:39+09:00,cpu-mixed-1h,57.0,39.0,40.0,1478
2026-09-27T06:56:44+09:00,cpu-mixed-1h,52.0,39.0,40.0,1474
2026-09-27T06:56:49+09:00,cpu-mixed-1h,50.0,39.0,40.0,1474
2026-09-27T06:56:54+09:00,cpu-mixed-1h,53.0,39.0,40.0,1440
2026-09-27T06:56:59+09:00,cpu-mixed-1h,55.0,39.0,40.0,1376
2026-09-27T06:57:04+09:00,cpu-mixed-1h,52.0,39.0,40.0,1314
2026-09-27T06:57:09+09:00,cpu-mixed-1h,49.0,39.0,40.0,1346
2026-09-27T06:57:14+09:00,cpu-mixed-1h,56.0,39.0,40.0,1291
2026-09-27T06:57:19+09:00,cpu-mixed-1h,55.0,39.0,40.0,1285
2026-09-27T06:57:24+09:00,cpu-mixed-1h,54.0,39.0,40.0,1288
2026-09-27T06:57:29+09:00,cpu-mixed-1h,54.0,39.0,40.0,1242
2026-09-27T06:57:34+09:00,cpu-mixed-1h,54.0,39.0,40.0,1233
2026-09-27T06:57:39+09:00,cpu-mixed-1h,51.0,39.0,40.0,1349
2026-09-27T06:57:44+09:00,cpu-mixed-1h,55.0,39.0,40.0,1464
2026-09-27T06:57:49+09:00,cpu-mixed-1h,58.0,39.0,40.0,1538
2026-09-27T06:57:54+09:00,cpu-mixed-1h,49.0,39.0,40.0,1488
2026-09-27T06:57:59+09:00,cpu-mixed-1h,53.0,39.0,40.0,1414
2026-09-27T06:58:05+09:00,cpu-mixed-1h,58.0,39.0,40.0,1522
2026-09-27T06:58:10+09:00,cpu-mixed-1h,51.0,39.0,40.0,1501
2026-09-27T06:58:15+09:00,cpu-mixed-1h,53.0,39.0,40.0,1432
2026-09-27T06:58:20+09:00,cpu-mixed-1h,54.0,39.0,40.0,1477
2026-09-27T06:58:25+09:00,cpu-mixed-1h,59.0,39.0,40.0,1513
2026-09-27T06:58:30+09:00,cpu-mixed-1h,56.0,39.0,40.0,1534
2026-09-27T06:58:35+09:00,cpu-mixed-1h,53.0,39.0,40.0,1447
2026-09-27T06:58:40+09:00,cpu-mixed-1h,53.0,39.0,40.0,1356
2026-09-27T06:58:45+09:00,cpu-mixed-1h,54.0,39.0,40.0,1412
2026-09-27T06:58:50+09:00,cpu-mixed-1h,51.0,39.0,40.0,1477
2026-09-27T06:58:55+09:00,cpu-mixed-1h,50.0,39.0,40.0,1440
2026-09-27T06:59:00+09:00,cpu-mixed-1h,51.0,39.0,40.0,1338
2026-09-27T06:59:05+09:00,cpu-mixed-1h,58.0,39.0,40.0,1298
2026-09-27T06:59:10+09:00,cpu-mixed-1h,55.0,39.0,40.0,1387
2026-09-27T06:59:15+09:00,cpu-mixed-1h,51.0,39.0,40.0,1393
2026-09-27T06:59:20+09:00,cpu-mixed-1h,55.0,39.0,40.0,1444
2026-09-27T06:59:25+09:00,cpu-mixed-1h,52.0,39.0,40.0,1475
2026-09-27T06:59:30+09:00,cpu-mixed-1h,54.0,39.0,40.0,1395
2026-09-27T06:59:35+09:00,cpu-mixed-1h,49.0,39.0,40.0,1287
2026-09-27T06:59:40+09:00,cpu-mixed-1h,53.0,39.0,40.0,1324
2026-09-27T06:59:45+09:00,cpu-mixed-1h,51.0,39.0,40.0,1457
2026-09-27T06:59:50+09:00,cpu-mixed-1h,57.0,39.0,40.0,1440
2026-09-27T06:59:55+09:00,cpu-mixed-1h,55.0,39.0,40.0,1427
2026-09-27T07:00:00+09:00,cpu-mixed-1h,50.0,39.0,40.0,1487
2026-09-27T07:00:05+09:00,cpu-mixed-1h,50.0,39.0,40.0,1527
2026-09-27T07:00:10+09:00,cpu-mixed-1h,50.0,39.0,40.0,1439
2026-09-27T07:00:15+09:00,cpu-mixed-1h,50.0,39.0,40.0,1329
2026-09-27T07:00:20+09:00,cpu-mixed-1h,50.0,39.0,40.0,1396
2026-09-27T07:00:26+09:00,cpu-mixed-1h,52.0,39.0,40.0,1374
2026-09-27T07:00:31+09:00,cpu-mixed-1h,51.0,39.0,40.0,1279
2026-09-27T07:00:36+09:00,cpu-mixed-1h,59.0,39.0,40.0,1214
2026-09-27T07:00:41+09:00,cpu-mixed-1h,51.0,39.0,40.0,1405
2026-09-27T07:00:46+09:00,cpu-mixed-1h,49.0,39.0,40.0,1455
2026-09-27T07:00:51+09:00,cpu-mixed-1h,49.0,39.0,40.0,1485
2026-09-27T07:00:56+09:00,cpu-mixed-1h,50.0,39.0,40.0,1436
2026-09-27T07:01:01+09:00,cpu-mixed-1h,50.0,39.0,40.0,1325
2026-09-27T07:01:06+09:00,cpu-mixed-1h,59.0,39.0,40.0,1283
2026-09-27T07:01:11+09:00,cpu-mixed-1h,54.0,39.0,40.0,1501
2026-09-27T07:01:16+09:00,cpu-mixed-1h,53.0,39.0,40.0,1500
2026-09-27T07:01:21+09:00,cpu-mixed-1h,55.0,39.0,40.0,1400
2026-09-27T07:01:26+09:00,cpu-mixed-1h,55.0,39.0,40.0,1415
2026-09-27T07:01:31+09:00,cpu-mixed-1h,51.0,39.0,40.0,1366
2026-09-27T07:01:36+09:00,cpu-mixed-1h,51.0,39.0,40.0,1290
2026-09-27T07:01:41+09:00,cpu-mixed-1h,58.0,39.0,40.0,1443
2026-09-27T07:01:46+09:00,cpu-mixed-1h,59.0,39.0,40.0,1446
2026-09-27T07:01:51+09:00,cpu-mixed-1h,50.0,39.0,40.0,1475
2026-09-27T07:01:56+09:00,cpu-mixed-1h,51.0,39.0,40.0,1493
2026-09-27T07:02:01+09:00,cpu-mixed-1h,58.0,39.0,40.0,1542
2026-09-27T07:02:06+09:00,cpu-mixed-1h,53.0,39.0,40.0,1521
2026-09-27T07:02:11+09:00,cpu-mixed-1h,51.0,39.0,40.0,1435
2026-09-27T07:02:16+09:00,cpu-mixed-1h,60.0,39.0,40.0,1350
2026-09-27T07:02:21+09:00,cpu-mixed-1h,53.0,39.0,40.0,1517
2026-09-27T07:02:26+09:00,cpu-mixed-1h,55.0,39.0,40.0,1609
2026-09-27T07:02:31+09:00,cpu-mixed-1h,53.0,39.0,40.0,1580
2026-09-27T07:02:36+09:00,cpu-mixed-1h,58.0,39.0,40.0,1478
2026-09-27T07:02:41+09:00,cpu-mixed-1h,54.0,39.0,40.0,1479
2026-09-27T07:02:46+09:00,cpu-mixed-1h,53.0,39.0,40.0,1449
2026-09-27T07:02:52+09:00,cpu-mixed-1h,53.0,39.0,40.0,1430
2026-09-27T07:02:57+09:00,cpu-mixed-1h,59.0,39.0,40.0,1403
2026-09-27T07:03:02+09:00,cpu-mixed-1h,51.0,39.0,40.0,1473
2026-09-27T07:03:07+09:00,cpu-mixed-1h,55.0,39.0,40.0,1432
2026-09-27T07:03:12+09:00,cpu-mixed-1h,51.0,39.0,40.0,1336
2026-09-27T07:03:17+09:00,cpu-mixed-1h,54.0,39.0,40.0,1239
2026-09-27T07:03:22+09:00,cpu-mixed-1h,51.0,39.0,40.0,1219
2026-09-27T07:03:27+09:00,cpu-mixed-1h,55.0,39.0,40.0,1252
2026-09-27T07:03:32+09:00,cpu-mixed-1h,51.0,39.0,40.0,1273
2026-09-27T07:03:37+09:00,cpu-mixed-1h,53.0,39.0,40.0,1207
2026-09-27T07:03:42+09:00,cpu-mixed-1h,55.0,39.0,40.0,1324
2026-09-27T07:03:47+09:00,cpu-mixed-1h,49.0,39.0,40.0,1399
2026-09-27T07:03:52+09:00,cpu-mixed-1h,51.0,39.0,40.0,1322
2026-09-27T07:03:57+09:00,cpu-mixed-1h,54.0,39.0,40.0,1255
2026-09-27T07:04:02+09:00,cpu-mixed-1h,53.0,39.0,40.0,1334
2026-09-27T07:04:07+09:00,cpu-mixed-1h,50.0,39.0,40.0,1289
2026-09-27T07:04:12+09:00,cpu-mixed-1h,54.0,39.0,40.0,1230
2026-09-27T07:04:17+09:00,cpu-mixed-1h,54.0,39.0,40.0,1206
2026-09-27T07:04:22+09:00,cpu-mixed-1h,53.0,39.0,40.0,1324
2026-09-27T07:04:27+09:00,cpu-mixed-1h,52.0,39.0,40.0,1454
2026-09-27T07:04:32+09:00,cpu-mixed-1h,57.0,39.0,40.0,1384
2026-09-27T07:04:37+09:00,cpu-mixed-1h,53.0,39.0,40.0,1360
2026-09-27T07:04:42+09:00,cpu-mixed-1h,53.0,39.0,40.0,1330
2026-09-27T07:04:47+09:00,cpu-mixed-1h,55.0,39.0,40.0,1244
2026-09-27T07:04:52+09:00,cpu-mixed-1h,51.0,39.0,40.0,1224
2026-09-27T07:04:57+09:00,cpu-mixed-1h,54.0,39.0,40.0,1307
2026-09-27T07:05:02+09:00,cpu-mixed-1h,50.0,39.0,40.0,1322
2026-09-27T07:05:07+09:00,cpu-mixed-1h,54.0,39.0,40.0,1231
2026-09-27T07:05:12+09:00,cpu-mixed-1h,56.0,39.0,40.0,1304
2026-09-27T07:05:18+09:00,cpu-mixed-1h,50.0,39.0,40.0,1393
2026-09-27T07:05:23+09:00,cpu-mixed-1h,51.0,39.0,40.0,1369
2026-09-27T07:05:28+09:00,cpu-mixed-1h,54.0,39.0,40.0,1346
2026-09-27T07:05:33+09:00,cpu-mixed-1h,52.0,39.0,40.0,1304
2026-09-27T07:05:38+09:00,cpu-mixed-1h,52.0,39.0,40.0,1347
2026-09-27T07:05:43+09:00,cpu-mixed-1h,55.0,39.0,40.0,1397
2026-09-27T07:05:48+09:00,cpu-mixed-1h,54.0,39.0,40.0,1316
2026-09-27T07:05:53+09:00,cpu-mixed-1h,50.0,39.0,40.0,1337
2026-09-27T07:05:58+09:00,cpu-mixed-1h,48.0,39.0,40.0,1461
2026-09-27T07:06:03+09:00,cpu-mixed-1h,49.0,39.0,40.0,1403
2026-09-27T07:06:08+09:00,cpu-mixed-1h,55.0,39.0,40.0,1299
2026-09-27T07:06:13+09:00,cpu-mixed-1h,51.0,39.0,40.0,1232
2026-09-27T07:06:18+09:00,cpu-mixed-1h,56.0,39.0,40.0,1318
2026-09-27T07:06:23+09:00,cpu-mixed-1h,50.0,39.0,40.0,1395
2026-09-27T07:06:28+09:00,cpu-mixed-1h,54.0,39.0,40.0,1313
2026-09-27T07:06:33+09:00,cpu-mixed-1h,53.0,39.0,40.0,1226
2026-09-27T07:06:38+09:00,cpu-mixed-1h,54.0,39.0,40.0,1223
2026-09-27T07:06:43+09:00,cpu-mixed-1h,50.0,39.0,40.0,1223
2026-09-27T07:06:48+09:00,cpu-mixed-1h,50.0,39.0,40.0,1202
2026-09-27T07:06:53+09:00,cpu-mixed-1h,50.0,39.0,40.0,1145
2026-09-27T07:06:58+09:00,cpu-mixed-1h,54.0,39.0,40.0,1284
2026-09-27T07:07:03+09:00,cpu-mixed-1h,55.0,39.0,40.0,1346
2026-09-27T07:07:08+09:00,cpu-mixed-1h,51.0,39.0,40.0,1283
2026-09-27T07:07:13+09:00,cpu-mixed-1h,54.0,39.0,40.0,1161
2026-09-27T07:07:18+09:00,cpu-mixed-1h,58.0,39.0,40.0,1203
2026-09-27T07:07:23+09:00,cpu-mixed-1h,49.0,39.0,40.0,1439
2026-09-27T07:07:28+09:00,cpu-mixed-1h,50.0,39.0,40.0,1418
2026-09-27T07:07:33+09:00,cpu-mixed-1h,52.0,39.0,40.0,1312
2026-09-27T07:07:38+09:00,cpu-mixed-1h,54.0,39.0,40.0,1214
2026-09-27T07:07:44+09:00,cpu-mixed-1h,55.0,39.0,40.0,1173
2026-09-27T07:07:49+09:00,cpu-mixed-1h,55.0,39.0,40.0,1237
2026-09-27T07:07:54+09:00,cpu-mixed-1h,51.0,39.0,40.0,1392
2026-09-27T07:07:59+09:00,cpu-mixed-1h,50.0,39.0,40.0,1444
2026-09-27T07:08:04+09:00,cpu-mixed-1h,54.0,39.0,40.0,1531
2026-09-27T07:08:09+09:00,cpu-mixed-1h,52.0,39.0,40.0,1467
2026-09-27T07:08:14+09:00,cpu-mixed-1h,51.0,39.0,40.0,1359
2026-09-27T07:08:19+09:00,cpu-mixed-1h,55.0,39.0,40.0,1253
2026-09-27T07:08:24+09:00,cpu-mixed-1h,50.0,39.0,40.0,1221
2026-09-27T07:08:29+09:00,cpu-mixed-1h,51.0,39.0,40.0,1291
2026-09-27T07:08:34+09:00,cpu-mixed-1h,50.0,39.0,40.0,1331
2026-09-27T07:08:39+09:00,cpu-mixed-1h,56.0,39.0,40.0,1280
2026-09-27T07:08:44+09:00,cpu-mixed-1h,52.0,39.0,40.0,1326
2026-09-27T07:08:49+09:00,cpu-mixed-1h,57.0,39.0,40.0,1379
2026-09-27T07:08:54+09:00,cpu-mixed-1h,52.0,39.0,40.0,1471
2026-09-27T07:08:59+09:00,cpu-mixed-1h,55.0,39.0,40.0,1416
2026-09-27T07:09:04+09:00,cpu-mixed-1h,50.0,39.0,40.0,1371
2026-09-27T07:09:09+09:00,cpu-mixed-1h,51.0,39.0,40.0,1309
2026-09-27T07:09:14+09:00,cpu-mixed-1h,54.0,39.0,40.0,1261
2026-09-27T07:09:19+09:00,cpu-mixed-1h,49.0,39.0,40.0,1276
2026-09-27T07:09:24+09:00,cpu-mixed-1h,51.0,39.0,40.0,1248
2026-09-27T07:09:29+09:00,cpu-mixed-1h,54.0,39.0,40.0,1274
2026-09-27T07:09:34+09:00,cpu-mixed-1h,56.0,39.0,40.0,1231
2026-09-27T07:09:39+09:00,cpu-mixed-1h,58.0,39.0,40.0,1274
2026-09-27T07:09:44+09:00,cpu-mixed-1h,58.0,39.0,40.0,1385
2026-09-27T07:09:49+09:00,cpu-mixed-1h,50.0,39.0,40.0,1465
2026-09-27T07:09:54+09:00,cpu-mixed-1h,50.0,39.0,40.0,1470
2026-09-27T07:09:59+09:00,cpu-mixed-1h,51.0,39.0,40.0,1390
2026-09-27T07:10:04+09:00,cpu-mixed-1h,55.0,39.0,40.0,1279
2026-09-27T07:10:10+09:00,cpu-mixed-1h,55.0,39.0,40.0,1228
2026-09-27T07:10:15+09:00,cpu-mixed-1h,59.0,39.0,40.0,1224
2026-09-27T07:10:20+09:00,cpu-mixed-1h,51.0,39.0,40.0,1410
2026-09-27T07:10:25+09:00,cpu-mixed-1h,51.0,39.0,40.0,1457
2026-09-27T07:10:30+09:00,cpu-mixed-1h,50.0,39.0,40.0,1438
2026-09-27T07:10:35+09:00,cpu-mixed-1h,52.0,39.0,40.0,1383
2026-09-27T07:10:40+09:00,cpu-mixed-1h,54.0,39.0,40.0,1311
2026-09-27T07:10:45+09:00,cpu-mixed-1h,54.0,39.0,40.0,1347
2026-09-27T07:10:50+09:00,cpu-mixed-1h,51.0,39.0,40.0,1311
2026-09-27T07:10:55+09:00,cpu-mixed-1h,58.0,39.0,40.0,1210
2026-09-27T07:11:00+09:00,cpu-mixed-1h,56.0,39.0,40.0,1346
2026-09-27T07:11:05+09:00,cpu-mixed-1h,54.0,39.0,40.0,1438
2026-09-27T07:11:10+09:00,cpu-mixed-1h,56.0,39.0,40.0,1476
2026-09-27T07:11:15+09:00,cpu-mixed-1h,55.0,39.0,40.0,1436
2026-09-27T07:11:20+09:00,cpu-mixed-1h,51.0,39.0,40.0,1478
2026-09-27T07:11:25+09:00,cpu-mixed-1h,59.0,39.0,40.0,1466
2026-09-27T07:11:30+09:00,cpu-mixed-1h,51.0,39.0,40.0,1536
2026-09-27T07:11:35+09:00,cpu-mixed-1h,56.0,39.0,40.0,1477
2026-09-27T07:11:40+09:00,cpu-mixed-1h,59.0,39.0,40.0,1377
2026-09-27T07:11:45+09:00,cpu-mixed-1h,52.0,39.0,40.0,1423
2026-09-27T07:11:50+09:00,cpu-mixed-1h,57.0,39.0,40.0,1462
2026-09-27T07:11:55+09:00,cpu-mixed-1h,55.0,39.0,40.0,1405
2026-09-27T07:12:00+09:00,cpu-mixed-1h,58.0,39.0,40.0,1307
2026-09-27T07:12:05+09:00,cpu-mixed-1h,55.0,39.0,40.0,1419
2026-09-27T07:12:10+09:00,cpu-mixed-1h,53.0,39.0,40.0,1459
2026-09-27T07:12:15+09:00,cpu-mixed-1h,50.0,39.0,40.0,1391
2026-09-27T07:12:20+09:00,cpu-mixed-1h,53.0,39.0,40.0,1358
2026-09-27T07:12:25+09:00,cpu-mixed-1h,51.0,39.0,40.0,1282
2026-09-27T07:12:31+09:00,cpu-mixed-1h,55.0,39.0,40.0,1288
2026-09-27T07:12:36+09:00,cpu-mixed-1h,52.0,39.0,40.0,1373
2026-09-27T07:12:41+09:00,cpu-mixed-1h,50.0,39.0,40.0,1462
2026-09-27T07:12:46+09:00,cpu-mixed-1h,51.0,39.0,40.0,1513
2026-09-27T07:12:51+09:00,cpu-mixed-1h,55.0,39.0,40.0,1528
2026-09-27T07:12:56+09:00,cpu-mixed-1h,54.0,39.0,40.0,1444
2026-09-27T07:13:01+09:00,cpu-mixed-1h,55.0,39.0,40.0,1426
2026-09-27T07:13:06+09:00,cpu-mixed-1h,49.0,39.0,40.0,1396
2026-09-27T07:13:11+09:00,cpu-mixed-1h,49.0,39.0,40.0,1413
2026-09-27T07:13:16+09:00,cpu-mixed-1h,51.0,39.0,40.0,1336
2026-09-27T07:13:21+09:00,cpu-mixed-1h,54.0,39.0,40.0,1371
2026-09-27T07:13:26+09:00,cpu-mixed-1h,51.0,39.0,40.0,1392
2026-09-27T07:13:31+09:00,cpu-mixed-1h,49.0,39.0,40.0,1295
2026-09-27T07:13:36+09:00,cpu-mixed-1h,59.0,39.0,40.0,1335
2026-09-27T07:13:41+09:00,cpu-mixed-1h,54.0,39.0,40.0,1456
2026-09-27T07:13:46+09:00,cpu-mixed-1h,54.0,39.0,40.0,1388
2026-09-27T07:13:51+09:00,cpu-mixed-1h,51.0,39.0,40.0,1360
2026-09-27T07:13:56+09:00,cpu-mixed-1h,57.0,39.0,40.0,1328
2026-09-27T07:14:01+09:00,cpu-mixed-1h,53.0,39.0,40.0,1339
2026-09-27T07:14:06+09:00,cpu-mixed-1h,57.0,39.0,40.0,1335
2026-09-27T07:14:11+09:00,cpu-mixed-1h,50.0,39.0,40.0,1343
2026-09-27T07:14:16+09:00,cpu-mixed-1h,56.0,39.0,40.0,1330
2026-09-27T07:14:21+09:00,cpu-mixed-1h,50.0,39.0,40.0,1391
2026-09-27T07:14:26+09:00,cpu-mixed-1h,59.0,39.0,40.0,1462
2026-09-27T07:14:31+09:00,cpu-mixed-1h,49.0,39.0,40.0,1481
2026-09-27T07:14:36+09:00,cpu-mixed-1h,53.0,39.0,40.0,1462
2026-09-27T07:14:41+09:00,cpu-mixed-1h,51.0,39.0,40.0,1372
2026-09-27T07:14:46+09:00,cpu-mixed-1h,56.0,39.0,40.0,1357
2026-09-27T07:14:52+09:00,cpu-mixed-1h,57.0,39.0,40.0,1348
2026-09-27T07:14:57+09:00,cpu-mixed-1h,53.0,39.0,40.0,1341
2026-09-27T07:15:02+09:00,cpu-mixed-1h,50.0,39.0,40.0,1363
2026-09-27T07:15:07+09:00,cpu-mixed-1h,49.0,39.0,40.0,1419
2026-09-27T07:15:12+09:00,cpu-mixed-1h,49.0,39.0,40.0,1478
2026-09-27T07:15:17+09:00,cpu-mixed-1h,57.0,39.0,40.0,1425
2026-09-27T07:15:22+09:00,cpu-mixed-1h,56.0,39.0,40.0,1369
2026-09-27T07:15:27+09:00,cpu-mixed-1h,51.0,39.0,40.0,1340
2026-09-27T07:15:32+09:00,cpu-mixed-1h,51.0,39.0,40.0,1256
2026-09-27T07:15:37+09:00,cpu-mixed-1h,59.0,39.0,40.0,1332
2026-09-27T07:15:42+09:00,cpu-mixed-1h,55.0,39.0,40.0,1462
2026-09-27T07:15:47+09:00,cpu-mixed-1h,57.0,39.0,40.0,1459
2026-09-27T07:15:52+09:00,cpu-mixed-1h,50.0,39.0,40.0,1401
2026-09-27T07:15:57+09:00,cpu-mixed-1h,56.0,39.0,40.0,1475
2026-09-27T07:16:02+09:00,cpu-mixed-1h,52.0,39.0,40.0,1458
2026-09-27T07:16:07+09:00,cpu-mixed-1h,51.0,39.0,40.0,1353
2026-09-27T07:16:12+09:00,cpu-mixed-1h,54.0,39.0,40.0,1354
2026-09-27T07:16:17+09:00,cpu-mixed-1h,52.0,39.0,40.0,1395
2026-09-27T07:16:22+09:00,cpu-mixed-1h,57.0,39.0,40.0,1365
2026-09-27T07:16:27+09:00,cpu-mixed-1h,60.0,39.0,40.0,1515
2026-09-27T07:16:32+09:00,cpu-mixed-1h,55.0,39.0,40.0,1554
2026-09-27T07:16:37+09:00,cpu-mixed-1h,49.0,39.0,40.0,1565
2026-09-27T07:16:42+09:00,cpu-mixed-1h,49.0,39.0,40.0,1552
2026-09-27T07:16:47+09:00,cpu-mixed-1h,52.0,39.0,40.0,1470
2026-09-27T07:16:52+09:00,cpu-mixed-1h,51.0,39.0,40.0,1416
2026-09-27T07:16:57+09:00,cpu-mixed-1h,56.0,39.0,40.0,1402
2026-09-27T07:17:02+09:00,cpu-mixed-1h,56.0,39.0,40.0,1322
2026-09-27T07:17:08+09:00,cpu-mixed-1h,51.0,39.0,40.0,1323
2026-09-27T07:17:13+09:00,cpu-mixed-1h,53.0,39.0,40.0,1407
2026-09-27T07:17:18+09:00,cpu-mixed-1h,50.0,39.0,40.0,1347
2026-09-27T07:17:23+09:00,cpu-mixed-1h,50.0,39.0,40.0,1276
2026-09-27T07:17:28+09:00,cpu-mixed-1h,50.0,39.0,40.0,1325
2026-09-27T07:17:33+09:00,cpu-mixed-1h,49.0,39.0,40.0,1348
2026-09-27T07:17:38+09:00,cpu-mixed-1h,51.0,39.0,40.0,1315
2026-09-27T07:17:43+09:00,cpu-mixed-1h,54.0,39.0,40.0,1456
2026-09-27T07:17:48+09:00,cpu-mixed-1h,51.0,39.0,40.0,1445
2026-09-27T07:17:53+09:00,cpu-mixed-1h,54.0,39.0,40.0,1430
2026-09-27T07:17:58+09:00,cpu-mixed-1h,52.0,39.0,40.0,1369
2026-09-27T07:18:03+09:00,cpu-mixed-1h,51.0,39.0,40.0,1251
2026-09-27T07:18:08+09:00,cpu-mixed-1h,54.0,39.0,40.0,1233
2026-09-27T07:18:13+09:00,cpu-mixed-1h,53.0,39.0,40.0,1492
2026-09-27T07:18:18+09:00,cpu-mixed-1h,55.0,39.0,40.0,1484
2026-09-27T07:18:23+09:00,cpu-mixed-1h,51.0,39.0,40.0,1373
2026-09-27T07:18:28+09:00,cpu-mixed-1h,56.0,39.0,40.0,1244
2026-09-27T07:18:33+09:00,cpu-mixed-1h,55.0,39.0,40.0,1305
2026-09-27T07:18:38+09:00,cpu-mixed-1h,55.0,39.0,40.0,1329
2026-09-27T07:18:43+09:00,cpu-mixed-1h,54.0,39.0,40.0,1403
2026-09-27T07:18:48+09:00,cpu-mixed-1h,51.0,39.0,40.0,1367
2026-09-27T07:18:53+09:00,cpu-mixed-1h,52.0,39.0,40.0,1410
2026-09-27T07:18:58+09:00,cpu-mixed-1h,54.0,39.0,40.0,1479
2026-09-27T07:19:03+09:00,cpu-mixed-1h,53.0,39.0,40.0,1421
2026-09-27T07:19:08+09:00,cpu-mixed-1h,58.0,39.0,40.0,1348
2026-09-27T07:19:13+09:00,cpu-mixed-1h,52.0,39.0,40.0,1503
2026-09-27T07:19:18+09:00,cpu-mixed-1h,54.0,39.0,40.0,1499
2026-09-27T07:19:23+09:00,cpu-mixed-1h,53.0,39.0,40.0,1476
2026-09-27T07:19:28+09:00,cpu-mixed-1h,50.0,39.0,40.0,1467
2026-09-27T07:19:33+09:00,cpu-mixed-1h,58.0,39.0,40.0,1372
2026-09-27T07:19:39+09:00,cpu-mixed-1h,55.0,39.0,40.0,1395
2026-09-27T07:19:44+09:00,cpu-mixed-1h,54.0,39.0,40.0,1426
2026-09-27T07:19:49+09:00,cpu-mixed-1h,54.0,39.0,40.0,1481
2026-09-27T07:19:54+09:00,cpu-mixed-1h,54.0,39.0,40.0,1430
2026-09-27T07:19:59+09:00,cpu-mixed-1h,50.0,39.0,40.0,1328
2026-09-27T07:20:04+09:00,cpu-mixed-1h,54.0,39.0,40.0,1229
2026-09-27T07:20:09+09:00,cpu-mixed-1h,50.0,39.0,40.0,1185
2026-09-27T07:20:14+09:00,cpu-mixed-1h,55.0,39.0,40.0,1216
2026-09-27T07:20:19+09:00,cpu-mixed-1h,50.0,39.0,40.0,1223
2026-09-27T07:20:24+09:00,cpu-mixed-1h,54.0,39.0,40.0,1189
2026-09-27T07:20:29+09:00,cpu-mixed-1h,53.0,39.0,40.0,1250
2026-09-27T07:20:34+09:00,cpu-mixed-1h,54.0,39.0,40.0,1339
2026-09-27T07:20:39+09:00,cpu-mixed-1h,50.0,39.0,40.0,1301
2026-09-27T07:20:44+09:00,cpu-mixed-1h,51.0,39.0,40.0,1394
2026-09-27T07:20:49+09:00,cpu-mixed-1h,56.0,39.0,40.0,1435
2026-09-27T07:20:54+09:00,cpu-mixed-1h,52.0,39.0,40.0,1472
2026-09-27T07:20:59+09:00,cpu-mixed-1h,56.0,39.0,40.0,1441
2026-09-27T07:21:04+09:00,cpu-mixed-1h,57.0,39.0,40.0,1481
2026-09-27T07:21:09+09:00,cpu-mixed-1h,57.0,39.0,40.0,1429
2026-09-27T07:21:14+09:00,cpu-mixed-1h,52.0,39.0,40.0,1376
2026-09-27T07:21:19+09:00,cpu-mixed-1h,59.0,39.0,40.0,1321
2026-09-27T07:21:24+09:00,cpu-mixed-1h,51.0,39.0,40.0,1437
2026-09-27T07:21:29+09:00,cpu-mixed-1h,51.0,39.0,40.0,1441
2026-09-27T07:21:34+09:00,cpu-mixed-1h,50.0,39.0,40.0,1406
2026-09-27T07:21:39+09:00,cpu-mixed-1h,59.0,39.0,40.0,1465
2026-09-27T07:21:44+09:00,cpu-mixed-1h,57.0,39.0,40.0,1464
2026-09-27T07:21:49+09:00,cpu-mixed-1h,58.0,39.0,40.0,1400
2026-09-27T07:21:55+09:00,cpu-mixed-1h,50.0,39.0,40.0,1460
2026-09-27T07:22:00+09:00,cpu-mixed-1h,56.0,39.0,40.0,1442
2026-09-27T07:22:05+09:00,cpu-mixed-1h,50.0,39.0,40.0,1413
2026-09-27T07:22:10+09:00,cpu-mixed-1h,50.0,39.0,40.0,1470
2026-09-27T07:22:15+09:00,cpu-mixed-1h,51.0,39.0,40.0,1485
2026-09-27T07:22:20+09:00,cpu-mixed-1h,53.0,39.0,40.0,1464
2026-09-27T07:22:25+09:00,cpu-mixed-1h,53.0,39.0,40.0,1377
2026-09-27T07:22:30+09:00,cpu-mixed-1h,55.0,39.0,40.0,1275
2026-09-27T07:22:35+09:00,cpu-mixed-1h,52.0,39.0,40.0,1282
2026-09-27T07:22:40+09:00,cpu-mixed-1h,58.0,39.0,40.0,1228
2026-09-27T07:22:45+09:00,cpu-mixed-1h,50.0,39.0,40.0,1367
2026-09-27T07:22:50+09:00,cpu-mixed-1h,49.0,39.0,40.0,1373
2026-09-27T07:22:55+09:00,cpu-mixed-1h,50.0,39.0,40.0,1265
2026-09-27T07:23:00+09:00,cpu-mixed-1h,51.0,39.0,40.0,1259
2026-09-27T07:23:05+09:00,cpu-mixed-1h,53.0,39.0,40.0,1279
2026-09-27T07:23:10+09:00,cpu-mixed-1h,49.0,39.0,40.0,1285
2026-09-27T07:23:15+09:00,cpu-mixed-1h,49.0,39.0,40.0,1231
2026-09-27T07:23:20+09:00,cpu-mixed-1h,50.0,39.0,40.0,1413
2026-09-27T07:23:25+09:00,cpu-mixed-1h,56.0,39.0,40.0,1455
2026-09-27T07:23:30+09:00,cpu-mixed-1h,56.0,39.0,40.0,1478
2026-09-27T07:23:35+09:00,cpu-mixed-1h,51.0,39.0,40.0,1545
2026-09-27T07:23:40+09:00,cpu-mixed-1h,52.0,39.0,40.0,1494
2026-09-27T07:23:45+09:00,cpu-mixed-1h,59.0,39.0,40.0,1381
2026-09-27T07:23:50+09:00,cpu-mixed-1h,56.0,39.0,40.0,1443
2026-09-27T07:23:55+09:00,cpu-mixed-1h,54.0,39.0,40.0,1456
2026-09-27T07:24:00+09:00,cpu-mixed-1h,57.0,39.0,40.0,1420
2026-09-27T07:24:05+09:00,cpu-mixed-1h,52.0,39.0,40.0,1471
2026-09-27T07:24:10+09:00,cpu-mixed-1h,59.0,39.0,40.0,1407
2026-09-27T07:24:15+09:00,cpu-mixed-1h,55.0,39.0,40.0,1446
2026-09-27T07:24:21+09:00,cpu-mixed-1h,54.0,39.0,40.0,1481
2026-09-27T07:24:26+09:00,cpu-mixed-1h,53.0,39.0,40.0,1485
2026-09-27T07:24:31+09:00,cpu-mixed-1h,56.0,39.0,40.0,1403
2026-09-27T07:24:36+09:00,cpu-mixed-1h,56.0,39.0,40.0,1355
2026-09-27T07:24:41+09:00,cpu-mixed-1h,58.0,39.0,40.0,1351
2026-09-27T07:24:46+09:00,cpu-mixed-1h,51.0,39.0,40.0,1392
2026-09-27T07:24:51+09:00,cpu-mixed-1h,54.0,39.0,40.0,1396
2026-09-27T07:24:56+09:00,cpu-mixed-1h,51.0,39.0,40.0,1420
2026-09-27T07:25:01+09:00,cpu-mixed-1h,58.0,39.0,40.0,1374
2026-09-27T07:25:06+09:00,cpu-mixed-1h,51.0,39.0,40.0,1397
2026-09-27T07:25:11+09:00,cpu-mixed-1h,54.0,39.0,40.0,1413
2026-09-27T07:25:16+09:00,cpu-mixed-1h,50.0,39.0,40.0,1424
2026-09-27T07:25:21+09:00,cpu-mixed-1h,50.0,39.0,40.0,1387
2026-09-27T07:25:26+09:00,cpu-mixed-1h,57.0,39.0,40.0,1420
2026-09-27T07:25:31+09:00,cpu-mixed-1h,56.0,39.0,40.0,1406
2026-09-27T07:25:36+09:00,cpu-mixed-1h,51.0,39.0,40.0,1325
2026-09-27T07:25:41+09:00,cpu-mixed-1h,54.0,39.0,40.0,1260
2026-09-27T07:25:46+09:00,cpu-mixed-1h,50.0,39.0,40.0,1480
2026-09-27T07:25:51+09:00,cpu-mixed-1h,52.0,39.0,40.0,1502
2026-09-27T07:25:56+09:00,cpu-mixed-1h,53.0,39.0,40.0,1407
2026-09-27T07:26:01+09:00,cpu-mixed-1h,58.0,39.0,40.0,1311
2026-09-27T07:26:06+09:00,cpu-mixed-1h,51.0,39.0,40.0,1373
2026-09-27T07:26:11+09:00,cpu-mixed-1h,54.0,39.0,40.0,1387
2026-09-27T07:26:16+09:00,cpu-mixed-1h,55.0,39.0,40.0,1307
2026-09-27T07:26:21+09:00,cpu-mixed-1h,54.0,39.0,40.0,1292
2026-09-27T07:26:26+09:00,cpu-mixed-1h,51.0,39.0,40.0,1262
2026-09-27T07:26:31+09:00,cpu-mixed-1h,49.0,39.0,40.0,1301
2026-09-27T07:26:36+09:00,cpu-mixed-1h,53.0,39.0,40.0,1358
2026-09-27T07:26:42+09:00,cpu-mixed-1h,54.0,39.0,40.0,1328
2026-09-27T07:26:47+09:00,cpu-mixed-1h,51.0,39.0,40.0,1305
2026-09-27T07:26:52+09:00,cpu-mixed-1h,51.0,39.0,40.0,1380
2026-09-27T07:26:57+09:00,cpu-mixed-1h,49.0,39.0,40.0,1409
2026-09-27T07:27:02+09:00,cpu-mixed-1h,55.0,39.0,40.0,1325
2026-09-27T07:27:07+09:00,cpu-mixed-1h,59.0,39.0,40.0,1241
2026-09-27T07:27:12+09:00,cpu-mixed-1h,51.0,39.0,40.0,1446
2026-09-27T07:27:17+09:00,cpu-mixed-1h,50.0,39.0,40.0,1528
2026-09-27T07:27:22+09:00,cpu-mixed-1h,50.0,39.0,40.0,1446
2026-09-27T07:27:27+09:00,cpu-mixed-1h,51.0,39.0,40.0,1370
2026-09-27T07:27:32+09:00,cpu-mixed-1h,55.0,39.0,40.0,1380
2026-09-27T07:27:37+09:00,cpu-mixed-1h,50.0,39.0,40.0,1467
2026-09-27T07:27:42+09:00,cpu-mixed-1h,51.0,39.0,40.0,1437
2026-09-27T07:27:47+09:00,cpu-mixed-1h,58.0,39.0,40.0,1457
2026-09-27T07:27:52+09:00,cpu-mixed-1h,51.0,39.0,40.0,1477
2026-09-27T07:27:57+09:00,cpu-mixed-1h,58.0,39.0,40.0,1391
2026-09-27T07:28:02+09:00,cpu-mixed-1h,55.0,39.0,40.0,1403
2026-09-27T07:28:07+09:00,cpu-mixed-1h,51.0,39.0,40.0,1385
2026-09-27T07:28:12+09:00,cpu-mixed-1h,55.0,39.0,40.0,1385
2026-09-27T07:28:17+09:00,cpu-mixed-1h,55.0,39.0,40.0,1396
2026-09-27T07:28:22+09:00,cpu-mixed-1h,59.0,39.0,40.0,1331
2026-09-27T07:28:27+09:00,cpu-mixed-1h,55.0,39.0,40.0,1443
2026-09-27T07:28:32+09:00,cpu-mixed-1h,53.0,39.0,40.0,1449
2026-09-27T07:28:37+09:00,cpu-mixed-1h,52.0,39.0,40.0,1376
2026-09-27T07:28:42+09:00,cpu-mixed-1h,48.0,39.0,40.0,1366
2026-09-27T07:28:47+09:00,cpu-mixed-1h,49.0,39.0,40.0,1463
2026-09-27T07:28:52+09:00,cpu-mixed-1h,54.0,39.0,40.0,1433
2026-09-27T07:28:57+09:00,cpu-mixed-1h,52.0,39.0,40.0,1332
2026-09-27T07:29:02+09:00,cpu-mixed-1h,55.0,39.0,40.0,1298
2026-09-27T07:29:08+09:00,cpu-mixed-1h,55.0,39.0,40.0,1449
2026-09-27T07:29:13+09:00,cpu-mixed-1h,55.0,39.0,40.0,1428
2026-09-27T07:29:18+09:00,cpu-mixed-1h,54.0,39.0,40.0,1347
2026-09-27T07:29:23+09:00,cpu-mixed-1h,53.0,39.0,40.0,1265
2026-09-27T07:29:28+09:00,cpu-mixed-1h,50.0,39.0,40.0,1270
2026-09-27T07:29:33+09:00,cpu-mixed-1h,58.0,39.0,40.0,1289
2026-09-27T07:29:38+09:00,cpu-mixed-1h,53.0,39.0,40.0,1420
2026-09-27T07:29:43+09:00,cpu-mixed-1h,54.0,39.0,40.0,1529
2026-09-27T07:29:48+09:00,cpu-mixed-1h,55.0,39.0,40.0,1460
2026-09-27T07:29:53+09:00,cpu-mixed-1h,50.0,39.0,40.0,1354
2026-09-27T07:29:58+09:00,cpu-mixed-1h,50.0,39.0,40.0,1247
2026-09-27T07:30:03+09:00,cpu-mixed-1h,50.0,39.0,40.0,1220
2026-09-27T07:30:08+09:00,cpu-mixed-1h,54.0,39.0,40.0,1135
2026-09-27T07:30:13+09:00,cpu-mixed-1h,59.0,39.0,40.0,1211
2026-09-27T07:30:18+09:00,cpu-mixed-1h,55.0,39.0,40.0,1449
2026-09-27T07:30:23+09:00,cpu-mixed-1h,53.0,39.0,40.0,1466
2026-09-27T07:30:28+09:00,cpu-mixed-1h,55.0,39.0,40.0,1403
2026-09-27T07:30:33+09:00,cpu-mixed-1h,52.0,39.0,40.0,1471
2026-09-27T07:30:38+09:00,cpu-mixed-1h,54.0,39.0,40.0,1429
2026-09-27T07:30:43+09:00,cpu-mixed-1h,52.0,39.0,40.0,1363
2026-09-27T07:30:48+09:00,cpu-mixed-1h,56.0,39.0,40.0,1389
2026-09-27T07:30:53+09:00,cpu-mixed-1h,50.0,39.0,40.0,1407
2026-09-27T07:30:58+09:00,cpu-mixed-1h,58.0,39.0,40.0,1316
2026-09-27T07:31:03+09:00,cpu-mixed-1h,51.0,39.0,40.0,1398
2026-09-27T07:31:08+09:00,cpu-mixed-1h,54.0,39.0,40.0,1480
2026-09-27T07:31:13+09:00,cpu-mixed-1h,55.0,39.0,40.0,1460
2026-09-27T07:31:18+09:00,cpu-mixed-1h,53.0,39.0,40.0,1364
2026-09-27T07:31:23+09:00,cpu-mixed-1h,51.0,39.0,40.0,1337
2026-09-27T07:31:29+09:00,cpu-mixed-1h,54.0,39.0,40.0,1352
2026-09-27T07:31:34+09:00,cpu-mixed-1h,52.0,39.0,40.0,1382
2026-09-27T07:31:39+09:00,cpu-mixed-1h,56.0,39.0,40.0,1414
2026-09-27T07:31:44+09:00,cpu-mixed-1h,50.0,39.0,40.0,1414
2026-09-27T07:31:49+09:00,cpu-mixed-1h,51.0,39.0,40.0,1409
2026-09-27T07:31:54+09:00,cpu-mixed-1h,50.0,39.0,40.0,1314
2026-09-27T07:31:59+09:00,cpu-mixed-1h,53.0,39.0,40.0,1256
2026-09-27T07:32:04+09:00,cpu-mixed-1h,51.0,39.0,40.0,1373
2026-09-27T07:32:09+09:00,cpu-mixed-1h,57.0,39.0,40.0,1473
2026-09-27T07:32:14+09:00,cpu-mixed-1h,50.0,39.0,40.0,1423
2026-09-27T07:32:19+09:00,cpu-mixed-1h,53.0,39.0,40.0,1409
2026-09-27T07:32:24+09:00,cpu-mixed-1h,51.0,39.0,40.0,1417
2026-09-27T07:32:29+09:00,cpu-mixed-1h,50.0,39.0,40.0,1419
2026-09-27T07:32:34+09:00,cpu-mixed-1h,55.0,39.0,40.0,1337
2026-09-27T07:32:39+09:00,cpu-mixed-1h,56.0,39.0,40.0,1241
2026-09-27T07:32:44+09:00,cpu-mixed-1h,51.0,39.0,40.0,1308
2026-09-27T07:32:49+09:00,cpu-mixed-1h,53.0,39.0,40.0,1402
2026-09-27T07:32:54+09:00,cpu-mixed-1h,50.0,39.0,40.0,1356
2026-09-27T07:32:59+09:00,cpu-mixed-1h,51.0,39.0,40.0,1266
2026-09-27T07:33:04+09:00,cpu-mixed-1h,58.0,39.0,40.0,1177
2026-09-27T07:33:09+09:00,cpu-mixed-1h,53.0,39.0,40.0,1326
2026-09-27T07:33:14+09:00,cpu-mixed-1h,56.0,39.0,40.0,1383
2026-09-27T07:33:19+09:00,cpu-mixed-1h,50.0,39.0,40.0,1305
2026-09-27T07:33:24+09:00,cpu-mixed-1h,50.0,39.0,40.0,1341
2026-09-27T07:33:29+09:00,cpu-mixed-1h,49.0,39.0,40.0,1302
2026-09-27T07:33:34+09:00,cpu-mixed-1h,55.0,39.0,40.0,1273
2026-09-27T07:33:39+09:00,cpu-mixed-1h,53.0,39.0,40.0,1397
2026-09-27T07:33:45+09:00,cpu-mixed-1h,50.0,39.0,40.0,1379
2026-09-27T07:33:50+09:00,cpu-mixed-1h,49.0,39.0,40.0,1411
2026-09-27T07:33:55+09:00,cpu-mixed-1h,50.0,39.0,40.0,1374
2026-09-27T07:34:00+09:00,cpu-mixed-1h,52.0,39.0,40.0,1393
2026-09-27T07:34:05+09:00,cpu-mixed-1h,54.0,39.0,40.0,1401
2026-09-27T07:34:10+09:00,cpu-mixed-1h,52.0,39.0,40.0,1321
2026-09-27T07:34:15+09:00,cpu-mixed-1h,54.0,39.0,40.0,1234
2026-09-27T07:34:20+09:00,cpu-mixed-1h,49.0,39.0,40.0,1223
2026-09-27T07:34:25+09:00,cpu-mixed-1h,54.0,39.0,40.0,1191
2026-09-27T07:34:30+09:00,cpu-mixed-1h,56.0,39.0,40.0,1216
2026-09-27T07:34:35+09:00,cpu-mixed-1h,55.0,39.0,40.0,1270
2026-09-27T07:34:40+09:00,cpu-mixed-1h,53.0,39.0,40.0,1271
2026-09-27T07:34:45+09:00,cpu-mixed-1h,50.0,39.0,40.0,1299
2026-09-27T07:34:50+09:00,cpu-mixed-1h,59.0,39.0,40.0,1332
2026-09-27T07:34:55+09:00,cpu-mixed-1h,50.0,39.0,40.0,1437
2026-09-27T07:35:00+09:00,cpu-mixed-1h,59.0,39.0,40.0,1448
2026-09-27T07:35:05+09:00,cpu-mixed-1h,50.0,39.0,40.0,1473
2026-09-27T07:35:10+09:00,cpu-mixed-1h,51.0,39.0,40.0,1460
2026-09-27T07:35:15+09:00,cpu-mixed-1h,59.0,39.0,40.0,1431
2026-09-27T07:35:20+09:00,cpu-mixed-1h,58.0,39.0,40.0,1470
2026-09-27T07:35:25+09:00,cpu-mixed-1h,57.0,39.0,40.0,1476
2026-09-27T07:35:30+09:00,cpu-mixed-1h,55.0,39.0,40.0,1425
2026-09-27T07:35:35+09:00,cpu-mixed-1h,49.0,39.0,40.0,1353
2026-09-27T07:35:40+09:00,final-cool,48.0,39.0,40.0,1392
